{
"type": "FeatureCollection",
"name": "maluku",
"crs": { "type": "name", "properties": { "name": "urn:ogc:def:crs:OGC:1.3:CRS84" } },
"features": [
{ "type": "Feature", "properties": { "KDPKAB": "81.01", "KDPPUM": "81", "WADMKK": "Maluku Tengah", "WADMPR": "Maluku", "METADATA": "TASWIL1000020230928_DATA_BATAS_KABUPATEN", "UPDATED": "Lapak GIS - 2024", "KPPN": "KPPN Masohi" }, "geometry": { "type": "MultiPolygon", "coordinates": [ [ [ [ 129.146957378680099, -6.951043194187959, 0.0 ], [ 129.158465467807105, -6.954695276265958, 0.0 ], [ 129.162190271763734, -6.9764447971896, 0.0 ], [ 129.146225324239396, -6.990543163136368, 0.0 ], [ 129.134688350686901, -6.988766735896127, 0.0 ], [ 129.12329272358042, -6.966915336173755, 0.0 ], [ 129.146957378680099, -6.951043194187959, 0.0 ] ] ], [ [ [ 129.517872500715356, -6.713994326976528, 0.0 ], [ 129.517741629572527, -6.714499962703061, 0.0 ], [ 129.51783086030602, -6.713994326976528, 0.0 ], [ 129.517872500715356, -6.713994326976528, 0.0 ] ] ], [ [ [ 129.517540999817328, -6.713024999903786, 0.0 ], [ 129.517204585922997, -6.713320464068121, 0.0 ], [ 129.51717603244802, -6.713006374944167, 0.0 ], [ 129.517540999817328, -6.713024999903786, 0.0 ] ] ], [ [ [ 129.532108260587876, -6.712488175688661, 0.0 ], [ 129.536750589767962, -6.723708524029152, 0.0 ], [ 129.523953839598136, -6.751375964429122, 0.0 ], [ 129.510112523274358, -6.762380714698128, 0.0 ], [ 129.492675251561707, -6.745607022146308, 0.0 ], [ 129.49559633590232, -6.760117017686155, 0.0 ], [ 129.489587791743219, -6.757095858586996, 0.0 ], [ 129.48643212734089, -6.743321230590275, 0.0 ], [ 129.494698375429664, -6.720535514402374, 0.0 ], [ 129.532108260587876, -6.712488175688661, 0.0 ] ] ], [ [ [ 129.527902180840982, -6.704345957599837, 0.0 ], [ 129.529948979361961, -6.702329733330518, 0.0 ], [ 129.530324934648064, -6.704123846638125, 0.0 ], [ 129.527902180840982, -6.704345957599837, 0.0 ] ] ], [ [ [ 129.783786447186856, -6.615755974958208, 0.0 ], [ 129.782435265275325, -6.616434190585422, 0.0 ], [ 129.783821357969373, -6.615127695087057, 0.0 ], [ 129.783786447186856, -6.615755974958208, 0.0 ] ] ], [ [ [ 129.989318902445461, -6.303701499724371, 0.0 ], [ 129.990589575248777, -6.303858488978057, 0.0 ], [ 129.990756136886233, -6.304243961789417, 0.0 ], [ 129.989318902445461, -6.303701499724371, 0.0 ] ] ], [ [ [ 129.998097815361888, -6.30393339261193, 0.0 ], [ 130.02092279505095, -6.301583675446202, 0.0 ], [ 130.031487602371044, -6.320762130867567, 0.0 ], [ 130.010929059028939, -6.319786551707888, 0.0 ], [ 129.998097815361888, -6.30393339261193, 0.0 ] ] ], [ [ [ 129.988463675058597, -6.303262087375376, 0.0 ], [ 129.982140257566925, -6.301162212665971, 0.0 ], [ 129.985450183579132, -6.295960699426732, 0.0 ], [ 129.988463675058597, -6.303262087375376, 0.0 ] ] ], [ [ [ 130.303368707999539, -5.5371448609465, 0.0 ], [ 130.310371128025139, -5.544888811569385, 0.0 ], [ 130.308469165319849, -5.548803071204737, 0.0 ], [ 130.301598323303978, -5.548810656086881, 0.0 ], [ 130.303368707999539, -5.5371448609465, 0.0 ] ] ], [ [ [ 130.049839079909702, -4.585317284864734, 0.0 ], [ 130.049560753226302, -4.585476604261787, 0.0 ], [ 130.049631824848944, -4.585150830246556, 0.0 ], [ 130.049839079909702, -4.585317284864734, 0.0 ] ] ], [ [ [ 130.046998210598986, -4.582852819601937, 0.0 ], [ 130.046998603602816, -4.583122055938096, 0.0 ], [ 130.046819394799286, -4.582888980442037, 0.0 ], [ 130.046998210598986, -4.582852819601937, 0.0 ] ] ], [ [ [ 130.036892539559062, -4.579044370601151, 0.0 ], [ 130.047637769767334, -4.583394219567507, 0.0 ], [ 130.049299965121321, -4.584960537298935, 0.0 ], [ 130.045284313220549, -4.608434609869308, 0.0 ], [ 130.033441682587608, -4.602340301863419, 0.0 ], [ 130.029957235038438, -4.58797031098104, 0.0 ], [ 130.036892539559062, -4.579044370601151, 0.0 ] ] ], [ [ [ 129.691420249045365, -4.541570965427669, 0.0 ], [ 129.68528719914508, -4.563022147054399, 0.0 ], [ 129.666836068629777, -4.56167645280601, 0.0 ], [ 129.691420249045365, -4.541570965427669, 0.0 ] ] ], [ [ [ 129.696767420979739, -4.534713464854503, 0.0 ], [ 129.69757284660966, -4.535226082018065, 0.0 ], [ 129.696679315298155, -4.536102946194001, 0.0 ], [ 129.696767420979739, -4.534713464854503, 0.0 ] ] ], [ [ [ 129.76391227263332, -4.522835974700426, 0.0 ], [ 129.784514300894358, -4.523191501886251, 0.0 ], [ 129.775281992969639, -4.537883315162874, 0.0 ], [ 129.76391227263332, -4.522835974700426, 0.0 ] ] ], [ [ [ 129.94675978523594, -4.507870709965259, 0.0 ], [ 129.944569346997838, -4.522513582136048, 0.0 ], [ 129.955492639373887, -4.531390329599974, 0.0 ], [ 129.95764514780538, -4.547826992221873, 0.0 ], [ 129.934007716982592, -4.572848866381987, 0.0 ], [ 129.917098305942147, -4.571123974791538, 0.0 ], [ 129.898542378328216, -4.556983995415001, 0.0 ], [ 129.887225997681782, -4.562015087126506, 0.0 ], [ 129.883007579236477, -4.552243498938216, 0.0 ], [ 129.868750455069517, -4.564281061221978, 0.0 ], [ 129.860971516322508, -4.557431569111595, 0.0 ], [ 129.862454351786994, -4.546553700592762, 0.0 ], [ 129.873623588957599, -4.54309142762728, 0.0 ], [ 129.921316611972117, -4.545329936427381, 0.0 ], [ 129.94675978523594, -4.507870709965259, 0.0 ] ] ], [ [ [ 129.879667568203729, -4.506274048208672, 0.0 ], [ 129.893406780898317, -4.512407822063283, 0.0 ], [ 129.889418039410998, -4.535734593776455, 0.0 ], [ 129.866515422149121, -4.526019422758123, 0.0 ], [ 129.879667568203729, -4.506274048208672, 0.0 ] ] ], [ [ [ 129.88643803328867, -4.502757950818717, 0.0 ], [ 129.888129121162052, -4.503382941869274, 0.0 ], [ 129.885637240066728, -4.503164837387333, 0.0 ], [ 129.88643803328867, -4.502757950818717, 0.0 ] ] ], [ [ [ 129.894859912654823, -4.502343660131805, 0.0 ], [ 129.906942369994454, -4.507187145170535, 0.0 ], [ 129.904946502778841, -4.5309003258893, 0.0 ], [ 129.894984967881982, -4.528496063942169, 0.0 ], [ 129.900961986306697, -4.517768678981307, 0.0 ], [ 129.894859912654823, -4.502343660131805, 0.0 ] ] ], [ [ [ 129.934267041890507, -4.495416320007076, 0.0 ], [ 129.938485856037431, -4.496073243285517, 0.0 ], [ 129.936704957367937, -4.500202875262429, 0.0 ], [ 129.934267041890507, -4.495416320007076, 0.0 ] ] ], [ [ [ 129.931105924898617, -4.486853364890811, 0.0 ], [ 129.930754424876909, -4.487045278416771, 0.0 ], [ 129.930897105017493, -4.486727982310493, 0.0 ], [ 129.931105924898617, -4.486853364890811, 0.0 ] ] ], [ [ [ 129.709147010726042, -4.324100680901635, 0.0 ], [ 129.706681082266215, -4.326077587710467, 0.0 ], [ 129.70759053967177, -4.32333623198147, 0.0 ], [ 129.709147010726042, -4.324100680901635, 0.0 ] ] ], [ [ [ 127.910882059259706, -3.681806571715887, 0.0 ], [ 127.915401806348299, -3.679195895574042, 0.0 ], [ 127.91430992326444, -3.68551611957322, 0.0 ], [ 127.910882059259706, -3.681806571715887, 0.0 ] ] ], [ [ [ 128.760901827357515, -3.674018824109362, 0.0 ], [ 128.760773113688288, -3.674219856760955, 0.0 ], [ 128.760780312761341, -3.674025972820319, 0.0 ], [ 128.760901827357515, -3.674018824109362, 0.0 ] ] ], [ [ [ 128.760887604579352, -3.673745943720322, 0.0 ], [ 128.760523023918495, -3.673911007986577, 0.0 ], [ 128.760515950750573, -3.673630948309528, 0.0 ], [ 128.760887604579352, -3.673745943720322, 0.0 ] ] ], [ [ [ 127.907356567551545, -3.671354401784191, 0.0 ], [ 127.90990082156577, -3.67514133360565, 0.0 ], [ 127.906575703306089, -3.67366495077677, 0.0 ], [ 127.907356567551545, -3.671354401784191, 0.0 ] ] ], [ [ [ 128.810879842430808, -3.670763500435184, 0.0 ], [ 128.810508167018384, -3.670720334775604, 0.0 ], [ 128.810629692406451, -3.670655731976405, 0.0 ], [ 128.810879842430808, -3.670763500435184, 0.0 ] ] ], [ [ [ 127.908511672975379, -3.654557064257061, 0.0 ], [ 127.903887305954427, -3.651910302818154, 0.0 ], [ 127.911267232596757, -3.648534740685674, 0.0 ], [ 127.908511672975379, -3.654557064257061, 0.0 ] ] ], [ [ [ 128.79460377444471, -3.641978525588454, 0.0 ], [ 128.794496521297447, -3.642150845585038, 0.0 ], [ 128.794432234160325, -3.64197130583104, 0.0 ], [ 128.79460377444471, -3.641978525588454, 0.0 ] ] ], [ [ [ 128.795218562686614, -3.641533445711856, 0.0 ], [ 128.794861140629251, -3.641734431598723, 0.0 ], [ 128.794882647915955, -3.641447197130423, 0.0 ], [ 128.795218562686614, -3.641533445711856, 0.0 ] ] ], [ [ [ 128.772540170692423, -3.638669960250398, 0.0 ], [ 128.784409269272402, -3.650873367411902, 0.0 ], [ 128.793138684402805, -3.641295996812735, 0.0 ], [ 128.803251427711331, -3.645980272171714, 0.0 ], [ 128.804845712559654, -3.644235641361673, 0.0 ], [ 128.80764628684679, -3.665851491553054, 0.0 ], [ 128.811393858939454, -3.673729354825797, 0.0 ], [ 128.806688292131071, -3.684485456938249, 0.0 ], [ 128.785613719597563, -3.695474682210767, 0.0 ], [ 128.761434155861707, -3.68812955393574, 0.0 ], [ 128.75991527467022, -3.647779320958902, 0.0 ], [ 128.770329192838034, -3.648133917346355, 0.0 ], [ 128.772540170692423, -3.638669960250398, 0.0 ] ] ], [ [ [ 128.401169129252025, -3.633761102592795, 0.0 ], [ 128.400829672051827, -3.633713005051112, 0.0 ], [ 128.40108593476819, -3.633473821359681, 0.0 ], [ 128.401169129252025, -3.633761102592795, 0.0 ] ] ], [ [ [ 128.65539591359061, -3.630695936068554, 0.0 ], [ 128.655619541708575, -3.631548155223088, 0.0 ], [ 128.654990645801661, -3.631356423360257, 0.0 ], [ 128.65539591359061, -3.630695936068554, 0.0 ] ] ], [ [ [ 128.609032583187201, -3.630846317103822, 0.0 ], [ 128.611327930939353, -3.657561400638068, 0.0 ], [ 128.604766418835197, -3.627040873637347, 0.0 ], [ 128.609032583187201, -3.630846317103822, 0.0 ] ] ], [ [ [ 128.354510633259224, -3.594335196412127, 0.0 ], [ 128.354259879789709, -3.594562959612871, 0.0 ], [ 128.354194583613236, -3.594346035940779, 0.0 ], [ 128.354510633259224, -3.594335196412127, 0.0 ] ] ], [ [ [ 128.35497148904301, -3.594004950068344, 0.0 ], [ 128.354726904023465, -3.594206710271378, 0.0 ], [ 128.354556550844279, -3.594118695421392, 0.0 ], [ 128.35497148904301, -3.594004950068344, 0.0 ] ] ], [ [ [ 128.573458240405614, -3.58904902099553, 0.0 ], [ 128.565948443565844, -3.595535434312838, 0.0 ], [ 128.566287517654899, -3.593364571617633, 0.0 ], [ 128.573458240405614, -3.58904902099553, 0.0 ] ] ], [ [ [ 128.377347044230817, -3.530840967236839, 0.0 ], [ 128.373828917970258, -3.532109952012588, 0.0 ], [ 128.379812085059683, -3.528312340741893, 0.0 ], [ 128.377347044230817, -3.530840967236839, 0.0 ] ] ], [ [ [ 128.407562285571117, -3.521276258192676, 0.0 ], [ 128.405746756707629, -3.521260543439267, 0.0 ], [ 128.407061553847768, -3.519887113199685, 0.0 ], [ 128.407562285571117, -3.521276258192676, 0.0 ] ] ], [ [ [ 128.449270382422299, -3.509956277560081, 0.0 ], [ 128.481237359216806, -3.519635141148816, 0.0 ], [ 128.500085544912025, -3.513527456626766, 0.0 ], [ 128.533989288175093, -3.539159002785722, 0.0 ], [ 128.55045529567542, -3.538449080660458, 0.0 ], [ 128.57553958638286, -3.585631912882439, 0.0 ], [ 128.567117663849189, -3.591631129273123, 0.0 ], [ 128.562659201061336, -3.600546555678966, 0.0 ], [ 128.54568933669367, -3.601359229844528, 0.0 ], [ 128.538135166404885, -3.615022876104737, 0.0 ], [ 128.523334872406508, -3.616872626870185, 0.0 ], [ 128.510900165910044, -3.605529938355881, 0.0 ], [ 128.497551705946535, -3.624345791624942, 0.0 ], [ 128.465773458178631, -3.613671828192258, 0.0 ], [ 128.440075235383915, -3.630895928204472, 0.0 ], [ 128.401014680583074, -3.633144661396928, 0.0 ], [ 128.417817460807242, -3.609242589773645, 0.0 ], [ 128.410451348650923, -3.586981781783807, 0.0 ], [ 128.423232786064347, -3.566955875413294, 0.0 ], [ 128.41470232974882, -3.532519159731409, 0.0 ], [ 128.449270382422299, -3.509956277560081, 0.0 ] ] ], [ [ [ 128.566516741354576, -3.49760859665931, 0.0 ], [ 128.604003537433414, -3.49704611658497, 0.0 ], [ 128.634979980241894, -3.519594796662487, 0.0 ], [ 128.63893959358748, -3.53076145367808, 0.0 ], [ 128.658657475861901, -3.529526634146832, 0.0 ], [ 128.682429068446851, -3.54457196732241, 0.0 ], [ 128.689678316401199, -3.537134982293535, 0.0 ], [ 128.694084951259555, -3.494240693153452, 0.0 ], [ 128.716165902034845, -3.498441335599159, 0.0 ], [ 128.730690018729433, -3.514157598094661, 0.0 ], [ 128.726190069316317, -3.530557609745857, 0.0 ], [ 128.738559068646168, -3.601047585077913, 0.0 ], [ 128.732621575425441, -3.619271120565751, 0.0 ], [ 128.722605670215614, -3.619665446303236, 0.0 ], [ 128.719669513237534, -3.6073659708628, 0.0 ], [ 128.698853654972254, -3.587942040992312, 0.0 ], [ 128.654986008897225, -3.572731685818622, 0.0 ], [ 128.651346719675416, -3.583032512440434, 0.0 ], [ 128.665933316769241, -3.590755060097875, 0.0 ], [ 128.663719548318568, -3.609606333165674, 0.0 ], [ 128.655750258167927, -3.625810637051144, 0.0 ], [ 128.644684371086868, -3.630495468191233, 0.0 ], [ 128.62635526058682, -3.603667463082941, 0.0 ], [ 128.60816273102526, -3.594195404893943, 0.0 ], [ 128.607607738706321, -3.588393023119421, 0.0 ], [ 128.618362133905407, -3.592828192566946, 0.0 ], [ 128.629858152331934, -3.583957365340121, 0.0 ], [ 128.617072131973373, -3.584153152246097, 0.0 ], [ 128.596310406600054, -3.550932712074919, 0.0 ], [ 128.572392669686025, -3.546096387438327, 0.0 ], [ 128.554676842862023, -3.52972289139826, 0.0 ], [ 128.566516741354576, -3.49760859665931, 0.0 ] ] ], [ [ [ 128.289375975920592, -3.490548263891283, 0.0 ], [ 128.315845103868469, -3.507549950769542, 0.0 ], [ 128.339984287145171, -3.502708503594556, 0.0 ], [ 128.352339897368466, -3.521566210412244, 0.0 ], [ 128.34719215819166, -3.540469073089161, 0.0 ], [ 128.321579859323151, -3.567448656230424, 0.0 ], [ 128.328210899813257, -3.58748731858485, 0.0 ], [ 128.355087723719549, -3.600050084044051, 0.0 ], [ 128.352656259978517, -3.634161529331051, 0.0 ], [ 128.311198680075108, -3.632273935093957, 0.0 ], [ 128.268069687666099, -3.616475396322441, 0.0 ], [ 128.269446348270463, -3.599246826679606, 0.0 ], [ 128.241972738751002, -3.575303031909341, 0.0 ], [ 128.229045132726839, -3.584300909059637, 0.0 ], [ 128.213883801396349, -3.624631901940647, 0.0 ], [ 128.196751585117568, -3.632721464723756, 0.0 ], [ 128.187147676424189, -3.62779322307876, 0.0 ], [ 128.179753509916651, -3.640966622811328, 0.0 ], [ 128.161877869967867, -3.645351064200211, 0.0 ], [ 128.108695585732846, -3.647771185691598, 0.0 ], [ 128.070816462210018, -3.672553751154586, 0.0 ], [ 128.066503009706224, -3.693955219157965, 0.0 ], [ 128.084714571620196, -3.722395363355327, 0.0 ], [ 128.068508872886241, -3.720391168417583, 0.0 ], [ 128.037826334817481, -3.734143720756025, 0.0 ], [ 128.019715924150603, -3.764411108385859, 0.0 ], [ 127.998426926261715, -3.781205767731935, 0.0 ], [ 127.943086788024885, -3.774363472895883, 0.0 ], [ 127.917539199874199, -3.719369604223813, 0.0 ], [ 127.92490639121705, -3.705672492391512, 0.0 ], [ 127.920330000329301, -3.683042000088202, 0.0 ], [ 127.946875999627764, -3.669976000092293, 0.0 ], [ 127.966065494227237, -3.641594265962558, 0.0 ], [ 127.992023014950334, -3.629565311989483, 0.0 ], [ 128.026437280855959, -3.592021858621822, 0.0 ], [ 128.075325133248413, -3.590229948653148, 0.0 ], [ 128.086611849757105, -3.580635428881854, 0.0 ], [ 128.139844565274501, -3.591009429741357, 0.0 ], [ 128.169639545328778, -3.587052830923357, 0.0 ], [ 128.224167460859718, -3.515849281319186, 0.0 ], [ 128.257412652172206, -3.495071081265325, 0.0 ], [ 128.289375975920592, -3.490548263891283, 0.0 ] ] ], [ [ [ 128.84299785766504, -3.240162429152774, 0.0 ], [ 128.842869295081982, -3.240406429613055, 0.0 ], [ 128.842544186564965, -3.240268460121312, 0.0 ], [ 128.84299785766504, -3.240162429152774, 0.0 ] ] ], [ [ [ 129.123033937366358, -2.96315056714487, 0.0 ], [ 129.122420035856038, -2.963083941770408, 0.0 ], [ 129.122924481779478, -2.9626746746964, 0.0 ], [ 129.123033937366358, -2.96315056714487, 0.0 ] ] ], [ [ [ 129.159702490677432, -2.918354490667221, 0.0 ], [ 129.167019501648696, -2.92373446177592, 0.0 ], [ 129.166027225675919, -2.927298830276717, 0.0 ], [ 129.159702490677432, -2.918354490667221, 0.0 ] ] ], [ [ [ 129.178648776220115, -2.917334305134014, 0.0 ], [ 129.179178441831766, -2.924453081244652, 0.0 ], [ 129.168735847881209, -2.922247716059159, 0.0 ], [ 129.171411381330245, -2.918939214573049, 0.0 ], [ 129.178648776220115, -2.917334305134014, 0.0 ] ] ], [ [ [ 129.237246596153597, -2.900828493639976, 0.0 ], [ 129.236554172137431, -2.901028368864081, 0.0 ], [ 129.236925368211217, -2.900696433593522, 0.0 ], [ 129.237246596153597, -2.900828493639976, 0.0 ] ] ], [ [ [ 129.074355858136414, -2.889349186415727, 0.0 ], [ 129.0822081213079, -2.89686967709393, 0.0 ], [ 129.071733316339532, -2.905995213907955, 0.0 ], [ 129.069175714587516, -2.895530073953692, 0.0 ], [ 129.074355858136414, -2.889349186415727, 0.0 ] ] ], [ [ [ 129.060300766667069, -2.787709668566299, 0.0 ], [ 129.06294613055951, -2.782246279941861, 0.0 ], [ 129.06694332837202, -2.783138854374537, 0.0 ], [ 129.065345076614136, -2.78557286139838, 0.0 ], [ 129.060300766667069, -2.787709668566299, 0.0 ] ] ], [ [ [ 129.046461454032965, -2.780960699076987, 0.0 ], [ 129.043326140389127, -2.782125948853389, 0.0 ], [ 129.044115955586904, -2.780236474133948, 0.0 ], [ 129.046461454032965, -2.780960699076987, 0.0 ] ] ], [ [ [ 129.52786386342666, -2.773025358333639, 0.0 ], [ 129.547772017964348, -2.800417152929205, 0.0 ], [ 129.590728697571478, -2.809920940099245, 0.0 ], [ 129.617532697076399, -2.802405587248005, 0.0 ], [ 129.637107800284895, -2.827168283989037, 0.0 ], [ 129.66962705974106, -2.825003649998406, 0.0 ], [ 129.680699939050982, -2.833738123815335, 0.0 ], [ 129.708013712063206, -2.834764396859393, 0.0 ], [ 129.762150980083732, -2.862434554111351, 0.0 ], [ 129.785736806008856, -2.864556546747179, 0.0 ], [ 129.794364008692099, -2.893044162558025, 0.0 ], [ 129.813663849207359, -2.914051124959441, 0.0 ], [ 129.829836366555156, -2.913338763872789, 0.0 ], [ 129.852439478099569, -2.897795670333883, 0.0 ], [ 129.880303470728677, -2.897202511686528, 0.0 ], [ 129.880599184005121, -2.911378315556748, 0.0 ], [ 129.903850474719718, -2.915464778276869, 0.0 ], [ 129.910829720115544, -2.944040927846528, 0.0 ], [ 129.975627403282147, -2.976999126608318, 0.0 ], [ 129.999649692679213, -2.98392049343599, 0.0 ], [ 130.011065746087411, -2.978556628285725, 0.0 ], [ 130.032169436870049, -3.002928264727592, 0.0 ], [ 130.073528784725625, -3.004690261446344, 0.0 ], [ 130.098096763854699, -2.99340982760137, 0.0 ], [ 130.128099962143551, -2.99771137218208, 0.0 ], [ 130.13338219043581, -3.016348296336771, 0.0 ], [ 130.116604477914393, -3.041530354142521, 0.0 ], [ 130.137065621081661, -3.084249223322979, 0.0 ], [ 130.123813266269281, -3.103864144914306, 0.0 ], [ 130.142649749986077, -3.142713555086443, 0.0 ], [ 130.136043393188032, -3.175262851899044, 0.0 ], [ 130.156748184281383, -3.192746203974098, 0.0 ], [ 130.157518196407807, -3.213304186139235, 0.0 ], [ 130.146890437443716, -3.218968580435602, 0.0 ], [ 129.902921360832266, -3.160020754254303, 0.0 ], [ 129.907023015799581, -3.195778429231114, 0.0 ], [ 129.891936183408205, -3.216980601173772, 0.0 ], [ 129.901587712103208, -3.232776933908335, 0.0 ], [ 129.900027012436823, -3.257810840098132, 0.0 ], [ 129.883075514923149, -3.269610127005665, 0.0 ], [ 129.882333700140208, -3.289888892158624, 0.0 ], [ 129.856232665605177, -3.323683695146398, 0.0 ], [ 129.858557053365388, -3.336558210592935, 0.0 ], [ 129.822824295005262, -3.330900325589495, 0.0 ], [ 129.812952938727193, -3.321787176037263, 0.0 ], [ 129.761508629419666, -3.33146331108283, 0.0 ], [ 129.728997492640246, -3.314622309671813, 0.0 ], [ 129.678291330680366, -3.32326843678892, 0.0 ], [ 129.519860931436938, -3.299325229275832, 0.0 ], [ 129.496862980642078, -3.327214105246659, 0.0 ], [ 129.52988144926951, -3.356498543772693, 0.0 ], [ 129.566101631185376, -3.413703219428024, 0.0 ], [ 129.565529387171523, -3.447443006389575, 0.0 ], [ 129.551714767222819, -3.465932036134481, 0.0 ], [ 129.534780316358564, -3.470105680932337, 0.0 ], [ 129.481365364020348, -3.455953379944512, 0.0 ], [ 129.455321000264036, -3.436339925147339, 0.0 ], [ 129.408622672398423, -3.417621352443392, 0.0 ], [ 129.355614827862098, -3.410194238373412, 0.0 ], [ 129.336224321295532, -3.417018725733525, 0.0 ], [ 129.288072868867829, -3.41405385160394, 0.0 ], [ 129.226317039100081, -3.400176938314983, 0.0 ], [ 129.190027357576639, -3.389216386127261, 0.0 ], [ 129.14739698258478, -3.361680001231074, 0.0 ], [ 129.13093751675305, -3.364107614075065, 0.0 ], [ 129.11861720581939, -3.351355639351253, 0.0 ], [ 129.083868404703111, -3.341277029810977, 0.0 ], [ 129.059060482855131, -3.350915837595794, 0.0 ], [ 129.03585217973432, -3.347707028656346, 0.0 ], [ 128.977633898885415, -3.360776982071981, 0.0 ], [ 128.934907189415298, -3.356243408806206, 0.0 ], [ 128.914490865760882, -3.336709330870827, 0.0 ], [ 128.910537919089734, -3.328193428284079, 0.0 ], [ 128.9275677979156, -3.338131039415851, 0.0 ], [ 128.927908316315751, -3.322763573579993, 0.0 ], [ 128.940241801418125, -3.307456743633777, 0.0 ], [ 128.966943631643431, -3.290365751378291, 0.0 ], [ 128.967395794580284, -3.227251206078277, 0.0 ], [ 128.933304180243766, -3.209786873765166, 0.0 ], [ 128.88545379925344, -3.203515925419589, 0.0 ], [ 128.858732944769599, -3.211593674708338, 0.0 ], [ 128.842427224337086, -3.24021882294028, 0.0 ], [ 128.834459865030794, -3.239972904226088, 0.0 ], [ 128.811788475158096, -3.185597602747128, 0.0 ], [ 128.793477712626441, -3.170090707819798, 0.0 ], [ 128.798633206657229, -3.123942327975973, 0.0 ], [ 128.807162456082551, -3.11875695127222, 0.0 ], [ 128.804830185764615, -3.098972063210129, 0.0 ], [ 128.81095106244166, -3.09696365584802, 0.0 ], [ 128.802746443093923, -3.087662931099347, 0.0 ], [ 128.818117855154924, -3.071956452328342, 0.0 ], [ 128.811126393368426, -3.064073163445682, 0.0 ], [ 128.775450280606009, -3.067505203002677, 0.0 ], [ 128.771225163110955, -3.05270333429142, 0.0 ], [ 128.786123564151268, -3.006258636826578, 0.0 ], [ 128.811616050840144, -2.998500274567986, 0.0 ], [ 128.781694796977376, -2.985197965113942, 0.0 ], [ 128.753779720158036, -2.95807599591045, 0.0 ], [ 128.763525086813388, -2.938435886107163, 0.0 ], [ 128.75036492689992, -2.906401527608329, 0.0 ], [ 128.752857370970872, -2.850424163044599, 0.0 ], [ 128.805430181058142, -2.867017846396427, 0.0 ], [ 128.919532288884, -2.851860278728838, 0.0 ], [ 128.985096934575949, -2.82951441196049, 0.0 ], [ 129.031873834410021, -2.796540155803465, 0.0 ], [ 129.051096821561174, -2.795012282290957, 0.0 ], [ 129.067945152446896, -2.814185073782108, 0.0 ], [ 129.077917835339917, -2.855134877572477, 0.0 ], [ 129.068830249016884, -2.8663128984215, 0.0 ], [ 129.063863627004821, -2.906077074697214, 0.0 ], [ 129.075957004811983, -2.908565780286468, 0.0 ], [ 129.083301621372811, -2.93909940141617, 0.0 ], [ 129.131165783574147, -2.96939728595598, 0.0 ], [ 129.157131748931022, -2.948285584911828, 0.0 ], [ 129.195892486848834, -2.960840420149216, 0.0 ], [ 129.184308571383582, -2.940254971789427, 0.0 ], [ 129.176405720447804, -2.939711995312313, 0.0 ], [ 129.186173405578302, -2.922261471189882, 0.0 ], [ 129.194067344232593, -2.933770921890469, 0.0 ], [ 129.204329167257356, -2.929649608642462, 0.0 ], [ 129.203598300821, -2.945838062876208, 0.0 ], [ 129.219832025127943, -2.954088071007613, 0.0 ], [ 129.209538275271257, -2.943632953997602, 0.0 ], [ 129.224147993934821, -2.921631582431486, 0.0 ], [ 129.34823792294182, -2.856661098131122, 0.0 ], [ 129.372589829157363, -2.820848550120461, 0.0 ], [ 129.364334763238872, -2.80341347005553, 0.0 ], [ 129.377147258739058, -2.789452560986819, 0.0 ], [ 129.473680874772668, -2.784629248640849, 0.0 ], [ 129.498717692967233, -2.794979973247072, 0.0 ], [ 129.512022803809373, -2.787336681042943, 0.0 ], [ 129.519124930771028, -2.798877837342298, 0.0 ], [ 129.52786386342666, -2.773025358333639, 0.0 ] ] ], [ [ [ 129.025148931677933, -2.762471308703843, 0.0 ], [ 129.023648739298011, -2.763424917425963, 0.0 ], [ 129.024430240263456, -2.761841217598063, 0.0 ], [ 129.025148931677933, -2.762471308703843, 0.0 ] ] ], [ [ [ 129.004598790701721, -2.757828065812509, 0.0 ], [ 128.998685103434838, -2.757305726977657, 0.0 ], [ 129.003075256418015, -2.754333384877741, 0.0 ], [ 129.004598790701721, -2.757828065812509, 0.0 ] ] ], [ [ [ 129.02316978375859, -2.754925387896259, 0.0 ], [ 129.018859200092066, -2.74595274662193, 0.0 ], [ 129.023200172749853, -2.74336102099422, 0.0 ], [ 129.026723345106348, -2.747633733310087, 0.0 ], [ 129.02316978375859, -2.754925387896259, 0.0 ] ] ], [ [ [ 128.979331577890093, -2.733160068582288, 0.0 ], [ 128.997104793151749, -2.72954334335054, 0.0 ], [ 128.987437833888976, -2.732288876430447, 0.0 ], [ 128.9907828883197, -2.73943714760623, 0.0 ], [ 128.978799536269662, -2.748736589921633, 0.0 ], [ 128.979331577890093, -2.733160068582288, 0.0 ] ] ] ] } },
{ "type": "Feature", "properties": { "KDPKAB": "81.02", "KDPPUM": "81", "WADMKK": "Maluku Tenggara", "WADMPR": "Maluku", "METADATA": "TASWIL1000020230928_DATA_BATAS_KABUPATEN", "UPDATED": "Lapak GIS - 2024", "KPPN": "KPPN Tual" }, "geometry": { "type": "MultiPolygon", "coordinates": [ [ [ [ 132.452571066201813, -6.008327042758736, 0.0 ], [ 132.455280737915871, -6.009898738435985, 0.0 ], [ 132.455320816202772, -6.010576427060403, 0.0 ], [ 132.452571066201813, -6.008327042758736, 0.0 ] ] ], [ [ [ 132.455833269689691, -6.005002110658867, 0.0 ], [ 132.456111698895796, -6.006010990814462, 0.0 ], [ 132.455158608183297, -6.004737588568768, 0.0 ], [ 132.455833269689691, -6.005002110658867, 0.0 ] ] ], [ [ [ 132.468995954899498, -5.992452245075056, 0.0 ], [ 132.470318336921764, -6.016443660746321, 0.0 ], [ 132.439969501291586, -6.037991684968239, 0.0 ], [ 132.427932158442445, -6.008954967397776, 0.0 ], [ 132.442718475177543, -6.008627556616356, 0.0 ], [ 132.452018863579724, -6.021115133356662, 0.0 ], [ 132.461279316687154, -6.015528688697972, 0.0 ], [ 132.459349471401083, -6.003296210951329, 0.0 ], [ 132.468995954899498, -5.992452245075056, 0.0 ] ] ], [ [ [ 132.467263484722139, -5.988055082775804, 0.0 ], [ 132.466781643258344, -5.988138363594579, 0.0 ], [ 132.467174254888022, -5.987769548026182, 0.0 ], [ 132.467263484722139, -5.988055082775804, 0.0 ] ] ], [ [ [ 132.698068987593729, -5.959444365065351, 0.0 ], [ 132.699454452561014, -5.959978510200052, 0.0 ], [ 132.698792003847984, -5.960279139170924, 0.0 ], [ 132.698068987593729, -5.959444365065351, 0.0 ] ] ], [ [ [ 132.462741534294423, -5.919195666446767, 0.0 ], [ 132.461674982414621, -5.919393466035564, 0.0 ], [ 132.462403397299056, -5.918540745059334, 0.0 ], [ 132.462741534294423, -5.919195666446767, 0.0 ] ] ], [ [ [ 132.910909181813395, -5.912739499128498, 0.0 ], [ 132.910445185596927, -5.912725222391017, 0.0 ], [ 132.910887766257503, -5.912475379035501, 0.0 ], [ 132.910909181813395, -5.912739499128498, 0.0 ] ] ], [ [ [ 132.911194244418937, -5.912073161746959, 0.0 ], [ 132.910994218108726, -5.912063440075669, 0.0 ], [ 132.911167381669372, -5.911974572668369, 0.0 ], [ 132.911194244418937, -5.912073161746959, 0.0 ] ] ], [ [ [ 132.469554979778508, -5.902570434877656, 0.0 ], [ 132.46512764342603, -5.909366083677784, 0.0 ], [ 132.463577800375248, -5.914851776388356, 0.0 ], [ 132.4609859407486, -5.904745492910094, 0.0 ], [ 132.469554979778508, -5.902570434877656, 0.0 ] ] ], [ [ [ 132.886366137287439, -5.896301012681508, 0.0 ], [ 132.885970283601722, -5.896753974216455, 0.0 ], [ 132.885864017010817, -5.896430661645694, 0.0 ], [ 132.886366137287439, -5.896301012681508, 0.0 ] ] ], [ [ [ 132.9297452932108, -5.888360867759771, 0.0 ], [ 132.929672608204328, -5.888636872393675, 0.0 ], [ 132.92953719638453, -5.888435443141108, 0.0 ], [ 132.9297452932108, -5.888360867759771, 0.0 ] ] ], [ [ [ 132.534974687132092, -5.878318467623148, 0.0 ], [ 132.538989947827872, -5.910330494156905, 0.0 ], [ 132.525400218645274, -5.920893313075907, 0.0 ], [ 132.516236561368288, -5.897353000940234, 0.0 ], [ 132.527983427693101, -5.874742682228965, 0.0 ], [ 132.534974687132092, -5.878318467623148, 0.0 ] ] ], [ [ [ 132.876697464816175, -5.860703970112072, 0.0 ], [ 132.874605201069215, -5.863202745410304, 0.0 ], [ 132.874566701092505, -5.86075329432905, 0.0 ], [ 132.876697464816175, -5.860703970112072, 0.0 ] ] ], [ [ [ 132.957877861174438, -5.858661788710577, 0.0 ], [ 132.957735834840975, -5.858831583410832, 0.0 ], [ 132.957765117666128, -5.858661377720312, 0.0 ], [ 132.957877861174438, -5.858661788710577, 0.0 ] ] ], [ [ [ 132.957260451408729, -5.840527653928066, 0.0 ], [ 132.956663705365827, -5.840417843108962, 0.0 ], [ 132.956664138838988, -5.840298243169321, 0.0 ], [ 132.957260451408729, -5.840527653928066, 0.0 ] ] ], [ [ [ 132.52891939531392, -5.838215863870992, 0.0 ], [ 132.541991395586479, -5.841334110180955, 0.0 ], [ 132.54925205683702, -5.857459718890893, 0.0 ], [ 132.558434033304081, -5.860178153598809, 0.0 ], [ 132.553375405250819, -5.870223749926121, 0.0 ], [ 132.527646705331193, -5.856145222124257, 0.0 ], [ 132.523373885096845, -5.844934980365028, 0.0 ], [ 132.52891939531392, -5.838215863870992, 0.0 ] ] ], [ [ [ 132.601394118643753, -5.834841514923975, 0.0 ], [ 132.610608880795297, -5.856391862994029, 0.0 ], [ 132.594104646712168, -5.85923402822777, 0.0 ], [ 132.589115146846638, -5.846614496661643, 0.0 ], [ 132.601394118643753, -5.834841514923975, 0.0 ] ] ], [ [ [ 132.948462671615061, -5.83169634021388, 0.0 ], [ 132.948344888305996, -5.831864091654441, 0.0 ], [ 132.948355597433022, -5.831689201395455, 0.0 ], [ 132.948462671615061, -5.83169634021388, 0.0 ] ] ], [ [ [ 132.56878123886321, -5.817636261104457, 0.0 ], [ 132.583029800584882, -5.819275835811125, 0.0 ], [ 132.59707701129517, -5.832165819596894, 0.0 ], [ 132.585443506312799, -5.838716366267231, 0.0 ], [ 132.56878123886321, -5.817636261104457, 0.0 ] ] ], [ [ [ 132.5881505690935, -5.813167404851852, 0.0 ], [ 132.596941080566467, -5.816368782693163, 0.0 ], [ 132.59401941436451, -5.822841931909543, 0.0 ], [ 132.5881505690935, -5.813167404851852, 0.0 ] ] ], [ [ [ 132.905617323580714, -5.806894182120707, 0.0 ], [ 132.905491681995585, -5.807285996051784, 0.0 ], [ 132.905493201849794, -5.80687458679268, 0.0 ], [ 132.905617323580714, -5.806894182120707, 0.0 ] ] ], [ [ [ 132.904946429334359, -5.804892025946166, 0.0 ], [ 132.904181426431705, -5.805090114217374, 0.0 ], [ 132.904546358727572, -5.804574806282207, 0.0 ], [ 132.904946429334359, -5.804892025946166, 0.0 ] ] ], [ [ [ 132.909724674853948, -5.798961800146944, 0.0 ], [ 132.909346052178591, -5.799565088757745, 0.0 ], [ 132.909311787109345, -5.79953051791902, 0.0 ], [ 132.909724674853948, -5.798961800146944, 0.0 ] ] ], [ [ [ 132.912786697348281, -5.795455671741826, 0.0 ], [ 132.91242199168164, -5.795658920322903, 0.0 ], [ 132.91239175287717, -5.795438748299534, 0.0 ], [ 132.912786697348281, -5.795455671741826, 0.0 ] ] ], [ [ [ 132.573279407618628, -5.795474701396301, 0.0 ], [ 132.575597959678134, -5.795387527412358, 0.0 ], [ 132.577343779391981, -5.795253754157396, 0.0 ], [ 132.57584976625381, -5.796280216059094, 0.0 ], [ 132.573279407618628, -5.795474701396301, 0.0 ] ] ], [ [ [ 132.622524491412264, -5.814086169341141, 0.0 ], [ 132.61560061187879, -5.802472614919178, 0.0 ], [ 132.618473675120072, -5.793827531015764, 0.0 ], [ 132.62308421506458, -5.803613772757358, 0.0 ], [ 132.622524491412264, -5.814086169341141, 0.0 ] ] ], [ [ [ 132.56182600626525, -5.785408810967833, 0.0 ], [ 132.568534766166636, -5.781104386757966, 0.0 ], [ 132.569946726060607, -5.782588322992658, 0.0 ], [ 132.56182600626525, -5.785408810967833, 0.0 ] ] ], [ [ [ 132.632051340796835, -5.779775885748498, 0.0 ], [ 132.633138781229832, -5.785280904889837, 0.0 ], [ 132.62887358095108, -5.790279278365932, 0.0 ], [ 132.627333791421421, -5.78446745460928, 0.0 ], [ 132.632051340796835, -5.779775885748498, 0.0 ] ] ], [ [ [ 132.576319544211685, -5.755640028164758, 0.0 ], [ 132.578472425861861, -5.756597036324144, 0.0 ], [ 132.575134538128538, -5.756853662366516, 0.0 ], [ 132.576319544211685, -5.755640028164758, 0.0 ] ] ], [ [ [ 132.673894632731191, -5.745053923100033, 0.0 ], [ 132.673053156877671, -5.745299220382697, 0.0 ], [ 132.673093068790195, -5.744878462670825, 0.0 ], [ 132.673894632731191, -5.745053923100033, 0.0 ] ] ], [ [ [ 132.560772166302485, -5.747605342912169, 0.0 ], [ 132.557050216794067, -5.746991580796727, 0.0 ], [ 132.558878826296905, -5.743687327707984, 0.0 ], [ 132.560772166302485, -5.747605342912169, 0.0 ] ] ], [ [ [ 132.662896380063955, -5.741295833435948, 0.0 ], [ 132.662860688669838, -5.741924010784397, 0.0 ], [ 132.662532322808488, -5.741424324073278, 0.0 ], [ 132.662896380063955, -5.741295833435948, 0.0 ] ] ], [ [ [ 132.571178817048775, -5.741293345011814, 0.0 ], [ 132.56814527428503, -5.7404912801484, 0.0 ], [ 132.57165761790489, -5.739860533436828, 0.0 ], [ 132.571178817048775, -5.741293345011814, 0.0 ] ] ], [ [ [ 132.662283400358632, -5.741908215091999, 0.0 ], [ 132.658580553349879, -5.745301028919306, 0.0 ], [ 132.654972451717299, -5.754696991872591, 0.0 ], [ 132.651030430010479, -5.743607898685513, 0.0 ], [ 132.662283400358632, -5.741908215091999, 0.0 ] ] ], [ [ [ 132.590160960360095, -5.732934537798665, 0.0 ], [ 132.589142382814771, -5.733288965113629, 0.0 ], [ 132.588789740654079, -5.731981751056895, 0.0 ], [ 132.590160960360095, -5.732934537798665, 0.0 ] ] ], [ [ [ 132.760982311384595, -5.733162154409825, 0.0 ], [ 132.760395002827181, -5.734151496794108, 0.0 ], [ 132.759778579617802, -5.731745646644252, 0.0 ], [ 132.760982311384595, -5.733162154409825, 0.0 ] ] ], [ [ [ 132.783294107337269, -5.73263443403185, 0.0 ], [ 132.792203030745327, -5.762516259817544, 0.0 ], [ 132.784720663228086, -5.776765644418872, 0.0 ], [ 132.779502847078817, -5.752187898652553, 0.0 ], [ 132.775859101716236, -5.758882569774729, 0.0 ], [ 132.776568220746839, -5.735403002346632, 0.0 ], [ 132.782613141583255, -5.738779792953056, 0.0 ], [ 132.783294107337269, -5.73263443403185, 0.0 ] ] ], [ [ [ 132.556099611807696, -5.72970577020511, 0.0 ], [ 132.563705791689017, -5.733153100035508, 0.0 ], [ 132.558537502104087, -5.735814212855565, 0.0 ], [ 132.556099611807696, -5.72970577020511, 0.0 ] ] ], [ [ [ 132.796347429590242, -5.723908137750281, 0.0 ], [ 132.801646092093478, -5.730142367676087, 0.0 ], [ 132.803172598636593, -5.768961520158004, 0.0 ], [ 132.794063614744118, -5.760574169362335, 0.0 ], [ 132.799222119705149, -5.754255878905638, 0.0 ], [ 132.788620887144305, -5.736045647088853, 0.0 ], [ 132.792089985064877, -5.729963595943203, 0.0 ], [ 132.782665063941664, -5.728434434601385, 0.0 ], [ 132.796347429590242, -5.723908137750281, 0.0 ] ] ], [ [ [ 132.55614391241167, -5.722654957660093, 0.0 ], [ 132.555578807216136, -5.729224074431442, 0.0 ], [ 132.553952088318255, -5.726060504088951, 0.0 ], [ 132.55614391241167, -5.722654957660093, 0.0 ] ] ], [ [ [ 132.63173210485283, -5.728503310978964, 0.0 ], [ 132.629712395710584, -5.723245584715889, 0.0 ], [ 132.631527302243285, -5.71735799667417, 0.0 ], [ 132.634695256780759, -5.722082362011331, 0.0 ], [ 132.63173210485283, -5.728503310978964, 0.0 ] ] ], [ [ [ 132.569711618996052, -5.710245954687013, 0.0 ], [ 132.569964948123925, -5.710198600884623, 0.0 ], [ 132.570012321711374, -5.710272336299197, 0.0 ], [ 132.569711618996052, -5.710245954687013, 0.0 ] ] ], [ [ [ 132.756356143920925, -5.711019298801538, 0.0 ], [ 132.75464062056821, -5.71008580521564, 0.0 ], [ 132.7546420450943, -5.708996301737893, 0.0 ], [ 132.756356143920925, -5.711019298801538, 0.0 ] ] ], [ [ [ 132.56606124203276, -5.710941397727235, 0.0 ], [ 132.575040138991312, -5.711999072399258, 0.0 ], [ 132.579540351006443, -5.71599738986757, 0.0 ], [ 132.556485377798055, -5.712636893178028, 0.0 ], [ 132.559791046419718, -5.706638986200189, 0.0 ], [ 132.56606124203276, -5.710941397727235, 0.0 ] ] ], [ [ [ 132.762724552696, -5.701631321828041, 0.0 ], [ 132.7664519323109, -5.710834871232321, 0.0 ], [ 132.761393261090234, -5.716124829197414, 0.0 ], [ 132.753607910176953, -5.704202781233362, 0.0 ], [ 132.762724552696, -5.701631321828041, 0.0 ] ] ], [ [ [ 132.618727455707557, -5.696102059662315, 0.0 ], [ 132.623052103871572, -5.702312883832476, 0.0 ], [ 132.626695838442259, -5.70304834220721, 0.0 ], [ 132.627391830968264, -5.703631309737104, 0.0 ], [ 132.615434444144398, -5.706118440613554, 0.0 ], [ 132.618727455707557, -5.696102059662315, 0.0 ] ] ], [ [ [ 132.632551323384973, -5.68490947878935, 0.0 ], [ 132.635301850400083, -5.687687527757105, 0.0 ], [ 132.630938356020408, -5.692177634090515, 0.0 ], [ 132.632551323384973, -5.68490947878935, 0.0 ] ] ], [ [ [ 132.997381345572649, -5.642101915770751, 0.0 ], [ 133.000207636873, -5.64067515483451, 0.0 ], [ 132.999171434414222, -5.643579220404663, 0.0 ], [ 132.997381345572649, -5.642101915770751, 0.0 ] ] ], [ [ [ 133.003151358948088, -5.627599791097441, 0.0 ], [ 133.002156216836084, -5.627438503084451, 0.0 ], [ 133.002749719024365, -5.625646456418813, 0.0 ], [ 133.003151358948088, -5.627599791097441, 0.0 ] ] ], [ [ [ 132.98053958063727, -5.626012113568172, 0.0 ], [ 132.983398936411817, -5.630496153074986, 0.0 ], [ 132.983236445106002, -5.639395460032385, 0.0 ], [ 132.977223951124529, -5.633430623824224, 0.0 ], [ 132.98053958063727, -5.626012113568172, 0.0 ] ] ], [ [ [ 132.712716441810358, -5.623713200004125, 0.0 ], [ 132.711227168099441, -5.624618712083843, 0.0 ], [ 132.712264343624639, -5.623042192443143, 0.0 ], [ 132.712716441810358, -5.623713200004125, 0.0 ] ] ], [ [ [ 132.71265457564823, -5.622642442894391, 0.0 ], [ 132.712297656311904, -5.622908942593589, 0.0 ], [ 132.712440423686644, -5.622623406944597, 0.0 ], [ 132.71265457564823, -5.622642442894391, 0.0 ] ] ], [ [ [ 132.716635994855352, -5.622372614804298, 0.0 ], [ 132.716391264145614, -5.622687356836024, 0.0 ], [ 132.716263248350288, -5.622457256297312, 0.0 ], [ 132.716635994855352, -5.622372614804298, 0.0 ] ] ], [ [ [ 132.714990693265889, -5.621878273663387, 0.0 ], [ 132.714056640301834, -5.622649514263659, 0.0 ], [ 132.713957944203798, -5.62224732755208, 0.0 ], [ 132.714990693265889, -5.621878273663387, 0.0 ] ] ], [ [ [ 133.003847747175882, -5.621367098113054, 0.0 ], [ 133.003253916734963, -5.622208285284084, 0.0 ], [ 133.003664330444479, -5.620888049044196, 0.0 ], [ 133.003847747175882, -5.621367098113054, 0.0 ] ] ], [ [ [ 132.712993310692752, -5.621214698999103, 0.0 ], [ 132.713365695670376, -5.622373496139924, 0.0 ], [ 132.712825626701374, -5.62241916371338, 0.0 ], [ 132.712993310692752, -5.621214698999103, 0.0 ] ] ], [ [ [ 132.713690359022934, -5.619641539225632, 0.0 ], [ 132.713553302343144, -5.619670092700594, 0.0 ], [ 132.713627541377974, -5.619573010885651, 0.0 ], [ 132.713690359022934, -5.619641539225632, 0.0 ] ] ], [ [ [ 132.7137133951571, -5.618845426974842, 0.0 ], [ 132.713326103017323, -5.618987410140867, 0.0 ], [ 132.713527918978315, -5.618658151252624, 0.0 ], [ 132.7137133951571, -5.618845426974842, 0.0 ] ] ], [ [ [ 132.583559893374371, -5.614999808993985, 0.0 ], [ 132.592363314615341, -5.621971383172734, 0.0 ], [ 132.590749057622901, -5.628493387160098, 0.0 ], [ 132.583525119288907, -5.621911455049559, 0.0 ], [ 132.583559893374371, -5.614999808993985, 0.0 ] ] ], [ [ [ 132.716500022757941, -5.611098844935717, 0.0 ], [ 132.716236378406165, -5.611855569578842, 0.0 ], [ 132.716176416108738, -5.611098844935717, 0.0 ], [ 132.716500022757941, -5.611098844935717, 0.0 ] ] ], [ [ [ 132.719828887593195, -5.607737856317011, 0.0 ], [ 132.719107336334531, -5.608061236336929, 0.0 ], [ 132.719912169311243, -5.60745232066802, 0.0 ], [ 132.719828887593195, -5.607737856317011, 0.0 ] ] ], [ [ [ 132.710435175642942, -5.593687912567073, 0.0 ], [ 132.711443393897497, -5.652498529183773, 0.0 ], [ 132.700137896846542, -5.651248265594936, 0.0 ], [ 132.7059515983876, -5.630241051383392, 0.0 ], [ 132.700370501097865, -5.628398461919452, 0.0 ], [ 132.690717099114835, -5.657015936236379, 0.0 ], [ 132.718258665005493, -5.661441815687133, 0.0 ], [ 132.722842076900406, -5.645183832168036, 0.0 ], [ 132.742111598571427, -5.643601581147965, 0.0 ], [ 132.738394881318811, -5.6934679453893, 0.0 ], [ 132.763781660795104, -5.747196485029685, 0.0 ], [ 132.761118991248452, -5.717767719704429, 0.0 ], [ 132.773396847886261, -5.717779615037148, 0.0 ], [ 132.779031683265714, -5.727760739866187, 0.0 ], [ 132.772973722259536, -5.741792271795879, 0.0 ], [ 132.771959313971223, -5.766909581112215, 0.0 ], [ 132.779733503398546, -5.780375666104102, 0.0 ], [ 132.774120060192644, -5.784229511982345, 0.0 ], [ 132.768850065378246, -5.776194091983714, 0.0 ], [ 132.772378589600294, -5.814193622137934, 0.0 ], [ 132.774730060443915, -5.786602742822281, 0.0 ], [ 132.789368947718856, -5.776388126111057, 0.0 ], [ 132.804792853207658, -5.790036715921668, 0.0 ], [ 132.8140457160371, -5.839509016128178, 0.0 ], [ 132.813350540095399, -5.851442617682582, 0.0 ], [ 132.797198825865138, -5.868247443864386, 0.0 ], [ 132.779886360267398, -5.94227535842096, 0.0 ], [ 132.726500072020826, -5.952740775366453, 0.0 ], [ 132.721041730391562, -5.944084388783536, 0.0 ], [ 132.729881095736033, -5.896758565255559, 0.0 ], [ 132.711136239445949, -5.894902801622929, 0.0 ], [ 132.712517628685646, -5.93072326906359, 0.0 ], [ 132.694275791094952, -5.95204050116818, 0.0 ], [ 132.694695100898201, -5.911806843710891, 0.0 ], [ 132.683215442039142, -5.903938562714454, 0.0 ], [ 132.662737579575719, -5.906148747366728, 0.0 ], [ 132.669187464230163, -5.853893703731376, 0.0 ], [ 132.689921800750511, -5.83561441117613, 0.0 ], [ 132.68881689008748, -5.807962904963996, 0.0 ], [ 132.676701513963707, -5.798299037570479, 0.0 ], [ 132.669410191227371, -5.776960117415423, 0.0 ], [ 132.680050968777209, -5.731174518689012, 0.0 ], [ 132.661785852235312, -5.713421742319528, 0.0 ], [ 132.649390972215599, -5.712394085218778, 0.0 ], [ 132.658136774792439, -5.675217081303233, 0.0 ], [ 132.650626927590622, -5.668355201031686, 0.0 ], [ 132.644589264283098, -5.677912310804415, 0.0 ], [ 132.635211650197562, -5.675678822019917, 0.0 ], [ 132.639816498332834, -5.636208375116406, 0.0 ], [ 132.609755937686543, -5.594961733896823, 0.0 ], [ 132.626138308236364, -5.61228637541589, 0.0 ], [ 132.644186519992047, -5.613785436448707, 0.0 ], [ 132.67172158378412, -5.630319342763438, 0.0 ], [ 132.685002823021904, -5.604125038639544, 0.0 ], [ 132.710435175642942, -5.593687912567073, 0.0 ] ] ], [ [ [ 132.710942142366122, -5.58907220961478, 0.0 ], [ 132.710936735641894, -5.589234822329185, 0.0 ], [ 132.71085589018719, -5.589153189967692, 0.0 ], [ 132.710942142366122, -5.58907220961478, 0.0 ] ] ], [ [ [ 132.59249350766936, -5.564428474294639, 0.0 ], [ 132.585733381190607, -5.569250679575148, 0.0 ], [ 132.586222747282079, -5.563972366031837, 0.0 ], [ 132.59249350766936, -5.564428474294639, 0.0 ] ] ], [ [ [ 132.570302014926142, -5.565268717177466, 0.0 ], [ 132.561243399363406, -5.562540968191047, 0.0 ], [ 132.558015824270882, -5.558067646804402, 0.0 ], [ 132.570302014926142, -5.565268717177466, 0.0 ] ] ], [ [ [ 133.095373124170436, -5.344482950627664, 0.0 ], [ 133.095037620389945, -5.345096852137913, 0.0 ], [ 133.095294602563968, -5.344275936585134, 0.0 ], [ 133.095373124170436, -5.344482950627664, 0.0 ] ] ], [ [ [ 133.106915889356856, -5.314473189086381, 0.0 ], [ 133.10652327862644, -5.314451774429844, 0.0 ], [ 133.106708877113078, -5.314187653437389, 0.0 ], [ 133.106915889356856, -5.314473189086381, 0.0 ] ] ], [ [ [ 133.18002774098747, -5.295498434605043, 0.0 ], [ 133.180020078763732, -5.295669361551773, 0.0 ], [ 133.179531959132618, -5.296092676935497, 0.0 ], [ 133.179511529233764, -5.2957337620035, 0.0 ], [ 133.18002774098747, -5.295498434605043, 0.0 ] ] ], [ [ [ 133.174892816250576, -5.289043475076286, 0.0 ], [ 133.174692941026478, -5.289095822813898, 0.0 ], [ 133.174716735289138, -5.288895947589881, 0.0 ], [ 133.174892816250576, -5.289043475076286, 0.0 ] ] ], [ [ [ 133.120983735011464, -5.279054593594593, 0.0 ], [ 133.120807136939902, -5.279157649605785, 0.0 ], [ 133.120786462425372, -5.278994010764996, 0.0 ], [ 133.120983735011464, -5.279054593594593, 0.0 ] ] ], [ [ [ 133.120641400880004, -5.277628319191566, 0.0 ], [ 133.120501508637801, -5.277721194877198, 0.0 ], [ 133.120569967729949, -5.27757427623177, 0.0 ], [ 133.120641400880004, -5.277628319191566, 0.0 ] ] ], [ [ [ 133.157107600435495, -5.276324637671851, 0.0 ], [ 133.156078975664258, -5.294881380071529, 0.0 ], [ 133.159582755040219, -5.282705188193829, 0.0 ], [ 133.173390421430923, -5.291281941608243, 0.0 ], [ 133.190868495384848, -5.313235527697361, 0.0 ], [ 133.191766380314277, -5.327008000918435, 0.0 ], [ 133.188201324731352, -5.345018130881999, 0.0 ], [ 133.180234424079458, -5.341616521685103, 0.0 ], [ 133.16773103725771, -5.354642318388229, 0.0 ], [ 133.119548785747952, -5.565900062837573, 0.0 ], [ 133.08435852812363, -5.62569786256624, 0.0 ], [ 133.03956864527683, -5.646738757287809, 0.0 ], [ 132.962082386892689, -5.743555873804488, 0.0 ], [ 132.942186094412818, -5.823683881705736, 0.0 ], [ 132.960278464679476, -5.854761607961815, 0.0 ], [ 132.952422698648633, -5.874983382177294, 0.0 ], [ 132.928913174803284, -5.886874560012848, 0.0 ], [ 132.926328088870235, -5.900540003118574, 0.0 ], [ 132.908796638354318, -5.91397663081679, 0.0 ], [ 132.894148257835951, -5.95367098732618, 0.0 ], [ 132.866285561129757, -5.964829804951481, 0.0 ], [ 132.844591300847952, -6.007148200628957, 0.0 ], [ 132.846895333353018, -5.983114575277408, 0.0 ], [ 132.869583752788031, -5.937575034660084, 0.0 ], [ 132.868048661316749, -5.904177103390555, 0.0 ], [ 132.887472707199777, -5.903439316671103, 0.0 ], [ 132.885093192796745, -5.88665903838386, 0.0 ], [ 132.872316546071886, -5.879436169343747, 0.0 ], [ 132.88074667761714, -5.86244466369024, 0.0 ], [ 132.877000191905353, -5.856308888844167, 0.0 ], [ 132.891852133968911, -5.85768278043595, 0.0 ], [ 132.882444106610251, -5.841744798183849, 0.0 ], [ 132.90788737520225, -5.820579606363711, 0.0 ], [ 132.91255268475868, -5.794539963148696, 0.0 ], [ 132.937051979964906, -5.7779966526234, 0.0 ], [ 132.92934765616954, -5.76213365404488, 0.0 ], [ 132.943014739638585, -5.729097402223252, 0.0 ], [ 132.940921553187223, -5.687626694916029, 0.0 ], [ 132.977260960924639, -5.639917079409677, 0.0 ], [ 132.979228676662217, -5.657768647205311, 0.0 ], [ 133.005519374619553, -5.648565209316895, 0.0 ], [ 133.008720910741545, -5.617477797362439, 0.0 ], [ 133.019131792797964, -5.61029375115563, 0.0 ], [ 133.013380257792733, -5.59108462525522, 0.0 ], [ 133.029523941976436, -5.561476573784833, 0.0 ], [ 133.029240451385874, -5.546204144705484, 0.0 ], [ 133.038518473648679, -5.540321559592235, 0.0 ], [ 133.035351345588168, -5.532062893687576, 0.0 ], [ 133.040925441655901, -5.532812797872281, 0.0 ], [ 133.054308424794044, -5.452767400794904, 0.0 ], [ 133.073763716722198, -5.415850843241791, 0.0 ], [ 133.074031648142068, -5.387704798037944, 0.0 ], [ 133.091959136704901, -5.367967794378163, 0.0 ], [ 133.119570294833323, -5.280824510642627, 0.0 ], [ 133.131255966789439, -5.293580901937015, 0.0 ], [ 133.141292890954219, -5.279173437204302, 0.0 ], [ 133.157107600435495, -5.276324637671851, 0.0 ] ] ] ] } },
{ "type": "Feature", "properties": { "KDPKAB": "81.03", "KDPPUM": "81", "WADMKK": "Kepulauan Tanimbar", "WADMPR": "Maluku", "METADATA": "TASWIL1000020230928_DATA_BATAS_KABUPATEN", "UPDATED": "Lapak GIS - 2024", "KPPN": "KPPN Saumlaki" }, "geometry": { "type": "MultiPolygon", "coordinates": [ [ [ [ 130.820832211937045, -8.341396655731064, 0.0 ], [ 130.820865603764673, -8.341600013130073, 0.0 ], [ 130.820752499628298, -8.341538234202144, 0.0 ], [ 130.820832211937045, -8.341396655731064, 0.0 ] ] ], [ [ [ 130.700288144282496, -8.257717672032854, 0.0 ], [ 130.700187475971376, -8.257839669565019, 0.0 ], [ 130.700181187911539, -8.257721200073291, 0.0 ], [ 130.700288144282496, -8.257717672032854, 0.0 ] ] ], [ [ [ 130.914833453101465, -8.259386825441588, 0.0 ], [ 130.92083683335332, -8.260143494326737, 0.0 ], [ 130.914346498092527, -8.261943536864695, 0.0 ], [ 130.914833453101465, -8.259386825441588, 0.0 ] ] ], [ [ [ 130.700519881587297, -8.256362828981327, 0.0 ], [ 130.701039544939135, -8.256653017722542, 0.0 ], [ 130.700370916084864, -8.256855271653389, 0.0 ], [ 130.700519881587297, -8.256362828981327, 0.0 ] ] ], [ [ [ 130.701578745163062, -8.25613349286634, 0.0 ], [ 130.701686758237258, -8.256419830710531, 0.0 ], [ 130.701518137152362, -8.256405168163976, 0.0 ], [ 130.701578745163062, -8.25613349286634, 0.0 ] ] ], [ [ [ 130.705892632039394, -8.255695989778093, 0.0 ], [ 130.705619293895381, -8.255641984589861, 0.0 ], [ 130.705794184154342, -8.255570600902455, 0.0 ], [ 130.705892632039394, -8.255695989778093, 0.0 ] ] ], [ [ [ 130.71063442623776, -8.250000079639879, 0.0 ], [ 130.704210953772531, -8.26412393237355, 0.0 ], [ 130.697126910378699, -8.261767104268429, 0.0 ], [ 130.71063442623776, -8.250000079639879, 0.0 ] ] ], [ [ [ 131.108128613844571, -8.175337500025552, 0.0 ], [ 131.107658613754097, -8.17588151521969, 0.0 ], [ 131.10776463033352, -8.174965515246306, 0.0 ], [ 131.108128613844571, -8.175337500025552, 0.0 ] ] ], [ [ [ 131.090505630330654, -8.084060499592365, 0.0 ], [ 131.081299614085964, -8.091898514804523, 0.0 ], [ 131.087247614086237, -8.080444515401979, 0.0 ], [ 131.090505630330654, -8.084060499592365, 0.0 ] ] ], [ [ [ 131.04695434686576, -8.079821734885133, 0.0 ], [ 131.04763963116406, -8.08003588684663, 0.0 ], [ 131.047458791889738, -8.080361873101953, 0.0 ], [ 131.04695434686576, -8.079821734885133, 0.0 ] ] ], [ [ [ 131.034021950152976, -8.07793395808563, 0.0 ], [ 131.044090636573685, -8.094191507232189, 0.0 ], [ 131.08075162928435, -8.110906516322629, 0.0 ], [ 131.086520630023074, -8.123931516226417, 0.0 ], [ 131.064359614404822, -8.151211515199268, 0.0 ], [ 131.066917613656983, -8.162341515848297, 0.0 ], [ 131.107545613938981, -8.138486515640135, 0.0 ], [ 131.12500961440233, -8.116769516000293, 0.0 ], [ 131.165718631010151, -8.118531516316345, 0.0 ], [ 131.166743630614206, -8.132269515825445, 0.0 ], [ 131.140084614413468, -8.160652516200599, 0.0 ], [ 131.084590613865771, -8.183555498587296, 0.0 ], [ 131.055590272972779, -8.205781337338784, 0.0 ], [ 131.03769561416135, -8.200376516163281, 0.0 ], [ 130.98737645116239, -8.236492763430263, 0.0 ], [ 130.925575613923485, -8.22997449972334, 0.0 ], [ 130.887469852251911, -8.24626558638764, 0.0 ], [ 130.882039760126872, -8.261292192980267, 0.0 ], [ 130.892693958259684, -8.265276686070138, 0.0 ], [ 130.898133916846831, -8.287302821368119, 0.0 ], [ 130.826745139276795, -8.320822386843645, 0.0 ], [ 130.819831615436811, -8.340021068017816, 0.0 ], [ 130.75682248686843, -8.340919216448643, 0.0 ], [ 130.763275584800425, -8.326364053358297, 0.0 ], [ 130.798168001352224, -8.298024671901043, 0.0 ], [ 130.799153098037095, -8.282348782670095, 0.0 ], [ 130.816734934869373, -8.26538084734814, 0.0 ], [ 130.819085614309728, -8.252944951048651, 0.0 ], [ 130.829671836286252, -8.256100116327296, 0.0 ], [ 130.872469050806103, -8.220276081276072, 0.0 ], [ 130.908146688818647, -8.219712148796603, 0.0 ], [ 130.923172985145243, -8.211909896924201, 0.0 ], [ 130.928458613774069, -8.195138514730598, 0.0 ], [ 130.913401614592885, -8.155294514630089, 0.0 ], [ 130.923055629913478, -8.134548515701372, 0.0 ], [ 130.936953613418581, -8.125616514790295, 0.0 ], [ 130.943386614200875, -8.140542515124931, 0.0 ], [ 130.973033614409815, -8.136740516061973, 0.0 ], [ 130.97958262503829, -8.14716451203255, 0.0 ], [ 130.997443615030875, -8.145105515107414, 0.0 ], [ 131.002450726320035, -8.130550800778806, 0.0 ], [ 130.985698613900041, -8.128422514687266, 0.0 ], [ 130.98525262930545, -8.115843514666459, 0.0 ], [ 131.016356614865941, -8.07984951494312, 0.0 ], [ 131.034021950152976, -8.07793395808563, 0.0 ] ] ], [ [ [ 131.277022250976188, -8.065571619134886, 0.0 ], [ 131.276639157771029, -8.065471681972518, 0.0 ], [ 131.277088876350547, -8.064983892392679, 0.0 ], [ 131.277022250976188, -8.065571619134886, 0.0 ] ] ], [ [ [ 131.27782389225888, -8.064206283693025, 0.0 ], [ 131.277707297853539, -8.064237216774099, 0.0 ], [ 131.277752507672176, -8.064177731117343, 0.0 ], [ 131.27782389225888, -8.064206283693025, 0.0 ] ] ], [ [ [ 131.274353448053262, -8.063637592900523, 0.0 ], [ 131.274177963342311, -8.063643541915937, 0.0 ], [ 131.274314781701804, -8.06356323515514, 0.0 ], [ 131.274353448053262, -8.063637592900523, 0.0 ] ] ], [ [ [ 131.279195650658806, -8.062553154404455, 0.0 ], [ 131.279020165947969, -8.062425258219079, 0.0 ], [ 131.279272984260842, -8.062139721670718, 0.0 ], [ 131.279195650658806, -8.062553154404455, 0.0 ] ] ], [ [ [ 131.288792128254158, -8.050528506385461, 0.0 ], [ 131.288438825991051, -8.050696020405006, 0.0 ], [ 131.28871750880603, -8.050432565810244, 0.0 ], [ 131.288792128254158, -8.050528506385461, 0.0 ] ] ], [ [ [ 131.288814210207647, -8.050314163767585, 0.0 ], [ 131.288747966145877, -8.050327870334932, 0.0 ], [ 131.288781659246268, -8.050296460613175, 0.0 ], [ 131.288814210207647, -8.050314163767585, 0.0 ] ] ], [ [ [ 131.289572439416588, -8.049530375826102, 0.0 ], [ 131.289263300161224, -8.049603472722016, 0.0 ], [ 131.289558733748692, -8.049192301783208, 0.0 ], [ 131.289572439416588, -8.049530375826102, 0.0 ] ] ], [ [ [ 131.213716615029853, -8.051240515837126, 0.0 ], [ 131.210761861870537, -8.072326399143908, 0.0 ], [ 131.190394630407923, -8.079294515429485, 0.0 ], [ 131.204548630215157, -8.05174751493583, 0.0 ], [ 131.213716615029853, -8.051240515837126, 0.0 ] ] ], [ [ [ 131.290107379551984, -8.048680547069491, 0.0 ], [ 131.28988656631202, -8.048791714965624, 0.0 ], [ 131.290058648887566, -8.048625724397578, 0.0 ], [ 131.290107379551984, -8.048680547069491, 0.0 ] ] ], [ [ [ 131.289738849068698, -8.048534353277752, 0.0 ], [ 131.289464734809769, -8.048889178093059, 0.0 ], [ 131.289712961184222, -8.048511509598448, 0.0 ], [ 131.289738849068698, -8.048534353277752, 0.0 ] ] ], [ [ [ 131.290428702822368, -8.04814450166738, 0.0 ], [ 131.290163599770409, -8.048235115558082, 0.0 ], [ 131.29038453981471, -8.048039424879487, 0.0 ], [ 131.290428702822368, -8.04814450166738, 0.0 ] ] ], [ [ [ 131.290719567853813, -8.047617594276506, 0.0 ], [ 131.290495707710761, -8.047570386164331, 0.0 ], [ 131.290677386052636, -8.047373333012846, 0.0 ], [ 131.290719567853813, -8.047617594276506, 0.0 ] ] ], [ [ [ 131.29132417487088, -8.045064052064248, 0.0 ], [ 131.290448499598597, -8.045893873603376, 0.0 ], [ 131.291486399977487, -8.044446644996643, 0.0 ], [ 131.29132417487088, -8.045064052064248, 0.0 ] ] ], [ [ [ 131.187946629933066, -8.040916516384105, 0.0 ], [ 131.188592326075053, -8.040959605601277, 0.0 ], [ 131.187552629750201, -8.041620500285855, 0.0 ], [ 131.187946629933066, -8.040916516384105, 0.0 ] ] ], [ [ [ 131.292187980890674, -8.041199292912964, 0.0 ], [ 131.294369630054462, -8.041636515412769, 0.0 ], [ 131.291633926564515, -8.044541229394113, 0.0 ], [ 131.292187980890674, -8.041199292912964, 0.0 ] ] ], [ [ [ 131.295401337701605, -8.03949571255707, 0.0 ], [ 131.295274689775141, -8.039428620434457, 0.0 ], [ 131.295495979655783, -8.039257298685314, 0.0 ], [ 131.295401337701605, -8.03949571255707, 0.0 ] ] ], [ [ [ 131.295603055636576, -8.039082645847344, 0.0 ], [ 131.295495980555074, -8.03905171276627, 0.0 ], [ 131.295626850798612, -8.038999365028658, 0.0 ], [ 131.295603055636576, -8.039082645847344, 0.0 ] ] ], [ [ [ 131.295866855571006, -8.039140697984841, 0.0 ], [ 131.295857719358338, -8.038761506937924, 0.0 ], [ 131.29597425171039, -8.038721919680807, 0.0 ], [ 131.295866855571006, -8.039140697984841, 0.0 ] ] ], [ [ [ 131.295143594701244, -8.038628828157872, 0.0 ], [ 131.295375831129718, -8.038701164227273, 0.0 ], [ 131.29476613934591, -8.039406351421956, 0.0 ], [ 131.295143594701244, -8.038628828157872, 0.0 ] ] ], [ [ [ 131.292028992444074, -8.037736295993252, 0.0 ], [ 131.291802086297224, -8.037982998016862, 0.0 ], [ 131.291951326092857, -8.037670812757796, 0.0 ], [ 131.292028992444074, -8.037736295993252, 0.0 ] ] ], [ [ [ 131.293619471361609, -8.037590446641723, 0.0 ], [ 131.293903863972218, -8.037825728174735, 0.0 ], [ 131.293801072361731, -8.037946794908617, 0.0 ], [ 131.293619471361609, -8.037590446641723, 0.0 ] ] ], [ [ [ 131.294140287644268, -8.037244377625878, 0.0 ], [ 131.294007798621124, -8.037194124409268, 0.0 ], [ 131.29410101335111, -8.037133367111142, 0.0 ], [ 131.294140287644268, -8.037244377625878, 0.0 ] ] ], [ [ [ 131.294261135842817, -8.035825110740262, 0.0 ], [ 131.294009865263092, -8.035863182639762, 0.0 ], [ 131.294184993842464, -8.03564998306026, 0.0 ], [ 131.294261135842817, -8.035825110740262, 0.0 ] ] ], [ [ [ 131.293994637042999, -8.034938048252265, 0.0 ], [ 131.294527636441273, -8.035223583901256, 0.0 ], [ 131.294085949706897, -8.035508377609517, 0.0 ], [ 131.293994637042999, -8.034938048252265, 0.0 ] ] ], [ [ [ 131.293775725869068, -8.033848065435816, 0.0 ], [ 131.293806093276686, -8.034524804376169, 0.0 ], [ 131.293698509178967, -8.034645936760469, 0.0 ], [ 131.293775725869068, -8.033848065435816, 0.0 ] ] ], [ [ [ 131.293718873427309, -8.033680093661371, 0.0 ], [ 131.293697171887089, -8.033736059371659, 0.0 ], [ 131.293676614284465, -8.033678952421646, 0.0 ], [ 131.293718873427309, -8.033680093661371, 0.0 ] ] ], [ [ [ 131.268081017624979, -8.060335937053846, 0.0 ], [ 131.288278041598517, -8.034425323170051, 0.0 ], [ 131.285904082307667, -8.041625945680746, 0.0 ], [ 131.290484198187301, -8.035192381922833, 0.0 ], [ 131.281570629780788, -8.061073516029964, 0.0 ], [ 131.268081017624979, -8.060335937053846, 0.0 ] ] ], [ [ [ 131.290702774813326, -8.032788165841147, 0.0 ], [ 131.290660135257099, -8.032632834037994, 0.0 ], [ 131.290777395160745, -8.032637402594016, 0.0 ], [ 131.290702774813326, -8.032788165841147, 0.0 ] ] ], [ [ [ 131.290960684188263, -8.032691159569332, 0.0 ], [ 131.290791646717139, -8.032788242283555, 0.0 ], [ 131.290918424146042, -8.032583797604147, 0.0 ], [ 131.290960684188263, -8.032691159569332, 0.0 ] ] ], [ [ [ 131.291156594301469, -8.032883907666104, 0.0 ], [ 131.290614077377882, -8.033431422122366, 0.0 ], [ 131.291870432074802, -8.031608517019411, 0.0 ], [ 131.291156594301469, -8.032883907666104, 0.0 ] ] ], [ [ [ 131.191373615300193, -8.031544514967308, 0.0 ], [ 131.192970631389613, -8.034420516293732, 0.0 ], [ 131.19114861391742, -8.036250515249037, 0.0 ], [ 131.191373615300193, -8.031544514967308, 0.0 ] ] ], [ [ [ 131.2979195599398, -8.0299519433275, 0.0 ], [ 131.298504907075909, -8.029640233809658, 0.0 ], [ 131.297793511861158, -8.031071781837245, 0.0 ], [ 131.2979195599398, -8.0299519433275, 0.0 ] ] ], [ [ [ 131.299350323758517, -8.029003385198035, 0.0 ], [ 131.299288225571217, -8.0290805848011, 0.0 ], [ 131.299249486374748, -8.029054166316634, 0.0 ], [ 131.299350323758517, -8.029003385198035, 0.0 ] ] ], [ [ [ 131.298391644658778, -8.028812181237104, 0.0 ], [ 131.29825839480921, -8.028806471441445, 0.0 ], [ 131.298385933963829, -8.028734135372044, 0.0 ], [ 131.298391644658778, -8.028812181237104, 0.0 ] ] ], [ [ [ 131.290621825936569, -8.028551207871875, 0.0 ], [ 131.29049987876644, -8.02866720692597, 0.0 ], [ 131.29050880183982, -8.028545259755919, 0.0 ], [ 131.290621825936569, -8.028551207871875, 0.0 ] ] ], [ [ [ 131.299132132941622, -8.028381975247871, 0.0 ], [ 131.299165957343149, -8.028630177340705, 0.0 ], [ 131.299107953769123, -8.028605162698081, 0.0 ], [ 131.299132132941622, -8.028381975247871, 0.0 ] ] ], [ [ [ 131.300449396922204, -8.027401531655336, 0.0 ], [ 131.300325664597807, -8.027401531655336, 0.0 ], [ 131.300430360972399, -8.027306353705193, 0.0 ], [ 131.300449396922204, -8.027401531655336, 0.0 ] ] ], [ [ [ 131.299319271966908, -8.02401127639925, 0.0 ], [ 131.299276441754529, -8.024158802986374, 0.0 ], [ 131.299247888279496, -8.024101696036361, 0.0 ], [ 131.299319271966908, -8.02401127639925, 0.0 ] ] ], [ [ [ 131.323296630335363, -8.02022251535675, 0.0 ], [ 131.322715614334271, -8.020843515216018, 0.0 ], [ 131.323169614586163, -8.020079498869741, 0.0 ], [ 131.323296630335363, -8.02022251535675, 0.0 ] ] ], [ [ [ 131.285303630158523, -8.020154515818216, 0.0 ], [ 131.284945613649256, -8.020254515933161, 0.0 ], [ 131.285272629628281, -8.019981515034829, 0.0 ], [ 131.285303630158523, -8.020154515818216, 0.0 ] ] ], [ [ [ 131.285968614060408, -8.019651515105313, 0.0 ], [ 131.28551361466171, -8.019720514689936, 0.0 ], [ 131.285945630086843, -8.019320499841136, 0.0 ], [ 131.285968614060408, -8.019651515105313, 0.0 ] ] ], [ [ [ 131.286119613829186, -8.017609515366857, 0.0 ], [ 131.285710630041649, -8.017732500354562, 0.0 ], [ 131.2859686149597, -8.017470499963579, 0.0 ], [ 131.286119613829186, -8.017609515366857, 0.0 ] ] ], [ [ [ 131.318235614582051, -8.01685150019658, 0.0 ], [ 131.318208615135546, -8.017136516037375, 0.0 ], [ 131.318066614882468, -8.017123515437845, 0.0 ], [ 131.318235614582051, -8.01685150019658, 0.0 ] ] ], [ [ [ 131.326669630299335, -8.013251514945434, 0.0 ], [ 131.32513862984402, -8.013339516305589, 0.0 ], [ 131.326523613673885, -8.01292951538473, 0.0 ], [ 131.326669630299335, -8.013251514945434, 0.0 ] ] ], [ [ [ 131.070864192228754, -8.012267975886349, 0.0 ], [ 131.070775878803829, -8.016504040828725, 0.0 ], [ 131.065405435112837, -8.018229150954497, 0.0 ], [ 131.070864192228754, -8.012267975886349, 0.0 ] ] ], [ [ [ 131.091723613653926, -8.015006514938676, 0.0 ], [ 131.09554276098973, -8.03200461711933, 0.0 ], [ 131.10613161438252, -8.03716351508406, 0.0 ], [ 131.099407613670451, -8.051915968746908, 0.0 ], [ 131.080790630183571, -8.034934515715335, 0.0 ], [ 131.08137761498503, -8.012207515364516, 0.0 ], [ 131.091723613653926, -8.015006514938676, 0.0 ] ] ], [ [ [ 131.327880630386829, -8.010557514817478, 0.0 ], [ 131.326756615425552, -8.010388515117821, 0.0 ], [ 131.327867629787306, -8.010364498722637, 0.0 ], [ 131.327880630386829, -8.010557514817478, 0.0 ] ] ], [ [ [ 131.22774061513735, -8.008575515147847, 0.0 ], [ 131.22731761361706, -8.008946515169484, 0.0 ], [ 131.227409629550863, -8.008651515055281, 0.0 ], [ 131.22774061513735, -8.008575515147847, 0.0 ] ] ], [ [ [ 131.140539614711543, -8.00222951478025, 0.0 ], [ 131.13908662864506, -8.002361514572236, 0.0 ], [ 131.139020630098059, -8.002086499192522, 0.0 ], [ 131.140539614711543, -8.00222951478025, 0.0 ] ] ], [ [ [ 131.336304640246993, -8.001563517342429, 0.0 ], [ 131.336154614444013, -8.001804514966331, 0.0 ], [ 131.336097630701119, -8.001654516142924, 0.0 ], [ 131.336304640246993, -8.001563517342429, 0.0 ] ] ], [ [ [ 131.138501614258161, -8.001985499031488, 0.0 ], [ 131.137682615160656, -8.002311499675923, 0.0 ], [ 131.137633613800261, -8.001571515013399, 0.0 ], [ 131.138501614258161, -8.001985499031488, 0.0 ] ] ], [ [ [ 131.336327614327928, -8.000925499612137, 0.0 ], [ 131.335922629825575, -8.001248516305974, 0.0 ], [ 131.336145630216691, -8.000754515108692, 0.0 ], [ 131.336327614327928, -8.000925499612137, 0.0 ] ] ], [ [ [ 131.323266124432138, -7.998952130736185, 0.0 ], [ 131.322745181345084, -7.999397401268985, 0.0 ], [ 131.323066409287463, -7.998854884345422, 0.0 ], [ 131.323266124432138, -7.998952130736185, 0.0 ] ] ], [ [ [ 131.34289361494848, -7.989829514920092, 0.0 ], [ 131.342590613566017, -7.989937499216174, 0.0 ], [ 131.342812613911065, -7.989612515704962, 0.0 ], [ 131.34289361494848, -7.989829514920092, 0.0 ] ] ], [ [ [ 131.254035629840502, -8.000632499590115, 0.0 ], [ 131.251186628859841, -7.98918649965719, 0.0 ], [ 131.253329629658822, -7.987790516219277, 0.0 ], [ 131.258244614397569, -7.996744500158552, 0.0 ], [ 131.254035629840502, -8.000632499590115, 0.0 ] ] ], [ [ [ 131.342707613565665, -7.983293500394665, 0.0 ], [ 131.342601631160392, -7.983565499448257, 0.0 ], [ 131.342618630145722, -7.983324500025616, 0.0 ], [ 131.342707613565665, -7.983293500394665, 0.0 ] ] ], [ [ [ 131.33604345733977, -7.956619839633809, 0.0 ], [ 131.337764897332278, -7.955146592740973, 0.0 ], [ 131.34024343698519, -7.956075836130853, 0.0 ], [ 131.33604345733977, -7.956619839633809, 0.0 ] ] ], [ [ [ 131.28222463026259, -7.946741515408532, 0.0 ], [ 131.280098614959229, -7.946164499591894, 0.0 ], [ 131.282040628971913, -7.945064515414994, 0.0 ], [ 131.28222463026259, -7.946741515408532, 0.0 ] ] ], [ [ [ 131.361663629772778, -7.929668514989955, 0.0 ], [ 131.361832631271, -7.932822514747232, 0.0 ], [ 131.35629363034684, -7.932154516317861, 0.0 ], [ 131.361663629772778, -7.929668514989955, 0.0 ] ] ], [ [ [ 131.361188630351108, -7.912922515261815, 0.0 ], [ 131.361045613864007, -7.913141514569214, 0.0 ], [ 131.361027630121072, -7.912964515400026, 0.0 ], [ 131.361188630351108, -7.912922515261815, 0.0 ] ] ], [ [ [ 131.361974628826118, -7.912910514708375, 0.0 ], [ 131.361574630165165, -7.912679514847713, 0.0 ], [ 131.362051615289829, -7.912711499236273, 0.0 ], [ 131.361974628826118, -7.912910514708375, 0.0 ] ] ], [ [ [ 131.369203615054857, -7.909707516288814, 0.0 ], [ 131.369053629721293, -7.909781515204698, 0.0 ], [ 131.3691466304127, -7.909633514674911, 0.0 ], [ 131.369203615054857, -7.909707516288814, 0.0 ] ] ], [ [ [ 131.36832261399752, -7.909515514629265, 0.0 ], [ 131.368138615404888, -7.909852515780961, 0.0 ], [ 131.368076614344318, -7.909797515043219, 0.0 ], [ 131.36832261399752, -7.909515514629265, 0.0 ] ] ], [ [ [ 131.369392614777382, -7.909294516128965, 0.0 ], [ 131.368760630598615, -7.908847516199805, 0.0 ], [ 131.369567630042184, -7.908937514954299, 0.0 ], [ 131.369392614777382, -7.909294516128965, 0.0 ] ] ], [ [ [ 131.370835614771835, -7.908048515326697, 0.0 ], [ 131.370621630084173, -7.908360516224792, 0.0 ], [ 131.370645615003298, -7.907794515304615, 0.0 ], [ 131.370835614771835, -7.908048515326697, 0.0 ] ] ], [ [ [ 131.366712630583464, -7.892596515017106, 0.0 ], [ 131.366392630215728, -7.89267351497072, 0.0 ], [ 131.366439614396739, -7.89245551481013, 0.0 ], [ 131.366712630583464, -7.892596515017106, 0.0 ] ] ], [ [ [ 131.369414631080417, -7.891242516428924, 0.0 ], [ 131.369398623148015, -7.891516506581445, 0.0 ], [ 131.369061614801694, -7.891404514906401, 0.0 ], [ 131.369414631080417, -7.891242516428924, 0.0 ] ] ], [ [ [ 131.099977860290096, -7.88771898164569, 0.0 ], [ 131.099317560057443, -7.888325744337602, 0.0 ], [ 131.099626889969016, -7.887260935343824, 0.0 ], [ 131.099977860290096, -7.88771898164569, 0.0 ] ] ], [ [ [ 131.101256626991869, -7.877980510092434, 0.0 ], [ 131.101033606815577, -7.8783315100911, 0.0 ], [ 131.101082609075235, -7.877949508662833, 0.0 ], [ 131.101256626991869, -7.877980510092434, 0.0 ] ] ], [ [ [ 131.101094617722566, -7.876932510327065, 0.0 ], [ 131.103815619095599, -7.876704512403236, 0.0 ], [ 131.102092634967221, -7.878360511428432, 0.0 ], [ 131.101094617722566, -7.876932510327065, 0.0 ] ] ], [ [ [ 131.45635563030811, -7.844022515226871, 0.0 ], [ 131.454140630685657, -7.849504515321096, 0.0 ], [ 131.446597638070614, -7.848663508014456, 0.0 ], [ 131.447926614821483, -7.845617515036255, 0.0 ], [ 131.45635563030811, -7.844022515226871, 0.0 ] ] ], [ [ [ 131.431584630126565, -7.840799499697119, 0.0 ], [ 131.438901631205312, -7.841894515119722, 0.0 ], [ 131.4422456154428, -7.850609515017108, 0.0 ], [ 131.435440851114436, -7.849329470378733, 0.0 ], [ 131.431584630126565, -7.840799499697119, 0.0 ] ] ], [ [ [ 131.100619636287234, -7.837459521939375, 0.0 ], [ 131.09969963343147, -7.83779950704158, 0.0 ], [ 131.099919613899175, -7.837399514675861, 0.0 ], [ 131.100619636287234, -7.837459521939375, 0.0 ] ] ], [ [ [ 131.097989631016787, -7.835240496951349, 0.0 ], [ 131.09743961374727, -7.835569514821187, 0.0 ], [ 131.097869626382277, -7.835019510142231, 0.0 ], [ 131.097989631016787, -7.835240496951349, 0.0 ] ] ], [ [ [ 131.096079633768142, -7.834059509938455, 0.0 ], [ 131.095299632871843, -7.836669510689357, 0.0 ], [ 131.093599611133158, -7.834719509797487, 0.0 ], [ 131.096079633768142, -7.834059509938455, 0.0 ] ] ], [ [ [ 131.006037481644512, -7.768869068552656, 0.0 ], [ 131.004685947198823, -7.768345587578799, 0.0 ], [ 131.005558119611607, -7.768061923418993, 0.0 ], [ 131.006037481644512, -7.768869068552656, 0.0 ] ] ], [ [ [ 131.104409617709706, -7.754609496431079, 0.0 ], [ 131.101699609649359, -7.755049511325821, 0.0 ], [ 131.105259611941591, -7.752139504834225, 0.0 ], [ 131.104409617709706, -7.754609496431079, 0.0 ] ] ], [ [ [ 131.111760622155117, -7.753499507296428, 0.0 ], [ 131.110579609061858, -7.753439517119957, 0.0 ], [ 131.112859626070986, -7.75160951097014, 0.0 ], [ 131.111760622155117, -7.753499507296428, 0.0 ] ] ], [ [ [ 131.114959640175385, -7.751939502805775, 0.0 ], [ 131.113339619427961, -7.752389510967176, 0.0 ], [ 131.114999617738249, -7.751479511270335, 0.0 ], [ 131.114959640175385, -7.751939502805775, 0.0 ] ] ], [ [ [ 131.02172962971872, -7.751639515950862, 0.0 ], [ 131.019909629425939, -7.751969514981098, 0.0 ], [ 131.021299614385669, -7.750769515400772, 0.0 ], [ 131.02172962971872, -7.751639515950862, 0.0 ] ] ], [ [ [ 131.0285496141735, -7.754139515226458, 0.0 ], [ 131.023129628629476, -7.752419514149248, 0.0 ], [ 131.027406613624436, -7.749742513905814, 0.0 ], [ 131.0285496141735, -7.754139515226458, 0.0 ] ] ], [ [ [ 131.115612613631214, -7.749773515335415, 0.0 ], [ 131.114119631116182, -7.750119505210921, 0.0 ], [ 131.11461761541068, -7.749296514922203, 0.0 ], [ 131.115612613631214, -7.749773515335415, 0.0 ] ] ], [ [ [ 131.117439614246905, -7.748819499220509, 0.0 ], [ 131.116270614297548, -7.749952516395434, 0.0 ], [ 131.116376629977594, -7.748472514694774, 0.0 ], [ 131.117439614246905, -7.748819499220509, 0.0 ] ] ], [ [ [ 131.108593628992821, -7.74733449908778, 0.0 ], [ 131.112329634904768, -7.75008951102201, 0.0 ], [ 131.106169617933574, -7.751289510602336, 0.0 ], [ 131.108593628992821, -7.74733449908778, 0.0 ] ] ], [ [ [ 130.935509657444783, -7.745006846788519, 0.0 ], [ 130.93534904302399, -7.74548273923699, 0.0 ], [ 130.935224120896578, -7.745452995958927, 0.0 ], [ 130.935509657444783, -7.745006846788519, 0.0 ] ] ], [ [ [ 130.937071628752733, -7.746344513688345, 0.0 ], [ 130.936503615149803, -7.745516513276377, 0.0 ], [ 130.938894612996023, -7.744932513324779, 0.0 ], [ 130.937071628752733, -7.746344513688345, 0.0 ] ] ], [ [ [ 131.120979613818236, -7.74322851568339, 0.0 ], [ 131.118587630314977, -7.744157499169172, 0.0 ], [ 131.120786630099019, -7.742318515087358, 0.0 ], [ 131.120979613818236, -7.74322851568339, 0.0 ] ] ], [ [ [ 131.119869333303171, -7.741673914319661, 0.0 ], [ 131.118712914869178, -7.742016556918577, 0.0 ], [ 131.119003029866008, -7.741101209852878, 0.0 ], [ 131.119869333303171, -7.741673914319661, 0.0 ] ] ], [ [ [ 131.121547630119181, -7.737992499953864, 0.0 ], [ 131.121010615247769, -7.73896149877407, 0.0 ], [ 131.120785614764372, -7.73849051572462, 0.0 ], [ 131.121547630119181, -7.737992499953864, 0.0 ] ] ], [ [ [ 130.955757629810847, -7.73786951406679, 0.0 ], [ 130.953344701996485, -7.760650229124692, 0.0 ], [ 130.948702614733975, -7.774128515218751, 0.0 ], [ 130.942070281018687, -7.776548419074273, 0.0 ], [ 130.94989363008699, -7.765046499296417, 0.0 ], [ 130.944699630683431, -7.74687051366321, 0.0 ], [ 130.955757629810847, -7.73786951406679, 0.0 ] ] ], [ [ [ 131.00423562967066, -7.74563049964783, 0.0 ], [ 131.014356615265683, -7.745744514797507, 0.0 ], [ 131.005279617560404, -7.760839511234411, 0.0 ], [ 130.996924922047583, -7.750282969583359, 0.0 ], [ 131.003843629579961, -7.736411514279932, 0.0 ], [ 131.00423562967066, -7.74563049964783, 0.0 ] ] ], [ [ [ 130.965205094239735, -7.736021757997661, 0.0 ], [ 130.965176540764787, -7.736283497585265, 0.0 ], [ 130.96502901417773, -7.736145490322047, 0.0 ], [ 130.965205094239735, -7.736021757997661, 0.0 ] ] ], [ [ [ 130.983153269008199, -7.736154411596789, 0.0 ], [ 130.984420331932824, -7.736547024125765, 0.0 ], [ 130.982501793822763, -7.73660368591134, 0.0 ], [ 130.983153269008199, -7.736154411596789, 0.0 ] ] ], [ [ [ 131.116421630254081, -7.733745516342498, 0.0 ], [ 131.115726629680267, -7.742461515386604, 0.0 ], [ 131.114495789649027, -7.742179299135258, 0.0 ], [ 131.116421630254081, -7.733745516342498, 0.0 ] ] ], [ [ [ 130.965797649442067, -7.733449340814395, 0.0 ], [ 130.965167022340324, -7.73348564914336, 0.0 ], [ 130.965568420346358, -7.733252358709367, 0.0 ], [ 130.965797649442067, -7.733449340814395, 0.0 ] ] ], [ [ [ 131.107360629689452, -7.733130498773447, 0.0 ], [ 131.105433629858197, -7.73422051486479, 0.0 ], [ 131.10640562971605, -7.732344500298342, 0.0 ], [ 131.107360629689452, -7.733130498773447, 0.0 ] ] ], [ [ [ 131.081924421674842, -7.734625298818435, 0.0 ], [ 131.078973889933053, -7.735041704710869, 0.0 ], [ 131.081905537710497, -7.731783865632806, 0.0 ], [ 131.081924421674842, -7.734625298818435, 0.0 ] ] ], [ [ [ 131.099560615330262, -7.730688515662435, 0.0 ], [ 131.098926613972168, -7.731524514644565, 0.0 ], [ 131.0984966292161, -7.731235514807081, 0.0 ], [ 131.099560615330262, -7.730688515662435, 0.0 ] ] ], [ [ [ 131.096827614303066, -7.731836516442029, 0.0 ], [ 131.094847630014186, -7.731826515081578, 0.0 ], [ 131.096835613772697, -7.730539498898707, 0.0 ], [ 131.096827614303066, -7.731836516442029, 0.0 ] ] ], [ [ [ 131.098984613948801, -7.729983516426112, 0.0 ], [ 131.098678630414497, -7.730331500098568, 0.0 ], [ 131.098904613856917, -7.729958515273231, 0.0 ], [ 131.098984613948801, -7.729983516426112, 0.0 ] ] ], [ [ [ 131.104792629975975, -7.733468499971234, 0.0 ], [ 131.10165361382326, -7.734600516200788, 0.0 ], [ 131.103670630395328, -7.731034515430472, 0.0 ], [ 131.103520613585516, -7.728032516387521, 0.0 ], [ 131.104792629975975, -7.733468499971234, 0.0 ] ] ], [ [ [ 131.092935737894095, -7.724058684760474, 0.0 ], [ 131.092831614387592, -7.731136514738316, 0.0 ], [ 131.098025613791123, -7.736506515063616, 0.0 ], [ 131.09232961911664, -7.750329512197211, 0.0 ], [ 131.079185613725144, -7.74300651533835, 0.0 ], [ 131.087379610280919, -7.75458951079722, 0.0 ], [ 131.079770616420859, -7.767270491240178, 0.0 ], [ 131.07037961772528, -7.766059495649173, 0.0 ], [ 131.064350634674184, -7.753929510938099, 0.0 ], [ 131.092935737894095, -7.724058684760474, 0.0 ] ] ], [ [ [ 131.10227061439744, -7.728606514978668, 0.0 ], [ 131.099804631078939, -7.729948514812061, 0.0 ], [ 131.104044614367467, -7.723370515436904, 0.0 ], [ 131.10227061439744, -7.728606514978668, 0.0 ] ] ], [ [ [ 131.096841576277853, -7.728371246935487, 0.0 ], [ 131.091862613768626, -7.72139349981014, 0.0 ], [ 131.092563613719875, -7.720343499952501, 0.0 ], [ 131.099229629743775, -7.72330051490682, 0.0 ], [ 131.096841576277853, -7.728371246935487, 0.0 ] ] ], [ [ [ 131.104400630784539, -7.720434498753085, 0.0 ], [ 131.098576614918869, -7.721881515119814, 0.0 ], [ 131.100788629691579, -7.717878513982227, 0.0 ], [ 131.104400630784539, -7.720434498753085, 0.0 ] ] ], [ [ [ 131.037500630349825, -7.712903498597504, 0.0 ], [ 131.033499614915399, -7.71299951381648, 0.0 ], [ 131.034894615394279, -7.708565499997792, 0.0 ], [ 131.037500630349825, -7.712903498597504, 0.0 ] ] ], [ [ [ 131.111929629948577, -7.69069751507823, 0.0 ], [ 131.109699628734916, -7.692782514101707, 0.0 ], [ 131.109506615338091, -7.690039515311379, 0.0 ], [ 131.111929629948577, -7.69069751507823, 0.0 ] ] ], [ [ [ 130.96199661715022, -7.687410495697725, 0.0 ], [ 130.961525611617787, -7.687443497219596, 0.0 ], [ 130.962391626372522, -7.68731549671278, 0.0 ], [ 130.96199661715022, -7.687410495697725, 0.0 ] ] ], [ [ [ 131.113840613753382, -7.683526499148544, 0.0 ], [ 131.119374614446969, -7.685245514568776, 0.0 ], [ 131.114876630052521, -7.688497499959616, 0.0 ], [ 131.113840613753382, -7.683526499148544, 0.0 ] ] ], [ [ [ 130.931551839146096, -7.67688918318921, 0.0 ], [ 130.930899431363713, -7.676576375599246, 0.0 ], [ 130.931869062407344, -7.676516889043209, 0.0 ], [ 130.931551839146096, -7.67688918318921, 0.0 ] ] ], [ [ [ 131.05502162984439, -7.650316515394787, 0.0 ], [ 131.052949614333301, -7.658577515040203, 0.0 ], [ 131.048229614305342, -7.660144515357085, 0.0 ], [ 131.045919655268051, -7.654646935407675, 0.0 ], [ 131.05502162984439, -7.650316515394787, 0.0 ] ] ], [ [ [ 130.943741617082111, -7.641969511783468, 0.0 ], [ 130.951925379352815, -7.644418515002442, 0.0 ], [ 130.944786996223058, -7.64629353042208, 0.0 ], [ 130.943741617082111, -7.641969511783468, 0.0 ] ] ], [ [ [ 131.097334615200339, -7.63538451478352, 0.0 ], [ 131.124250613574986, -7.639770500308333, 0.0 ], [ 131.10200661481349, -7.695729498917173, 0.0 ], [ 131.070536628562706, -7.707808499262806, 0.0 ], [ 131.053966613568349, -7.704492513618603, 0.0 ], [ 131.061737516873023, -7.681748411759751, 0.0 ], [ 131.035798629203413, -7.687547514606123, 0.0 ], [ 131.025712629933963, -7.710566499644215, 0.0 ], [ 131.040551629853894, -7.723909515112019, 0.0 ], [ 131.002740614687667, -7.726225514895527, 0.0 ], [ 130.994083362956871, -7.739891911282618, 0.0 ], [ 130.967435640442488, -7.741116580165989, 0.0 ], [ 130.962143629325112, -7.69026851418058, 0.0 ], [ 130.969931612553978, -7.680860513801661, 0.0 ], [ 131.012756698862603, -7.674108162861407, 0.0 ], [ 131.044027614782578, -7.656154498631177, 0.0 ], [ 131.04466462976896, -7.67572349993955, 0.0 ], [ 131.06143561356285, -7.648423499145077, 0.0 ], [ 131.096098613959953, -7.643854499785244, 0.0 ], [ 131.097334615200339, -7.63538451478352, 0.0 ] ] ], [ [ [ 130.873305074969238, -7.568419684021136, 0.0 ], [ 130.87416168101683, -7.569026446713138, 0.0 ], [ 130.873512088112392, -7.569376227231021, 0.0 ], [ 130.873305074969238, -7.568419684021136, 0.0 ] ] ], [ [ [ 130.934252588686007, -7.561281300891291, 0.0 ], [ 130.93390280906749, -7.561531144246895, 0.0 ], [ 130.93414470061748, -7.561225720990165, 0.0 ], [ 130.934252588686007, -7.561281300891291, 0.0 ] ] ], [ [ [ 130.934795107408377, -7.5609457971108, 0.0 ], [ 130.934588093365846, -7.561167086991442, 0.0 ], [ 130.93454526315341, -7.56101004197978, 0.0 ], [ 130.934795107408377, -7.5609457971108, 0.0 ] ] ], [ [ [ 130.951875627058598, -7.561004512947881, 0.0 ], [ 130.950541611406265, -7.56141951140135, 0.0 ], [ 130.950333611706924, -7.559934512167991, 0.0 ], [ 130.951875627058598, -7.561004512947881, 0.0 ] ] ], [ [ [ 130.941426664109429, -7.554799648584857, 0.0 ], [ 130.941162544016237, -7.554999523808962, 0.0 ], [ 130.941262482077974, -7.554742541634933, 0.0 ], [ 130.941426664109429, -7.554799648584857, 0.0 ] ] ], [ [ [ 130.947414003153796, -7.54642713840166, 0.0 ], [ 130.947206990010613, -7.546612736888284, 0.0 ], [ 130.94714274424237, -7.546391447007642, 0.0 ], [ 130.947414003153796, -7.54642713840166, 0.0 ] ] ], [ [ [ 130.987996086750059, -7.544994683857523, 0.0 ], [ 130.987830651063746, -7.545474380438203, 0.0 ], [ 130.987775986672602, -7.545048221398235, 0.0 ], [ 130.987996086750059, -7.544994683857523, 0.0 ] ] ], [ [ [ 130.987580807708127, -7.541798112892532, 0.0 ], [ 130.987156137046128, -7.541890677412758, 0.0 ], [ 130.987394083270345, -7.541657490400836, 0.0 ], [ 130.987580807708127, -7.541798112892532, 0.0 ] ] ], [ [ [ 130.959656309591082, -7.539560390999237, 0.0 ], [ 130.959270836779751, -7.539596083292536, 0.0 ], [ 130.959642032853623, -7.539374793411894, 0.0 ], [ 130.959656309591082, -7.539560390999237, 0.0 ] ] ], [ [ [ 130.958771150967891, -7.539446177099388, 0.0 ], [ 130.95849275413741, -7.539489007311743, 0.0 ], [ 130.958602346421202, -7.539309365934414, 0.0 ], [ 130.958771150967891, -7.539446177099388, 0.0 ] ] ], [ [ [ 130.959073479657349, -7.539099973185141, 0.0 ], [ 130.959092515607153, -7.53935695356052, 0.0 ], [ 130.958964024070553, -7.53926653572197, 0.0 ], [ 130.959073479657349, -7.539099973185141, 0.0 ] ] ], [ [ [ 130.98932257327823, -7.539171187800057, 0.0 ], [ 130.988972792760251, -7.539292541417612, 0.0 ], [ 130.989115560135048, -7.539028420425246, 0.0 ], [ 130.98932257327823, -7.539171187800057, 0.0 ] ] ], [ [ [ 130.989943612707606, -7.53765785092904, 0.0 ], [ 130.989765153039514, -7.537857726153145, 0.0 ], [ 130.989787987725549, -7.537583044421917, 0.0 ], [ 130.989943612707606, -7.53765785092904, 0.0 ] ] ], [ [ [ 130.990164902588248, -7.537243824642718, 0.0 ], [ 130.990079242163375, -7.537615020716596, 0.0 ], [ 130.989865091101137, -7.537343761805086, 0.0 ], [ 130.990164902588248, -7.537243824642718, 0.0 ] ] ], [ [ [ 130.994961896274532, -7.5325324922807, 0.0 ], [ 130.994671763291279, -7.53303118793898, 0.0 ], [ 130.994519315613957, -7.53283944168686, 0.0 ], [ 130.994961896274532, -7.5325324922807, 0.0 ] ] ], [ [ [ 130.997411632440986, -7.529376496028454, 0.0 ], [ 130.996773612012674, -7.529483497365489, 0.0 ], [ 130.9970336150094, -7.529086507836062, 0.0 ], [ 130.997411632440986, -7.529376496028454, 0.0 ] ] ], [ [ [ 130.996589617017349, -7.528051511368154, 0.0 ], [ 130.995653611624959, -7.529215496697787, 0.0 ], [ 130.995385617252481, -7.527944511829769, 0.0 ], [ 130.996589617017349, -7.528051511368154, 0.0 ] ] ], [ [ [ 130.945033556153732, -7.525351472292544, 0.0 ], [ 130.945504689389992, -7.525180151442771, 0.0 ], [ 130.945399761889604, -7.52554807758166, 0.0 ], [ 130.945033556153732, -7.525351472292544, 0.0 ] ] ], [ [ [ 130.977991533682371, -7.52392312944881, 0.0 ], [ 130.977855905126063, -7.524157743684937, 0.0 ], [ 130.977879699388723, -7.523972146097594, 0.0 ], [ 130.977991533682371, -7.52392312944881, 0.0 ] ] ], [ [ [ 130.954306314684715, -7.523195681335507, 0.0 ], [ 130.954106441259341, -7.523524046297662, 0.0 ], [ 130.954192100784866, -7.523231371830334, 0.0 ], [ 130.954306314684715, -7.523195681335507, 0.0 ] ] ], [ [ [ 130.987568629988317, -7.522979513993348, 0.0 ], [ 130.986939628860796, -7.522845514109092, 0.0 ], [ 130.987453630980326, -7.522765497829446, 0.0 ], [ 130.987568629988317, -7.522979513993348, 0.0 ] ] ], [ [ [ 130.98009056212976, -7.521986621985003, 0.0 ], [ 130.980019178442376, -7.522429200846918, 0.0 ], [ 130.979869272249118, -7.522293572290532, 0.0 ], [ 130.98009056212976, -7.521986621985003, 0.0 ] ] ], [ [ [ 130.9805402798101, -7.521936652954134, 0.0 ], [ 130.980368958960355, -7.522107973803908, 0.0 ], [ 130.980318989929458, -7.521972345247522, 0.0 ], [ 130.9805402798101, -7.521936652954134, 0.0 ] ] ], [ [ [ 131.153585629073604, -7.526910515407862, 0.0 ], [ 131.164958614848246, -7.529337514015014, 0.0 ], [ 131.158721489105432, -7.532051568125357, 0.0 ], [ 131.153585629073604, -7.526910515407862, 0.0 ] ] ], [ [ [ 130.982955614210255, -7.520799499796985, 0.0 ], [ 130.995512630303665, -7.529513514936673, 0.0 ], [ 130.985055073432903, -7.54872252572392, 0.0 ], [ 130.965689630072433, -7.538149514788265, 0.0 ], [ 130.980624614634309, -7.53116951486115, 0.0 ], [ 130.982955614210255, -7.520799499796985, 0.0 ] ] ], [ [ [ 130.971091629175334, -7.519112498442996, 0.0 ], [ 130.969976616427772, -7.519636513614162, 0.0 ], [ 130.970066628672015, -7.519106515253408, 0.0 ], [ 130.971091629175334, -7.519112498442996, 0.0 ] ] ], [ [ [ 130.958303810172765, -7.518898374360442, 0.0 ], [ 130.958082520292123, -7.519226740221788, 0.0 ], [ 130.958103934948667, -7.518948343391311, 0.0 ], [ 130.958303810172765, -7.518898374360442, 0.0 ] ] ], [ [ [ 130.981889895102626, -7.518364549384397, 0.0 ], [ 130.981705824564159, -7.518392792593235, 0.0 ], [ 130.981770070332601, -7.518261923249073, 0.0 ], [ 130.981889895102626, -7.518364549384397, 0.0 ] ] ], [ [ [ 131.039399615400043, -7.519639513752522, 0.0 ], [ 131.037829614045592, -7.518679515347308, 0.0 ], [ 131.039549614223347, -7.518369499253001, 0.0 ], [ 131.039399615400043, -7.519639513752522, 0.0 ] ] ], [ [ [ 130.984795216126372, -7.518364549384397, 0.0 ], [ 130.984559650407618, -7.518407378697559, 0.0 ], [ 130.984656841939795, -7.51821409370537, 0.0 ], [ 130.984795216126372, -7.518364549384397, 0.0 ] ] ], [ [ [ 131.037272162080654, -7.518008541960589, 0.0 ], [ 131.037069907250526, -7.518056131385346, 0.0 ], [ 131.037120470733157, -7.517960953435202, 0.0 ], [ 131.037272162080654, -7.518008541960589, 0.0 ] ] ], [ [ [ 131.046066883280133, -7.517436842935935, 0.0 ], [ 131.045876525581207, -7.517588533384049, 0.0 ], [ 131.045822988040584, -7.517389254410459, 0.0 ], [ 131.046066883280133, -7.517436842935935, 0.0 ] ] ], [ [ [ 130.95846085428505, -7.517063810446504, 0.0 ], [ 130.957104562425712, -7.517856169826302, 0.0 ], [ 130.957168807294693, -7.517399314226906, 0.0 ], [ 130.95846085428505, -7.517063810446504, 0.0 ] ] ], [ [ [ 130.988979626708414, -7.516505512219566, 0.0 ], [ 130.988842616793363, -7.516923511710675, 0.0 ], [ 130.988698611951435, -7.516789495638657, 0.0 ], [ 130.988979626708414, -7.516505512219566, 0.0 ] ] ], [ [ [ 131.033003309655157, -7.51621185119589, 0.0 ], [ 131.03333167641577, -7.516411726419995, 0.0 ], [ 131.032917649230171, -7.516454555733069, 0.0 ], [ 131.033003309655157, -7.51621185119589, 0.0 ] ] ], [ [ [ 131.139464629888892, -7.516259499076553, 0.0 ], [ 131.150831629776008, -7.523690515304952, 0.0 ], [ 131.154484630061631, -7.544515515178833, 0.0 ], [ 131.135117614686237, -7.542876515139056, 0.0 ], [ 131.127621615245431, -7.534230513927013, 0.0 ], [ 131.129534628820068, -7.521024500280386, 0.0 ], [ 131.139464629888892, -7.516259499076553, 0.0 ] ] ], [ [ [ 131.042704471034511, -7.516034878107084, 0.0 ], [ 131.042437971335403, -7.516130056956508, 0.0 ], [ 131.042616906744911, -7.515907338952469, 0.0 ], [ 131.042704471034511, -7.516034878107084, 0.0 ] ] ], [ [ [ 131.033445889416242, -7.516185676427759, 0.0 ], [ 131.033840879752972, -7.515843034728213, 0.0 ], [ 131.033950335339767, -7.515938212678356, 0.0 ], [ 131.033445889416242, -7.516185676427759, 0.0 ] ] ], [ [ [ 131.042500788980277, -7.515559699720312, 0.0 ], [ 131.042328278327403, -7.515797645944548, 0.0 ], [ 131.042244998407995, -7.515518059310881, 0.0 ], [ 131.042500788980277, -7.515559699720312, 0.0 ] ] ], [ [ [ 131.007253653733159, -7.515457156322628, 0.0 ], [ 131.007169933145974, -7.515783716345385, 0.0 ], [ 131.007075194065038, -7.515578509040902, 0.0 ], [ 131.007253653733159, -7.515457156322628, 0.0 ] ] ], [ [ [ 131.034796237656337, -7.51510276857779, 0.0 ], [ 131.034814082903722, -7.515284202304055, 0.0 ], [ 131.034617777988132, -7.515171177307937, 0.0 ], [ 131.034796237656337, -7.51510276857779, 0.0 ] ] ], [ [ [ 131.034402432626308, -7.515057812368101, 0.0 ], [ 131.0345356815765, -7.515329070380242, 0.0 ], [ 131.03419779908927, -7.515057812368101, 0.0 ], [ 131.034402432626308, -7.515057812368101, 0.0 ] ] ], [ [ [ 131.03647256405776, -7.514962634417958, 0.0 ], [ 131.036291724783354, -7.51513395526782, 0.0 ], [ 131.036277448045865, -7.514953115993509, 0.0 ], [ 131.03647256405776, -7.514962634417958, 0.0 ] ] ], [ [ [ 131.034407191838454, -7.514757999981629, 0.0 ], [ 131.034212075826645, -7.514829383669034, 0.0 ], [ 131.034259665251398, -7.514672339556831, 0.0 ], [ 131.034407191838454, -7.514757999981629, 0.0 ] ] ], [ [ [ 131.033393540779343, -7.514634268556612, 0.0 ], [ 131.033307880354386, -7.514905526568753, 0.0 ], [ 131.033122282767209, -7.514767518406166, 0.0 ], [ 131.033393540779343, -7.514634268556612, 0.0 ] ] ], [ [ [ 131.032268056325819, -7.514926942124659, 0.0 ], [ 131.033039001049161, -7.514698513425592, 0.0 ], [ 131.033017586392617, -7.515362383067518, 0.0 ], [ 131.032268056325819, -7.514926942124659, 0.0 ] ] ], [ [ [ 131.035963358921919, -7.514724687294442, 0.0 ], [ 131.035787278859829, -7.514757999981629, 0.0 ], [ 131.035730171909989, -7.514596196657112, 0.0 ], [ 131.035963358921919, -7.514724687294442, 0.0 ] ] ], [ [ [ 131.034968744711819, -7.514610473394593, 0.0 ], [ 131.034768868588429, -7.514796071881128, 0.0 ], [ 131.03482597643773, -7.51456764318215, 0.0 ], [ 131.034968744711819, -7.514610473394593, 0.0 ] ] ], [ [ [ 131.033579738214343, -7.514534672237331, 0.0 ], [ 131.033517276700962, -7.51468041367012, 0.0 ], [ 131.033365586252927, -7.51452574916394, 0.0 ], [ 131.033579738214343, -7.514534672237331, 0.0 ] ] ], [ [ [ 131.035678065190609, -7.514441754283467, 0.0 ], [ 131.035575748422133, -7.514523845299141, 0.0 ], [ 131.035511503553153, -7.514452461611735, 0.0 ], [ 131.035678065190609, -7.514441754283467, 0.0 ] ] ], [ [ [ 131.03579703830269, -7.51427995095895, 0.0 ], [ 131.03573993135285, -7.514352524449367, 0.0 ], [ 131.035745880368154, -7.514246638271675, 0.0 ], [ 131.03579703830269, -7.51427995095895, 0.0 ] ] ], [ [ [ 131.036469236566035, -7.514324863101844, 0.0 ], [ 131.036328847898062, -7.514393867183137, 0.0 ], [ 131.036381197434423, -7.514227304646307, 0.0 ], [ 131.036469236566035, -7.514324863101844, 0.0 ] ] ], [ [ [ 131.033550585791033, -7.514134581845403, 0.0 ], [ 131.033398299991688, -7.514229759795547, 0.0 ], [ 131.033403059203891, -7.514125063420955, 0.0 ], [ 131.033550585791033, -7.514134581845403, 0.0 ] ] ], [ [ [ 131.033307880354386, -7.514044162208292, 0.0 ], [ 131.033127041080064, -7.514172652845622, 0.0 ], [ 131.033088970079945, -7.514125063420955, 0.0 ], [ 131.033307880354386, -7.514044162208292, 0.0 ] ] ], [ [ [ 131.03552077916072, -7.514167893633309, 0.0 ], [ 131.035301868886194, -7.514163135320454, 0.0 ], [ 131.035530296685891, -7.51405367973346, 0.0 ], [ 131.03552077916072, -7.514167893633309, 0.0 ] ] ], [ [ [ 131.035969549854912, -7.514315344677395, 0.0 ], [ 131.036283638079425, -7.514136885908477, 0.0 ], [ 131.036148010422409, -7.514367693314376, 0.0 ], [ 131.035969549854912, -7.514315344677395, 0.0 ] ] ], [ [ [ 131.035729224024493, -7.51385848817863, 0.0 ], [ 131.035795847600298, -7.514113090746458, 0.0 ], [ 131.035598353781126, -7.514006014765665, 0.0 ], [ 131.035729224024493, -7.51385848817863, 0.0 ] ] ], [ [ [ 131.031530614046659, -7.51613851508031, 0.0 ], [ 131.029259615438917, -7.515120514000521, 0.0 ], [ 131.031169615385465, -7.513769514651329, 0.0 ], [ 131.031530614046659, -7.51613851508031, 0.0 ] ] ], [ [ [ 130.991263613325145, -7.513336498280746, 0.0 ], [ 130.995840615751803, -7.513648512668673, 0.0 ], [ 130.997498626560457, -7.514760511788125, 0.0 ], [ 130.993643632247881, -7.515569513122492, 0.0 ], [ 130.991263613325145, -7.513336498280746, 0.0 ] ] ], [ [ [ 131.033579142863204, -7.512798458182227, 0.0 ], [ 131.033599963067871, -7.513137531371931, 0.0 ], [ 131.033433401430415, -7.512837125432962, 0.0 ], [ 131.033579142863204, -7.512798458182227, 0.0 ] ] ], [ [ [ 131.033369614316229, -7.512929514585379, 0.0 ], [ 131.03282961459513, -7.5135895144445, 0.0 ], [ 131.032089614644036, -7.512509498814238, 0.0 ], [ 131.033369614316229, -7.512929514585379, 0.0 ] ] ], [ [ [ 131.032880176279122, -7.51224225987233, 0.0 ], [ 131.032782023371709, -7.512438564787852, 0.0 ], [ 131.032707665626248, -7.512402873393834, 0.0 ], [ 131.032880176279122, -7.51224225987233, 0.0 ] ] ], [ [ [ 131.037321892791141, -7.512279216612487, 0.0 ], [ 131.036772237049149, -7.512821734435508, 0.0 ], [ 131.037100602910499, -7.512086480206807, 0.0 ], [ 131.037321892791141, -7.512279216612487, 0.0 ] ] ], [ [ [ 131.036925711752218, -7.51195085075114, 0.0 ], [ 131.03689715827727, -7.512125741010126, 0.0 ], [ 131.036854328064805, -7.512036511176027, 0.0 ], [ 131.036925711752218, -7.51195085075114, 0.0 ] ] ], [ [ [ 131.037057771798771, -7.511711714723805, 0.0 ], [ 131.036907867404267, -7.511872328245309, 0.0 ], [ 131.036886450949083, -7.511733130279711, 0.0 ], [ 131.037057771798771, -7.511711714723805, 0.0 ] ] ], [ [ [ 131.036957834636382, -7.511369073024258, 0.0 ], [ 131.037511059787676, -7.511511840399069, 0.0 ], [ 131.037236230567601, -7.511854482997896, 0.0 ], [ 131.036957834636382, -7.511369073024258, 0.0 ] ] ], [ [ [ 131.036162857329998, -7.510952548421272, 0.0 ], [ 131.036252087164115, -7.511152422746096, 0.0 ], [ 131.036105748581434, -7.511102453715227, 0.0 ], [ 131.036162857329998, -7.510952548421272, 0.0 ] ] ], [ [ [ 131.033028630067321, -7.511329499256973, 0.0 ], [ 131.035899630263742, -7.511189499995367, 0.0 ], [ 131.036830630029641, -7.512189514634374, 0.0 ], [ 131.036629613565907, -7.512959498881759, 0.0 ], [ 131.035068681874264, -7.513987055258368, 0.0 ], [ 131.033028630067321, -7.511329499256973, 0.0 ] ] ], [ [ [ 131.004806972563756, -7.509326277385745, 0.0 ], [ 131.004685775428243, -7.509609015243849, 0.0 ], [ 131.00467863660981, -7.509387725363207, 0.0 ], [ 131.004806972563756, -7.509326277385745, 0.0 ] ] ], [ [ [ 130.997575393589614, -7.509218061064685, 0.0 ], [ 130.997266064577275, -7.509408417864164, 0.0 ], [ 130.997337448264773, -7.509128831230586, 0.0 ], [ 130.997575393589614, -7.509218061064685, 0.0 ] ] ], [ [ [ 131.038124190578969, -7.508841058068398, 0.0 ], [ 131.038114673053826, -7.508993343867657, 0.0 ], [ 131.037962388153829, -7.508902924230546, 0.0 ], [ 131.038124190578969, -7.508841058068398, 0.0 ] ] ], [ [ [ 131.037752995404475, -7.508331852932563, 0.0 ], [ 131.037557879392693, -7.508488897944225, 0.0 ], [ 131.037610227130386, -7.508341371357189, 0.0 ], [ 131.037752995404475, -7.508331852932563, 0.0 ] ] ], [ [ [ 130.997989972059571, -7.507995740311094, 0.0 ], [ 130.9977895455512, -7.508168124159535, 0.0 ], [ 130.997801443581778, -7.507956947155296, 0.0 ], [ 130.997989972059571, -7.507995740311094, 0.0 ] ] ], [ [ [ 131.000319613659286, -7.507669515735564, 0.0 ], [ 131.006479628831812, -7.515699514620859, 0.0 ], [ 131.003528615053597, -7.52064951356413, 0.0 ], [ 130.997546614384731, -7.51642049660857, 0.0 ], [ 131.000319613659286, -7.507669515735564, 0.0 ] ] ], [ [ [ 131.037267585430754, -7.507175435397943, 0.0 ], [ 131.037443664593553, -7.507294409409474, 0.0 ], [ 131.037239031955778, -7.507232542347867, 0.0 ], [ 131.037267585430754, -7.507175435397943, 0.0 ] ] ], [ [ [ 130.97328727628684, -7.507041520050065, 0.0 ], [ 130.973251583993545, -7.507234255556376, 0.0 ], [ 130.973108815719343, -7.507141457212433, 0.0 ], [ 130.97328727628684, -7.507041520050065, 0.0 ] ] ], [ [ [ 131.037967145567336, -7.506789962586672, 0.0 ], [ 131.03781486156663, -7.506870863799334, 0.0 ], [ 131.037857691779067, -7.506780445061415, 0.0 ], [ 131.037967145567336, -7.506789962586672, 0.0 ] ] ], [ [ [ 131.038020288305717, -7.506497289018625, 0.0 ], [ 131.038027426224858, -7.506690025424304, 0.0 ], [ 131.037894176375204, -7.506609123312361, 0.0 ], [ 131.038020288305717, -7.506497289018625, 0.0 ] ] ], [ [ [ 131.03830106474237, -7.506314070138202, 0.0 ], [ 131.038262992842874, -7.506428284937331, 0.0 ], [ 131.038224921842669, -7.506333106087907, 0.0 ], [ 131.03830106474237, -7.506314070138202, 0.0 ] ] ], [ [ [ 131.038274889974247, -7.505988083882968, 0.0 ], [ 131.03817257320577, -7.506076123913966, 0.0 ], [ 131.038141640124621, -7.505954772095062, 0.0 ], [ 131.038274889974247, -7.505988083882968, 0.0 ] ] ], [ [ [ 131.009432353120729, -7.506062570231435, 0.0 ], [ 131.009049259915457, -7.506072087756603, 0.0 ], [ 131.009334794665108, -7.505831762825536, 0.0 ], [ 131.009432353120729, -7.506062570231435, 0.0 ] ] ], [ [ [ 131.038326494871853, -7.505713616190394, 0.0 ], [ 131.038340771609342, -7.505852814155992, 0.0 ], [ 131.03819800423463, -7.505795707206068, 0.0 ], [ 131.038326494871853, -7.505713616190394, 0.0 ] ] ], [ [ [ 131.043472674624326, -7.505649370422044, 0.0 ], [ 131.043204985121946, -7.505792137796944, 0.0 ], [ 131.043270419794112, -7.505655319437369, 0.0 ], [ 131.043472674624326, -7.505649370422044, 0.0 ] ] ], [ [ [ 131.008221207342928, -7.505693753763668, 0.0 ], [ 131.008004676674602, -7.505746102400649, 0.0 ], [ 131.008078439968102, -7.505591436995188, 0.0 ], [ 131.008221207342928, -7.505693753763668, 0.0 ] ] ], [ [ [ 131.010027217781982, -7.505517673701671, 0.0 ], [ 131.009770237406514, -7.505800829744461, 0.0 ], [ 131.009679816870033, -7.505667579894818, 0.0 ], [ 131.010027217781982, -7.505517673701671, 0.0 ] ] ], [ [ [ 131.043353702411537, -7.505357886657097, 0.0 ], [ 131.043050319716571, -7.505485782842562, 0.0 ], [ 131.042996782175749, -7.505447115591916, 0.0 ], [ 131.043353702411537, -7.505357886657097, 0.0 ] ] ], [ [ [ 131.009577658382312, -7.505378316556025, 0.0 ], [ 131.009326387802616, -7.505497289668098, 0.0 ], [ 131.009426324965062, -7.505325968818325, 0.0 ], [ 131.009577658382312, -7.505378316556025, 0.0 ] ] ], [ [ [ 131.007555700035596, -7.505285873444282, 0.0 ], [ 131.007155949587485, -7.505614239305628, 0.0 ], [ 131.007091704718505, -7.505200213019307, 0.0 ], [ 131.007555700035596, -7.505285873444282, 0.0 ] ] ], [ [ [ 131.039183100919445, -7.504960516714458, 0.0 ], [ 131.038972518367189, -7.505056883568243, 0.0 ], [ 131.039061748201192, -7.504892702436265, 0.0 ], [ 131.039183100919445, -7.504960516714458, 0.0 ] ] ], [ [ [ 131.042514940711953, -7.504959326911357, 0.0 ], [ 131.042398942557242, -7.505051530803523, 0.0 ], [ 131.042345404117242, -7.504902814413298, 0.0 ], [ 131.042514940711953, -7.504959326911357, 0.0 ] ] ], [ [ [ 131.04142336339757, -7.50450128060958, 0.0 ], [ 131.041247877787441, -7.504566715281572, 0.0 ], [ 131.041286544138813, -7.504498306551603, 0.0 ], [ 131.04142336339757, -7.50450128060958, 0.0 ] ] ], [ [ [ 131.045296235332984, -7.504499217564823, 0.0 ], [ 131.045195108367608, -7.504725266657689, 0.0 ], [ 131.045052340992783, -7.504433782892742, 0.0 ], [ 131.045296235332984, -7.504499217564823, 0.0 ] ] ], [ [ [ 131.044653643650804, -7.504375469951955, 0.0 ], [ 131.04466267194482, -7.505163841737853, 0.0 ], [ 131.044063047171875, -7.504806923300825, 0.0 ], [ 131.044653643650804, -7.504375469951955, 0.0 ] ] ], [ [ [ 131.041167571026619, -7.504525074872318, 0.0 ], [ 131.040998034431823, -7.504551844092314, 0.0 ], [ 131.041128904675276, -7.504361487292747, 0.0 ], [ 131.041167571026619, -7.504525074872318, 0.0 ] ] ], [ [ [ 131.012102544596814, -7.504407268180805, 0.0 ], [ 131.01186757243056, -7.504425114327499, 0.0 ], [ 131.012040083083434, -7.504267474864061, 0.0 ], [ 131.012102544596814, -7.504407268180805, 0.0 ] ] ], [ [ [ 131.041743073284209, -7.504185882972062, 0.0 ], [ 131.042158022274947, -7.504566715281572, 0.0 ], [ 131.041702950031237, -7.50446856327354, 0.0 ], [ 131.041743073284209, -7.504185882972062, 0.0 ] ] ], [ [ [ 131.049042596039101, -7.504101728911631, 0.0 ], [ 131.048610196603363, -7.504085945809694, 0.0 ], [ 131.048823685764546, -7.50393278766797, 0.0 ], [ 131.049042596039101, -7.504101728911631, 0.0 ] ] ], [ [ [ 131.04941688488131, -7.503942185583393, 0.0 ], [ 131.049105651104981, -7.504147772401718, 0.0 ], [ 131.049148482216765, -7.503925054397679, 0.0 ], [ 131.04941688488131, -7.503942185583393, 0.0 ] ] ], [ [ [ 131.010939582695642, -7.503990863187741, 0.0 ], [ 131.01064101856818, -7.50423002169807, 0.0 ], [ 131.010609432579258, -7.503848094913649, 0.0 ], [ 131.010939582695642, -7.503990863187741, 0.0 ] ] ], [ [ [ 131.012446476823442, -7.503841087396238, 0.0 ], [ 131.012307516278952, -7.503940073075891, 0.0 ], [ 131.012271348244241, -7.503802976825894, 0.0 ], [ 131.012446476823442, -7.503841087396238, 0.0 ] ] ], [ [ [ 131.013560926595545, -7.503742241111481, 0.0 ], [ 131.013408165954161, -7.503745095559714, 0.0 ], [ 131.013414828131914, -7.503557595006941, 0.0 ], [ 131.013560926595545, -7.503742241111481, 0.0 ] ] ], [ [ [ 131.049415507120045, -7.5033795724093, 0.0 ], [ 131.049045639344854, -7.503679058341887, 0.0 ], [ 131.049124160951322, -7.503236477681233, 0.0 ], [ 131.049415507120045, -7.5033795724093, 0.0 ] ] ], [ [ [ 131.013134051695147, -7.503219711620338, 0.0 ], [ 131.013386750398269, -7.503272535099351, 0.0 ], [ 131.013325359977415, -7.503363906219266, 0.0 ], [ 131.013134051695147, -7.503219711620338, 0.0 ] ] ], [ [ [ 131.013325359977415, -7.50278855324911, 0.0 ], [ 131.013189731421051, -7.502869930203086, 0.0 ], [ 131.013233988857593, -7.50273430074733, 0.0 ], [ 131.013325359977415, -7.50278855324911, 0.0 ] ] ], [ [ [ 130.996180413795173, -7.501837055235842, 0.0 ], [ 130.995966261833587, -7.502069053344122, 0.0 ], [ 130.995972210848919, -7.501908438923336, 0.0 ], [ 130.996180413795173, -7.501837055235842, 0.0 ] ] ], [ [ [ 131.049571583561857, -7.501800443835353, 0.0 ], [ 131.049393124792914, -7.501925365063559, 0.0 ], [ 131.049390150734865, -7.501773674615356, 0.0 ], [ 131.049571583561857, -7.501800443835353, 0.0 ] ] ], [ [ [ 131.049775028195086, -7.501476837186231, 0.0 ], [ 131.04965129676998, -7.501577725831313, 0.0 ], [ 131.049655103600202, -7.501461608066754, 0.0 ], [ 131.049775028195086, -7.501476837186231, 0.0 ] ] ], [ [ [ 131.013170100120107, -7.501445584845871, 0.0 ], [ 131.013110613563981, -7.501653787792043, 0.0 ], [ 131.013071948111872, -7.501531840621904, 0.0 ], [ 131.013170100120107, -7.501445584845871, 0.0 ] ] ], [ [ [ 131.077861398884437, -7.501491411599285, 0.0 ], [ 131.077370401422996, -7.501701411390974, 0.0 ], [ 131.077390384358836, -7.501441411991542, 0.0 ], [ 131.077861398884437, -7.501491411599285, 0.0 ] ] ], [ [ [ 131.026857287933552, -7.501227930924229, 0.0 ], [ 131.026810889211276, -7.501335006905022, 0.0 ], [ 131.026782335736215, -7.501285037874154, 0.0 ], [ 131.026857287933552, -7.501227930924229, 0.0 ] ] ], [ [ [ 131.051365103316954, -7.501321577328905, 0.0 ], [ 131.051142029181335, -7.501357268722923, 0.0 ], [ 131.051305616760828, -7.501220448564786, 0.0 ], [ 131.051365103316954, -7.501321577328905, 0.0 ] ] ], [ [ [ 131.02709642396087, -7.50120294685848, 0.0 ], [ 131.027064301076706, -7.501359990970772, 0.0 ], [ 131.027007194126782, -7.501235068843285, 0.0 ], [ 131.02709642396087, -7.50120294685848, 0.0 ] ] ], [ [ [ 131.050317546017993, -7.501187494707099, 0.0 ], [ 131.050153838828692, -7.501252215317392, 0.0 ], [ 131.050237596288071, -7.501141809147142, 0.0 ], [ 131.050317546017993, -7.501187494707099, 0.0 ] ] ], [ [ [ 131.05067308489501, -7.501129956981848, 0.0 ], [ 131.050422242392585, -7.502814688447116, 0.0 ], [ 131.049803582569325, -7.502133568009731, 0.0 ], [ 131.05067308489501, -7.501129956981848, 0.0 ] ] ], [ [ [ 130.989559087781657, -7.501091728600321, 0.0 ], [ 130.989534103716011, -7.501227358056076, 0.0 ], [ 130.989444873881894, -7.501148836449615, 0.0 ], [ 130.989559087781657, -7.501091728600321, 0.0 ] ] ], [ [ [ 131.026600306658878, -7.501042333336975, 0.0 ], [ 131.02666455242715, -7.501156547236824, 0.0 ], [ 131.026557476446442, -7.501099440286899, 0.0 ], [ 131.026600306658878, -7.501042333336975, 0.0 ] ] ], [ [ [ 131.026471816021569, -7.500874580997045, 0.0 ], [ 131.026514646234006, -7.500967380240357, 0.0 ], [ 131.026421846990672, -7.500910273290432, 0.0 ], [ 131.026471816021569, -7.500874580997045, 0.0 ] ] ], [ [ [ 130.990142531053039, -7.50081983566682, 0.0 ], [ 130.990297195559151, -7.501028038613081, 0.0 ], [ 130.990029506956319, -7.500790092388757, 0.0 ], [ 130.990142531053039, -7.50081983566682, 0.0 ] ] ], [ [ [ 131.026120696413045, -7.500643252883758, 0.0 ], [ 131.026147019569407, -7.500731813622322, 0.0 ], [ 131.026075634982561, -7.500703260147271, 0.0 ], [ 131.026120696413045, -7.500643252883758, 0.0 ] ] ], [ [ [ 131.025859193347173, -7.50072441939638, 0.0 ], [ 131.025554621748483, -7.500829115770972, 0.0 ], [ 131.025611728698408, -7.500591170446106, 0.0 ], [ 131.025859193347173, -7.50072441939638, 0.0 ] ] ], [ [ [ 130.989055117599634, -7.500084582337577, 0.0 ], [ 130.988983733912335, -7.500248765268295, 0.0 ], [ 130.988840967436772, -7.500127413449301, 0.0 ], [ 130.989055117599634, -7.500084582337577, 0.0 ] ] ], [ [ [ 131.022941885259911, -7.500058425555859, 0.0 ], [ 131.022860983147893, -7.5002773358303, 0.0 ], [ 131.022818152935429, -7.500129809243265, 0.0 ], [ 131.022941885259911, -7.500058425555859, 0.0 ] ] ], [ [ [ 130.991217571633683, -7.500028110309013, 0.0 ], [ 130.991108116946066, -7.500142324208862, 0.0 ], [ 130.991053388702994, -7.50008759686505, 0.0 ], [ 130.991217571633683, -7.500028110309013, 0.0 ] ] ], [ [ [ 131.017690345433181, -7.499593223348525, 0.0 ], [ 131.01745834732489, -7.499783581047374, 0.0 ], [ 131.017553525275048, -7.499551582939183, 0.0 ], [ 131.017690345433181, -7.499593223348525, 0.0 ] ] ], [ [ [ 131.024891635240834, -7.499490818446456, 0.0 ], [ 131.024864490104136, -7.499753854856443, 0.0 ], [ 131.024740757779824, -7.499568257269188, 0.0 ], [ 131.024891635240834, -7.499490818446456, 0.0 ] ] ], [ [ [ 130.991293715432704, -7.499502248829674, 0.0 ], [ 130.991146187946185, -7.499545079042117, 0.0 ], [ 130.991189018158735, -7.499426105930044, 0.0 ], [ 130.991293715432704, -7.499502248829674, 0.0 ] ] ], [ [ [ 131.023493920607905, -7.499296998357766, 0.0 ], [ 131.023551027557943, -7.499492114369558, 0.0 ], [ 131.023389224233313, -7.499335069357897, 0.0 ], [ 131.023493920607905, -7.499296998357766, 0.0 ] ] ], [ [ [ 130.990556081597873, -7.499376137798456, 0.0 ], [ 130.990839237640756, -7.499438003960694, 0.0 ], [ 130.990753577215884, -7.499504628435786, 0.0 ], [ 130.990556081597873, -7.499376137798456, 0.0 ] ] ], [ [ [ 130.854216629993545, -7.498972515768968, 0.0 ], [ 130.853493613739374, -7.499189514084818, 0.0 ], [ 130.853597629327169, -7.498849514593323, 0.0 ], [ 130.854216629993545, -7.498972515768968, 0.0 ] ] ], [ [ [ 131.012836975945817, -7.499431073784971, 0.0 ], [ 131.013128459710742, -7.503621205853931, 0.0 ], [ 131.012585942787013, -7.503245250567828, 0.0 ], [ 131.009299003446387, -7.504037286191759, 0.0 ], [ 131.009120543778181, -7.505572037719314, 0.0 ], [ 131.006857675941092, -7.50488675432022, 0.0 ], [ 131.012836975945817, -7.499431073784971, 0.0 ] ] ], [ [ [ 130.988483570560419, -7.498693549667549, 0.0 ], [ 130.988359839135313, -7.498833461694846, 0.0 ], [ 130.988373164390083, -7.498653574802531, 0.0 ], [ 130.988483570560419, -7.498693549667549, 0.0 ] ] ], [ [ [ 130.853343614016609, -7.498664499766753, 0.0 ], [ 130.852898630367577, -7.498817499627889, 0.0 ], [ 130.853018629606112, -7.498492515217396, 0.0 ], [ 130.853343614016609, -7.498664499766753, 0.0 ] ] ], [ [ [ 130.990570358335361, -7.498488598669865, 0.0 ], [ 130.990432350172966, -7.49862422812562, 0.0 ], [ 130.990380002435245, -7.498474321932384, 0.0 ], [ 130.990570358335361, -7.498488598669865, 0.0 ] ] ], [ [ [ 130.98824491117378, -7.49837850906088, 0.0 ], [ 130.988248480582996, -7.498646198563178, 0.0 ], [ 130.988084297652165, -7.49846773889498, 0.0 ], [ 130.98824491117378, -7.49837850906088, 0.0 ] ] ], [ [ [ 130.989025772721391, -7.498027403841582, 0.0 ], [ 130.990611609338316, -7.498757193789433, 0.0 ], [ 130.990021502990089, -7.499037970226111, 0.0 ], [ 130.99083200619225, -7.500817875144764, 0.0 ], [ 130.989025772721391, -7.498027403841582, 0.0 ] ] ], [ [ [ 131.034426353693306, -7.497199503254385, 0.0 ], [ 131.034483460643315, -7.497445777200865, 0.0 ], [ 131.034280016909292, -7.497402946988333, 0.0 ], [ 131.034426353693306, -7.497199503254385, 0.0 ] ] ], [ [ [ 130.845928630002447, -7.496237514649521, 0.0 ], [ 130.847736613553934, -7.497221515060807, 0.0 ], [ 130.845426614047057, -7.496755515154855, 0.0 ], [ 130.845928630002447, -7.496237514649521, 0.0 ] ] ], [ [ [ 131.036657388227923, -7.496724253821156, 0.0 ], [ 131.036309986416796, -7.496395887959809, 0.0 ], [ 131.036809673128005, -7.496191254422761, 0.0 ], [ 131.036657388227923, -7.496724253821156, 0.0 ] ] ], [ [ [ 131.038170851903374, -7.495364360176974, 0.0 ], [ 131.038104227428221, -7.495509507157986, 0.0 ], [ 131.038094709003673, -7.495361980570951, 0.0 ], [ 131.038170851903374, -7.495364360176974, 0.0 ] ] ], [ [ [ 131.037726429431245, -7.495388653563476, 0.0 ], [ 131.037579853427644, -7.495426724563607, 0.0 ], [ 131.037633154446524, -7.495312511563127, 0.0 ], [ 131.037726429431245, -7.495388653563476, 0.0 ] ] ], [ [ [ 131.082833618276936, -7.495187181143396, 0.0 ], [ 131.082752717064267, -7.495458439155626, 0.0 ], [ 131.082690850902026, -7.495244288093409, 0.0 ], [ 131.082833618276936, -7.495187181143396, 0.0 ] ] ], [ [ [ 130.855335614147322, -7.495385514929501, 0.0 ], [ 130.857619609757194, -7.503272510817708, 0.0 ], [ 130.876899615724682, -7.507379498764769, 0.0 ], [ 130.877878372189258, -7.51577604782632, 0.0 ], [ 130.931384629996728, -7.520804515316097, 0.0 ], [ 130.935947629979182, -7.533697499240136, 0.0 ], [ 130.939726629780296, -7.526379514303087, 0.0 ], [ 130.954742628869326, -7.525192515322291, 0.0 ], [ 130.96592761676618, -7.508851512687079, 0.0 ], [ 130.979999613691234, -7.508670514232811, 0.0 ], [ 130.988654614419062, -7.515574515151683, 0.0 ], [ 130.96719762856776, -7.516105516256547, 0.0 ], [ 130.978583628431778, -7.521334512777481, 0.0 ], [ 130.97676161275831, -7.525642512691792, 0.0 ], [ 130.977035612803292, -7.527400499333473, 0.0 ], [ 130.953745728582561, -7.541323572125139, 0.0 ], [ 130.981972628234331, -7.561990514350717, 0.0 ], [ 130.972416189355698, -7.565716239213031, 0.0 ], [ 130.9515441333551, -7.556536655841998, 0.0 ], [ 130.943490628889492, -7.54294851396267, 0.0 ], [ 130.928553617255687, -7.570490513326503, 0.0 ], [ 130.913198615124116, -7.575415513814824, 0.0 ], [ 130.893727630026177, -7.577958513274722, 0.0 ], [ 130.872369947315264, -7.565692821766294, 0.0 ], [ 130.843739612693071, -7.561945513174865, 0.0 ], [ 130.833052615386038, -7.55348451329965, 0.0 ], [ 130.844428612990242, -7.543547512807417, 0.0 ], [ 130.837576630657054, -7.502206499430367, 0.0 ], [ 130.854597626879041, -7.50139349791155, 0.0 ], [ 130.848018630155735, -7.497175498550383, 0.0 ], [ 130.855335614147322, -7.495385514929501, 0.0 ] ] ], [ [ [ 131.037928147366216, -7.494969369840446, 0.0 ], [ 131.037837727728999, -7.495216833589939, 0.0 ], [ 131.037813932566991, -7.494905124072186, 0.0 ], [ 131.037928147366216, -7.494969369840446, 0.0 ] ] ], [ [ [ 131.039032153311268, -7.494433185942721, 0.0 ], [ 131.039103474046101, -7.494687435077, 0.0 ], [ 131.038889385037095, -7.494518847266888, 0.0 ], [ 131.039032153311268, -7.494433185942721, 0.0 ] ] ], [ [ [ 131.038399280602363, -7.494412575280122, 0.0 ], [ 131.03833503483412, -7.494562480573989, 0.0 ], [ 131.038301722146826, -7.494433990835939, 0.0 ], [ 131.038399280602363, -7.494412575280122, 0.0 ] ] ], [ [ [ 131.03805901760964, -7.494400678148753, 0.0 ], [ 131.037911491022527, -7.494643383585212, 0.0 ], [ 131.037904352204094, -7.494455404593196, 0.0 ], [ 131.03805901760964, -7.494400678148753, 0.0 ] ] ], [ [ [ 131.038832215134676, -7.494444729640541, 0.0 ], [ 131.038594268910458, -7.494416176165578, 0.0 ], [ 131.038679930234707, -7.494340034165229, 0.0 ], [ 131.038832215134676, -7.494444729640541, 0.0 ] ] ], [ [ [ 131.040635557285214, -7.494074081253802, 0.0 ], [ 131.040635557285214, -7.49426443805337, 0.0 ], [ 131.040498738026372, -7.494127619693884, 0.0 ], [ 131.040635557285214, -7.494074081253802, 0.0 ] ] ], [ [ [ 131.085341570257327, -7.493807093222741, 0.0 ], [ 131.085260668145395, -7.494002209234533, 0.0 ], [ 131.085246391407821, -7.493892755446278, 0.0 ], [ 131.085341570257327, -7.493807093222741, 0.0 ] ] ], [ [ [ 131.086497988691235, -7.493388308623476, 0.0 ], [ 131.086364738841667, -7.493483486573619, 0.0 ], [ 131.086469434316996, -7.493283612248795, 0.0 ], [ 131.086497988691235, -7.493388308623476, 0.0 ] ] ], [ [ [ 131.086150953803553, -7.493535416126544, 0.0 ], [ 131.08568421285625, -7.493564388685562, 0.0 ], [ 131.086055408930036, -7.493117049712054, 0.0 ], [ 131.086150953803553, -7.493535416126544, 0.0 ] ] ], [ [ [ 131.085865051231167, -7.49302187176191, 0.0 ], [ 131.085658405011486, -7.493257019295977, 0.0 ], [ 131.085501360899116, -7.493000037121948, 0.0 ], [ 131.085865051231167, -7.49302187176191, 0.0 ] ] ], [ [ [ 131.226134614820694, -7.491972514919513, 0.0 ], [ 131.225393614823417, -7.493052514362012, 0.0 ], [ 131.225594630387974, -7.49150551406819, 0.0 ], [ 131.226134614820694, -7.491972514919513, 0.0 ] ] ], [ [ [ 130.819535614377145, -7.491457499264146, 0.0 ], [ 130.818821614725834, -7.49150651411428, 0.0 ], [ 130.819523613823804, -7.49107551492301, 0.0 ], [ 130.819535614377145, -7.491457499264146, 0.0 ] ] ], [ [ [ 131.086657779333109, -7.490979874721385, 0.0 ], [ 131.086493596402391, -7.491186887864546, 0.0 ], [ 131.086500735220909, -7.491008428196348, 0.0 ], [ 131.086657779333109, -7.490979874721385, 0.0 ] ] ], [ [ [ 130.96976663821988, -7.490866969335101, 0.0 ], [ 130.969531070702374, -7.490995459972431, 0.0 ], [ 130.969595317370022, -7.490809862385176, 0.0 ], [ 130.96976663821988, -7.490866969335101, 0.0 ] ] ], [ [ [ 131.086288595942051, -7.490651927944096, 0.0 ], [ 131.086093846853629, -7.490994150559586, 0.0 ], [ 131.086093846853629, -7.490722893446725, 0.0 ], [ 131.086288595942051, -7.490651927944096, 0.0 ] ] ], [ [ [ 131.225333613855241, -7.490056514696323, 0.0 ], [ 131.225301628567394, -7.490323515317935, 0.0 ], [ 131.22527561387858, -7.490086515180464, 0.0 ], [ 131.225333613855241, -7.490056514696323, 0.0 ] ] ], [ [ [ 131.095681131579028, -7.48810786818355, 0.0 ], [ 131.095747756054124, -7.488317260932734, 0.0 ], [ 131.095543123416519, -7.488269672407436, 0.0 ], [ 131.095681131579028, -7.48810786818355, 0.0 ] ] ], [ [ [ 131.097213990933056, -7.486284086241549, 0.0 ], [ 131.097009623595341, -7.486435226304592, 0.0 ], [ 131.097014382807657, -7.486340046555887, 0.0 ], [ 131.097213990933056, -7.486284086241549, 0.0 ] ] ], [ [ [ 131.096073306138265, -7.485990144629432, 0.0 ], [ 131.096565854930304, -7.4860900817918, 0.0 ], [ 131.096438553196805, -7.486303166258138, 0.0 ], [ 131.096073306138265, -7.485990144629432, 0.0 ] ] ], [ [ [ 131.098041358222218, -7.485939346423701, 0.0 ], [ 131.097860518947925, -7.48600121258585, 0.0 ], [ 131.097902397677558, -7.485884142439118, 0.0 ], [ 131.098041358222218, -7.485939346423701, 0.0 ] ] ], [ [ [ 131.097832893573212, -7.4858230146204, 0.0 ], [ 131.097590189036026, -7.485980058732692, 0.0 ], [ 131.097700834426035, -7.485776614998744, 0.0 ], [ 131.097832893573212, -7.4858230146204, 0.0 ] ] ], [ [ [ 131.09788167280098, -7.485492269152853, 0.0 ], [ 131.09772700739552, -7.485637416133776, 0.0 ], [ 131.097707972345091, -7.485477992415372, 0.0 ], [ 131.09788167280098, -7.485492269152853, 0.0 ] ] ], [ [ [ 131.096729084579664, -7.485120454345465, 0.0 ], [ 131.097139542356047, -7.486078187358451, 0.0 ], [ 131.096184784300334, -7.485637987203279, 0.0 ], [ 131.096729084579664, -7.485120454345465, 0.0 ] ] ], [ [ [ 131.097815047426593, -7.484804605248278, 0.0 ], [ 131.097779356032589, -7.484935474592439, 0.0 ], [ 131.097750802557641, -7.48490930162287, 0.0 ], [ 131.097815047426593, -7.484804605248278, 0.0 ] ] ], [ [ [ 131.09801492265052, -7.484757015823521, 0.0 ], [ 131.097941159357106, -7.484830779117128, 0.0 ], [ 131.097964953619766, -7.484757015823521, 0.0 ], [ 131.09801492265052, -7.484757015823521, 0.0 ] ] ], [ [ [ 131.09938357299356, -7.484748069367856, 0.0 ], [ 131.099164661819742, -7.484914631005405, 0.0 ], [ 131.099302670881599, -7.484729033418062, 0.0 ], [ 131.09938357299356, -7.484748069367856, 0.0 ] ] ], [ [ [ 131.098289988392366, -7.484670403916009, 0.0 ], [ 131.098199568755149, -7.484955938665542, 0.0 ], [ 131.098185292017689, -7.484727510865844, 0.0 ], [ 131.098289988392366, -7.484670403916009, 0.0 ] ] ], [ [ [ 131.098980031903068, -7.484622813591971, 0.0 ], [ 131.098446817566725, -7.484776620144888, 0.0 ], [ 131.098796598983881, -7.484491085395265, 0.0 ], [ 131.098980031903068, -7.484622813591971, 0.0 ] ] ], [ [ [ 131.09779722556155, -7.483984258966351, 0.0 ], [ 131.09760448915597, -7.484219825584474, 0.0 ], [ 131.09760448915597, -7.484012813340594, 0.0 ], [ 131.09779722556155, -7.483984258966351, 0.0 ] ] ], [ [ [ 131.098710938559094, -7.484048504734612, 0.0 ], [ 131.099603236900009, -7.484469668940078, 0.0 ], [ 131.098980031903068, -7.484841724765693, 0.0 ], [ 131.099170388702532, -7.484456251954422, 0.0 ], [ 131.098710938559094, -7.484048504734612, 0.0 ] ] ], [ [ [ 130.830852269316864, -7.481399414950988, 0.0 ], [ 130.83003135466339, -7.481606428094149, 0.0 ], [ 130.830440253015354, -7.480975847757136, 0.0 ], [ 130.830852269316864, -7.481399414950988, 0.0 ] ] ], [ [ [ 130.809496613677879, -7.483099498742866, 0.0 ], [ 130.810215613559734, -7.482639499113545, 0.0 ], [ 130.81077061397275, -7.484754514808926, 0.0 ], [ 130.818469612882353, -7.48871751500129, 0.0 ], [ 130.812468614035424, -7.487397515283049, 0.0 ], [ 130.809496613677879, -7.483099498742866, 0.0 ] ] ], [ [ [ 130.830111887154004, -7.480868772675623, 0.0 ], [ 130.829752957832909, -7.480614191691507, 0.0 ], [ 130.829959970975892, -7.480564223560008, 0.0 ], [ 130.830111887154004, -7.480868772675623, 0.0 ] ] ], [ [ [ 130.815230143356558, -7.479642160357328, 0.0 ], [ 130.814894639575982, -7.47960646806403, 0.0 ], [ 130.815208727800666, -7.479520807639143, 0.0 ], [ 130.815230143356558, -7.479642160357328, 0.0 ] ] ], [ [ [ 131.104653613673321, -7.479355499656552, 0.0 ], [ 131.104154630232074, -7.479644498594666, 0.0 ], [ 131.104073613906166, -7.479351498572821, 0.0 ], [ 131.104653613673321, -7.479355499656552, 0.0 ] ] ], [ [ [ 130.819860630263975, -7.479438515175278, 0.0 ], [ 130.829811480315584, -7.484977546676389, 0.0 ], [ 130.837222312160037, -7.497309102732856, 0.0 ], [ 130.824436613758763, -7.496703513656192, 0.0 ], [ 130.817326615031305, -7.48315251377745, 0.0 ], [ 130.811329614570127, -7.484297515318054, 0.0 ], [ 130.819860630263975, -7.479438515175278, 0.0 ] ] ], [ [ [ 130.816584629377132, -7.479213499403484, 0.0 ], [ 130.815729613331087, -7.479560515405374, 0.0 ], [ 130.815617629749937, -7.479270514622519, 0.0 ], [ 130.816584629377132, -7.479213499403484, 0.0 ] ] ], [ [ [ 130.81183662895728, -7.478886514900721, 0.0 ], [ 130.812240629601433, -7.479475498895098, 0.0 ], [ 130.811496614177486, -7.479477499886648, 0.0 ], [ 130.81183662895728, -7.478886514900721, 0.0 ] ] ], [ [ [ 130.81826061403612, -7.478578514186988, 0.0 ], [ 130.818429613735674, -7.478868514969931, 0.0 ], [ 130.81789263034068, -7.478587514602068, 0.0 ], [ 130.81826061403612, -7.478578514186988, 0.0 ] ] ], [ [ [ 130.819915613914503, -7.478383515087098, 0.0 ], [ 130.819359614354767, -7.478648513817791, 0.0 ], [ 130.819319629597317, -7.478472514694782, 0.0 ], [ 130.819915613914503, -7.478383515087098, 0.0 ] ] ], [ [ [ 130.816019187835309, -7.477937496318336, 0.0 ], [ 130.81629019313803, -7.478304904447767, 0.0 ], [ 130.815909480438251, -7.478132391996243, 0.0 ], [ 130.816019187835309, -7.477937496318336, 0.0 ] ] ], [ [ [ 130.822133629863174, -7.478645513679431, 0.0 ], [ 130.82128261400149, -7.478403515110069, 0.0 ], [ 130.82173162931133, -7.477904514581616, 0.0 ], [ 130.822133629863174, -7.478645513679431, 0.0 ] ] ], [ [ [ 130.818830613342271, -7.47718149922683, 0.0 ], [ 130.818875612719467, -7.478241513934662, 0.0 ], [ 130.817626628865895, -7.47798451377422, 0.0 ], [ 130.818830613342271, -7.47718149922683, 0.0 ] ] ], [ [ [ 130.97112262700773, -7.476398079108008, 0.0 ], [ 130.970986997551876, -7.476437339911327, 0.0 ], [ 130.97099770577961, -7.476355248895564, 0.0 ], [ 130.97112262700773, -7.476398079108008, 0.0 ] ] ], [ [ [ 130.824134628610324, -7.476791515416074, 0.0 ], [ 130.825025630128835, -7.477162513639061, 0.0 ], [ 130.824711630037768, -7.4773475149758, 0.0 ], [ 130.824134628610324, -7.476791515416074, 0.0 ] ] ], [ [ [ 130.970726446868071, -7.476123251686654, 0.0 ], [ 130.970622940296494, -7.476433771401395, 0.0 ], [ 130.970523003134218, -7.476119682277441, 0.0 ], [ 130.970726446868071, -7.476123251686654, 0.0 ] ] ], [ [ [ 130.819057630105618, -7.475492498679851, 0.0 ], [ 130.821133614324907, -7.477817515066202, 0.0 ], [ 130.817192613348595, -7.476665514102158, 0.0 ], [ 130.819057630105618, -7.475492498679851, 0.0 ] ] ], [ [ [ 130.826911614579416, -7.476391498768623, 0.0 ], [ 130.825161629205923, -7.477403514860263, 0.0 ], [ 130.826416614235427, -7.475448513737851, 0.0 ], [ 130.826911614579416, -7.476391498768623, 0.0 ] ] ], [ [ [ 131.110553135718675, -7.47521323580214, 0.0 ], [ 131.110410367444587, -7.47539407507645, 0.0 ], [ 131.110419885869049, -7.475270342752064, 0.0 ], [ 131.110553135718675, -7.47521323580214, 0.0 ] ] ], [ [ [ 131.109302728238362, -7.475135903099409, 0.0 ], [ 131.109061807956067, -7.475237030064789, 0.0 ], [ 131.109167372176557, -7.47506012712316, 0.0 ], [ 131.109302728238362, -7.475135903099409, 0.0 ] ] ], [ [ [ 130.818426724213992, -7.474622710369675, 0.0 ], [ 130.818227350811668, -7.474881423738714, 0.0 ], [ 130.817827100340423, -7.474465665358102, 0.0 ], [ 130.818426724213992, -7.474622710369675, 0.0 ] ] ], [ [ [ 130.819150629897763, -7.475216514730291, 0.0 ], [ 130.825413630035086, -7.474712499582185, 0.0 ], [ 130.825647613846343, -7.47523849955705, 0.0 ], [ 130.819150629897763, -7.475216514730291, 0.0 ] ] ], [ [ [ 130.819958614998171, -7.472975514808126, 0.0 ], [ 130.818398613205545, -7.474383514987152, 0.0 ], [ 130.818151615304828, -7.474277500206465, 0.0 ], [ 130.819958614998171, -7.472975514808126, 0.0 ] ] ], [ [ [ 130.821430613631918, -7.472888515292712, 0.0 ], [ 130.821085630097826, -7.473426514022367, 0.0 ], [ 130.820811630052759, -7.472903498897291, 0.0 ], [ 130.821430613631918, -7.472888515292712, 0.0 ] ] ], [ [ [ 130.825797613569051, -7.472875514693182, 0.0 ], [ 130.828830614941069, -7.476081514150471, 0.0 ], [ 130.829137613809877, -7.478160513796598, 0.0 ], [ 130.831227629251742, -7.47931049937998, 0.0 ], [ 130.833729036865662, -7.482341681423391, 0.0 ], [ 130.834928286411383, -7.484161968599937, 0.0 ], [ 130.834949701067927, -7.484697347604444, 0.0 ], [ 130.83218063003207, -7.481226498703889, 0.0 ], [ 130.830960613341745, -7.480475514433386, 0.0 ], [ 130.828684629791923, -7.480407499606371, 0.0 ], [ 130.826781613980415, -7.4741615146422, 0.0 ], [ 130.821778629680153, -7.473007513585887, 0.0 ], [ 130.825797613569051, -7.472875514693182, 0.0 ] ] ], [ [ [ 131.12638528575232, -7.472238185843575, 0.0 ], [ 131.126321039984077, -7.472361917268681, 0.0 ], [ 131.126285348590045, -7.472238185843575, 0.0 ], [ 131.12638528575232, -7.472238185843575, 0.0 ] ] ], [ [ [ 131.126009329566955, -7.47203831061947, 0.0 ], [ 131.125933187566602, -7.47212873025667, 0.0 ], [ 131.125914153415465, -7.472014516356821, 0.0 ], [ 131.126009329566955, -7.47203831061947, 0.0 ] ] ], [ [ [ 131.11999110870272, -7.472001994196623, 0.0 ], [ 131.11990782788402, -7.472209007339784, 0.0 ], [ 131.119841203408924, -7.472090034227711, 0.0 ], [ 131.11999110870272, -7.472001994196623, 0.0 ] ] ], [ [ [ 131.125987479638496, -7.471684585675024, 0.0 ], [ 131.126036668957255, -7.471941807068631, 0.0 ], [ 131.125865348107396, -7.471841869906352, 0.0 ], [ 131.125987479638496, -7.471684585675024, 0.0 ] ] ], [ [ [ 131.12739179799317, -7.471719463182661, 0.0 ], [ 131.127229994668568, -7.471812262425973, 0.0 ], [ 131.127225234557045, -7.471688530101498, 0.0 ], [ 131.12739179799317, -7.471719463182661, 0.0 ] ] ], [ [ [ 131.120210018977247, -7.471659351597707, 0.0 ], [ 131.12004345733979, -7.471802119871888, 0.0 ], [ 131.119997597311396, -7.471606303288229, 0.0 ], [ 131.120210018977247, -7.471659351597707, 0.0 ] ] ], [ [ [ 131.127139575031379, -7.471645699889144, 0.0 ], [ 131.126836168054751, -7.471820455249726, 0.0 ], [ 131.127022982424876, -7.471519588857926, 0.0 ], [ 131.127139575031379, -7.471645699889144, 0.0 ] ] ], [ [ [ 131.126566125026642, -7.471514829645613, 0.0 ], [ 131.126323419590165, -7.47164094067683, 0.0 ], [ 131.126409080015151, -7.47143392843295, 0.0 ], [ 131.126566125026642, -7.471514829645613, 0.0 ] ] ], [ [ [ 131.120536005232566, -7.471414266555047, 0.0 ], [ 131.120312335745808, -7.471571311566708, 0.0 ], [ 131.120281402664659, -7.471359540110693, 0.0 ], [ 131.120536005232566, -7.471414266555047, 0.0 ] ] ], [ [ [ 131.120486037101074, -7.471140629836163, 0.0 ], [ 131.120378961120196, -7.471209633917367, 0.0 ], [ 131.12039085825154, -7.471157286179756, 0.0 ], [ 131.120486037101074, -7.471140629836163, 0.0 ] ] ], [ [ [ 131.125911772910058, -7.471160289915416, 0.0 ], [ 131.125619099342003, -7.471333990371302, 0.0 ], [ 131.125623858554235, -7.471131736440454, 0.0 ], [ 131.125911772910058, -7.471160289915416, 0.0 ] ] ], [ [ [ 131.126682719431983, -7.471017523439886, 0.0 ], [ 131.126379310656716, -7.471163722627664, 0.0 ], [ 131.126497120046167, -7.470972312721961, 0.0 ], [ 131.126682719431983, -7.471017523439886, 0.0 ] ] ], [ [ [ 131.1207614589743, -7.47094313421817, 0.0 ], [ 131.120606793568726, -7.47108590159307, 0.0 ], [ 131.120636537746179, -7.470990723642926, 0.0 ], [ 131.1207614589743, -7.47094313421817, 0.0 ] ] ], [ [ [ 131.126002770811283, -7.470938396589658, 0.0 ], [ 131.126059298597823, -7.471174566652897, 0.0 ], [ 131.12591891172849, -7.471081767409586, 0.0 ], [ 131.126002770811283, -7.470938396589658, 0.0 ] ] ], [ [ [ 131.120612742584058, -7.470687341847241, 0.0 ], [ 131.120505668402018, -7.470865802414809, 0.0 ], [ 131.120475924224564, -7.470752777418691, 0.0 ], [ 131.120612742584058, -7.470687341847241, 0.0 ] ] ], [ [ [ 131.126575642551899, -7.470686777073058, 0.0 ], [ 131.126279374393704, -7.470585514309994, 0.0 ], [ 131.126482843308594, -7.470508317404859, 0.0 ], [ 131.126575642551899, -7.470686777073058, 0.0 ] ] ], [ [ [ 131.125626237261145, -7.470439313323566, 0.0 ], [ 131.126075955840776, -7.470620152597877, 0.0 ], [ 131.12559292457388, -7.470760540366576, 0.0 ], [ 131.125626237261145, -7.470439313323566, 0.0 ] ] ], [ [ [ 131.125838009616444, -7.470068117249776, 0.0 ], [ 131.125654791635384, -7.470282269211274, 0.0 ], [ 131.125531059311015, -7.470139500937182, 0.0 ], [ 131.125838009616444, -7.470068117249776, 0.0 ] ] ], [ [ [ 131.126498309849239, -7.470053841411576, 0.0 ], [ 131.126273450559324, -7.470135932427339, 0.0 ], [ 131.126322203706792, -7.469985890436507, 0.0 ], [ 131.126498309849239, -7.470053841411576, 0.0 ] ] ], [ [ [ 131.127036042379501, -7.469857398899808, 0.0 ], [ 131.12677192228648, -7.469893091193195, 0.0 ], [ 131.126893275004676, -7.46974318499987, 0.0 ], [ 131.127036042379501, -7.469857398899808, 0.0 ] ] ], [ [ [ 131.125305010218057, -7.469651711357343, 0.0 ], [ 131.125193175924409, -7.469820654399654, 0.0 ], [ 131.125137232697199, -7.469678940130978, 0.0 ], [ 131.125305010218057, -7.469651711357343, 0.0 ] ] ], [ [ [ 131.121551638397506, -7.468980823406283, 0.0 ], [ 131.121438614300672, -7.469114666808333, 0.0 ], [ 131.121501074914704, -7.468912412877486, 0.0 ], [ 131.121551638397506, -7.468980823406283, 0.0 ] ] ], [ [ [ 131.121503796263255, -7.468743811577631, 0.0 ], [ 131.122008700840951, -7.468425636833657, 0.0 ], [ 131.121992086765431, -7.468680415668575, 0.0 ], [ 131.121503796263255, -7.468743811577631, 0.0 ] ] ], [ [ [ 131.121602201880165, -7.468023088594648, 0.0 ], [ 131.121533793150093, -7.468207498177452, 0.0 ], [ 131.121512972046048, -7.468064729903271, 0.0 ], [ 131.121602201880165, -7.468023088594648, 0.0 ] ] ], [ [ [ 131.121675117113028, -7.467094845250858, 0.0 ], [ 131.12238181696739, -7.467780130448602, 0.0 ], [ 131.122124834793368, -7.467965728035856, 0.0 ], [ 131.121675117113028, -7.467094845250858, 0.0 ] ] ], [ [ [ 131.123259837671469, -7.466295346153266, 0.0 ], [ 131.123873739181789, -7.466173994334361, 0.0 ], [ 131.123816632231865, -7.466516636033908, 0.0 ], [ 131.123259837671469, -7.466295346153266, 0.0 ] ] ], [ [ [ 131.133253573693565, -7.461990901259056, 0.0 ], [ 131.133303542724434, -7.461683950953527, 0.0 ], [ 131.13351224479436, -7.4618877085509, 0.0 ], [ 131.133253573693565, -7.461990901259056, 0.0 ] ] ], [ [ [ 131.133833472736654, -7.459427941346312, 0.0 ], [ 131.133829903327438, -7.45956714021128, 0.0 ], [ 131.133737104084133, -7.459535017327105, 0.0 ], [ 131.133833472736654, -7.459427941346312, 0.0 ] ] ], [ [ [ 131.134361712922839, -7.458917547306924, 0.0 ], [ 131.1340904540113, -7.459096006975034, 0.0 ], [ 131.134179683845417, -7.45879619458865, 0.0 ], [ 131.134361712922839, -7.458917547306924, 0.0 ] ] ], [ [ [ 131.13369070356319, -7.45857847411722, 0.0 ], [ 131.133617631848296, -7.459321145954049, 0.0 ], [ 131.133069665033076, -7.459010347449516, 0.0 ], [ 131.13369070356319, -7.45857847411722, 0.0 ] ] ], [ [ [ 131.134570510320856, -7.458075515672461, 0.0 ], [ 131.134367066586918, -7.458218283047272, 0.0 ], [ 131.134467003749279, -7.458007701394268, 0.0 ], [ 131.134570510320856, -7.458075515672461, 0.0 ] ] ], [ [ [ 131.13433851311197, -7.457247463099907, 0.0 ], [ 131.134074488346982, -7.457158216178676, 0.0 ], [ 131.134177899590441, -7.45709755690667, 0.0 ], [ 131.13433851311197, -7.457247463099907, 0.0 ] ] ], [ [ [ 131.698665615126117, -7.439252499303332, 0.0 ], [ 131.698385630992107, -7.439218513923222, 0.0 ], [ 131.698649630576057, -7.439074513577885, 0.0 ], [ 131.698665615126117, -7.439252499303332, 0.0 ] ] ], [ [ [ 131.696250629662927, -7.438918500088646, 0.0 ], [ 131.696117608241138, -7.439090505322524, 0.0 ], [ 131.696058630701231, -7.439009515076992, 0.0 ], [ 131.696250629662927, -7.438918500088646, 0.0 ] ] ], [ [ [ 131.194164166643077, -7.429661264755508, 0.0 ], [ 131.193942876762435, -7.429682679412045, 0.0 ], [ 131.194114199410762, -7.42956132669386, 0.0 ], [ 131.194164166643077, -7.429661264755508, 0.0 ] ] ], [ [ [ 130.999706944220208, -7.427521322550915, 0.0 ], [ 130.999522298115579, -7.42757462356998, 0.0 ], [ 130.999572515359375, -7.427471269883127, 0.0 ], [ 130.999706944220208, -7.427521322550915, 0.0 ] ] ], [ [ [ 130.999071247640018, -7.427374081948272, 0.0 ], [ 130.999114077852482, -7.427623926203156, 0.0 ], [ 130.998942756103332, -7.42755254161647, 0.0 ], [ 130.999071247640018, -7.427374081948272, 0.0 ] ] ], [ [ [ 130.9987500205971, -7.427224176654405, 0.0 ], [ 130.99854300655457, -7.427402636322515, 0.0 ], [ 130.998535868635514, -7.427188484361017, 0.0 ], [ 130.9987500205971, -7.427224176654405, 0.0 ] ] ], [ [ [ 131.002430666042414, -7.426977378403236, 0.0 ], [ 131.002178443080794, -7.42727719078962, 0.0 ], [ 131.002268862717898, -7.426915512241087, 0.0 ], [ 131.002430666042414, -7.426977378403236, 0.0 ] ] ], [ [ [ 131.198179626089029, -7.426654815866999, 0.0 ], [ 131.197742782203676, -7.426681228056146, 0.0 ], [ 131.197727528802488, -7.426307414055858, 0.0 ], [ 131.198179626089029, -7.426654815866999, 0.0 ] ] ], [ [ [ 131.203832348084461, -7.425947419937432, 0.0 ], [ 131.203830393857658, -7.426228654129011, 0.0 ], [ 131.203674777868741, -7.426152986970783, 0.0 ], [ 131.203832348084461, -7.425947419937432, 0.0 ] ] ], [ [ [ 131.198055894663923, -7.425312799845844, 0.0 ], [ 131.198949168769275, -7.42590314361509, 0.0 ], [ 131.197814165891174, -7.426281477608113, 0.0 ], [ 131.198055894663923, -7.425312799845844, 0.0 ] ] ], [ [ [ 131.043441787408597, -7.423399304234461, 0.0 ], [ 131.0432752239725, -7.423536122593947, 0.0 ], [ 131.043314449702166, -7.423375563031768, 0.0 ], [ 131.043441787408597, -7.423399304234461, 0.0 ] ] ], [ [ [ 131.043197892169047, -7.423375509072442, 0.0 ], [ 131.042989689222878, -7.423470687921866, 0.0 ], [ 131.042995637338919, -7.423369560956398, 0.0 ], [ 131.043197892169047, -7.423375509072442, 0.0 ] ] ], [ [ [ 131.208329336030147, -7.423928429353469, 0.0 ], [ 131.198793630121969, -7.433770513598307, 0.0 ], [ 131.194706921887018, -7.433458170058386, 0.0 ], [ 131.199383633048285, -7.425679236707409, 0.0 ], [ 131.208329336030147, -7.423928429353469, 0.0 ] ] ], [ [ [ 131.044500645588414, -7.422774695395854, 0.0 ], [ 131.044310841871948, -7.422981417158584, 0.0 ], [ 131.044227008869342, -7.422905565639296, 0.0 ], [ 131.044500645588414, -7.422774695395854, 0.0 ] ] ], [ [ [ 131.046939594386799, -7.422161983688528, 0.0 ], [ 131.046685674404415, -7.422374683244985, 0.0 ], [ 131.046564828903797, -7.422304751962709, 0.0 ], [ 131.046939594386799, -7.422161983688528, 0.0 ] ] ], [ [ [ 131.052043538378683, -7.421013893876064, 0.0 ], [ 131.052196897968514, -7.421207795803112, 0.0 ], [ 131.051954309443886, -7.421156662150156, 0.0 ], [ 131.052043538378683, -7.421013893876064, 0.0 ] ] ], [ [ [ 131.692557607747574, -7.420968485307337, 0.0 ], [ 131.692293622552711, -7.421008506936992, 0.0 ], [ 131.69254560719412, -7.420713507722158, 0.0 ], [ 131.692557607747574, -7.420968485307337, 0.0 ] ] ], [ [ [ 131.040520630223057, -7.416492499229469, 0.0 ], [ 131.03781244239039, -7.416621999805421, 0.0 ], [ 131.038598615333854, -7.414978498658779, 0.0 ], [ 131.040520630223057, -7.416492499229469, 0.0 ] ] ], [ [ [ 131.114359241985539, -7.413393075729839, 0.0 ], [ 131.114173644398193, -7.413521566367169, 0.0 ], [ 131.114197438660852, -7.41336928056782, 0.0 ], [ 131.114359241985539, -7.413393075729839, 0.0 ] ] ], [ [ [ 131.119051836972716, -7.412406193890656, 0.0 ], [ 131.119055406382017, -7.412563238002948, 0.0 ], [ 131.118948330401139, -7.412491854315632, 0.0 ], [ 131.119051836972716, -7.412406193890656, 0.0 ] ] ], [ [ [ 131.118584273145757, -7.412313394647433, 0.0 ], [ 131.118552150261593, -7.41252754660893, 0.0 ], [ 131.118473627755776, -7.412381209824907, 0.0 ], [ 131.118584273145757, -7.412313394647433, 0.0 ] ] ], [ [ [ 131.118523596786645, -7.412042136635292, 0.0 ], [ 131.118391536740091, -7.412206319565921, 0.0 ], [ 131.11838796733096, -7.412002874932692, 0.0 ], [ 131.118523596786645, -7.412042136635292, 0.0 ] ] ], [ [ [ 131.118272712016164, -7.411951538032983, 0.0 ], [ 131.118208466247808, -7.412072890751257, 0.0 ], [ 131.11821917357608, -7.411949159326151, 0.0 ], [ 131.118272712016164, -7.411951538032983, 0.0 ] ] ], [ [ [ 131.173998452566622, -7.407182298324314, 0.0 ], [ 131.173736712079659, -7.407449987826612, 0.0 ], [ 131.173685305032961, -7.407199841399485, 0.0 ], [ 131.173998452566622, -7.407182298324314, 0.0 ] ] ], [ [ [ 131.17414122084071, -7.406730200138582, 0.0 ], [ 131.173835211226105, -7.406978552418212, 0.0 ], [ 131.17382807330705, -7.406864336719713, 0.0 ], [ 131.17414122084071, -7.406730200138582, 0.0 ] ] ], [ [ [ 131.174155397753424, -7.406313953426106, 0.0 ], [ 131.174003693815479, -7.406456236066354, 0.0 ], [ 131.174019769197059, -7.406335368982101, 0.0 ], [ 131.174155397753424, -7.406313953426106, 0.0 ] ] ], [ [ [ 131.174299652606919, -7.405601304556501, 0.0 ], [ 131.174177853825, -7.405807857246741, 0.0 ], [ 131.174109295807426, -7.405636996849888, 0.0 ], [ 131.174299652606919, -7.405601304556501, 0.0 ] ] ], [ [ [ 131.133153637430468, -7.46184099506582, 0.0 ], [ 131.092863121236093, -7.489598551132185, 0.0 ], [ 131.084508613681692, -7.48082649824429, 0.0 ], [ 131.086859615079277, -7.487944515327064, 0.0 ], [ 131.086859666340672, -7.493045666024648, 0.0 ], [ 131.059519614238837, -7.523959498931702, 0.0 ], [ 131.036253655581874, -7.513694209020442, 0.0 ], [ 131.037660615245301, -7.512739514816661, 0.0 ], [ 131.039158118652267, -7.505783235407896, 0.0 ], [ 131.038383603620446, -7.505119364866778, 0.0 ], [ 131.04839963113821, -7.500359514979563, 0.0 ], [ 131.0479990056497, -7.505531606898134, 0.0 ], [ 131.061487839891868, -7.499574487772324, 0.0 ], [ 131.05942361520772, -7.484042515249793, 0.0 ], [ 131.028871502218067, -7.501452790214084, 0.0 ], [ 131.025283274703384, -7.499116159083456, 0.0 ], [ 131.015358240590416, -7.49902250368553, 0.0 ], [ 131.013141238177667, -7.496867374629605, 0.0 ], [ 131.003679613923083, -7.504279498799774, 0.0 ], [ 130.977097613863833, -7.497411513930156, 0.0 ], [ 130.970999615040256, -7.489874514397314, 0.0 ], [ 130.968999613641358, -7.490205499084438, 0.0 ], [ 130.970799613911169, -7.458315515048922, 0.0 ], [ 130.989338629774011, -7.42953551435244, 0.0 ], [ 131.026527613558557, -7.42116151489192, 0.0 ], [ 131.088141613944373, -7.422045499000588, 0.0 ], [ 131.161204650374401, -7.405019384736792, 0.0 ], [ 131.169952143676625, -7.424506873293505, 0.0 ], [ 131.147477539856595, -7.434511911995116, 0.0 ], [ 131.150878241637656, -7.440540059576043, 0.0 ], [ 131.137011629183377, -7.446757515347072, 0.0 ], [ 131.139136101250187, -7.452105745783547, 0.0 ], [ 131.133153637430468, -7.46184099506582, 0.0 ] ] ], [ [ [ 131.185273614585782, -7.398937515254093, 0.0 ], [ 131.181860390644601, -7.412251898106507, 0.0 ], [ 131.174563630607167, -7.411510514098899, 0.0 ], [ 131.176130630024687, -7.401407514944828, 0.0 ], [ 131.185273614585782, -7.398937515254093, 0.0 ] ] ], [ [ [ 131.322632631190999, -7.389084515038284, 0.0 ], [ 131.328137614359406, -7.415886515350304, 0.0 ], [ 131.31625863043152, -7.408026514412106, 0.0 ], [ 131.322632631190999, -7.389084515038284, 0.0 ] ] ], [ [ [ 131.200163650132367, -7.38263240366244, 0.0 ], [ 131.199692515996844, -7.383845929046355, 0.0 ], [ 131.199556887440451, -7.382289761962894, 0.0 ], [ 131.200163650132367, -7.38263240366244, 0.0 ] ] ], [ [ [ 131.679419253695642, -7.371234673041708, 0.0 ], [ 131.679199153618129, -7.371658612554891, 0.0 ], [ 131.679151565092724, -7.371486102801387, 0.0 ], [ 131.679419253695642, -7.371234673041708, 0.0 ] ] ], [ [ [ 131.666208688580127, -7.367326661895905, 0.0 ], [ 131.665885081931009, -7.367688340444526, 0.0 ], [ 131.665875564405837, -7.367536054645178, 0.0 ], [ 131.666208688580127, -7.367326661895905, 0.0 ] ] ], [ [ [ 131.226355768004396, -7.350236607633302, 0.0 ], [ 131.225612025974272, -7.35045503766976, 0.0 ], [ 131.226278436200943, -7.350159274930571, 0.0 ], [ 131.226355768004396, -7.350236607633302, 0.0 ] ] ], [ [ [ 131.37456963138348, -7.34998651426613, 0.0 ], [ 131.375597614038725, -7.349822514797192, 0.0 ], [ 131.374847629814326, -7.350674515416492, 0.0 ], [ 131.37456963138348, -7.34998651426613, 0.0 ] ] ], [ [ [ 131.397187615016492, -7.337670497595354, 0.0 ], [ 131.397005629106616, -7.338053515257474, 0.0 ], [ 131.396778630329578, -7.337568515374641, 0.0 ], [ 131.397187615016492, -7.337670497595354, 0.0 ] ] ], [ [ [ 131.298607737357173, -7.32912435890201, 0.0 ], [ 131.299777630333438, -7.329366513953398, 0.0 ], [ 131.299886467186752, -7.329565833396393, 0.0 ], [ 131.298607737357173, -7.32912435890201, 0.0 ] ] ], [ [ [ 131.22954161365459, -7.326237515349002, 0.0 ], [ 131.229147614370902, -7.326536514748287, 0.0 ], [ 131.229249630765878, -7.326274515256585, 0.0 ], [ 131.22954161365459, -7.326237515349002, 0.0 ] ] ], [ [ [ 131.227274614332032, -7.325676514659366, 0.0 ], [ 131.227829614745019, -7.325784515143211, 0.0 ], [ 131.22777661499893, -7.326303513895986, 0.0 ], [ 131.227274614332032, -7.325676514659366, 0.0 ] ] ], [ [ [ 131.228603615364648, -7.323264498757601, 0.0 ], [ 131.231050629283232, -7.326332514334037, 0.0 ], [ 131.22822161393637, -7.32449251491765, 0.0 ], [ 131.228603615364648, -7.323264498757601, 0.0 ] ] ], [ [ [ 131.229455615084561, -7.322091514811539, 0.0 ], [ 131.229422615361528, -7.321796514697335, 0.0 ], [ 131.229557614392405, -7.321797513844145, 0.0 ], [ 131.229455615084561, -7.322091514811539, 0.0 ] ] ], [ [ [ 131.236010615197756, -7.311991514896458, 0.0 ], [ 131.2357376151989, -7.312390514410686, 0.0 ], [ 131.235605615406882, -7.312179500183706, 0.0 ], [ 131.236010615197756, -7.311991514896458, 0.0 ] ] ], [ [ [ 131.257423795971448, -7.303465526412881, 0.0 ], [ 131.277239615316034, -7.332619513779529, 0.0 ], [ 131.287952630009983, -7.334834499012891, 0.0 ], [ 131.280520629023897, -7.321306514583873, 0.0 ], [ 131.289325615085119, -7.323117515360948, 0.0 ], [ 131.30261356776208, -7.339055361815453, 0.0 ], [ 131.277745615268032, -7.342405515402176, 0.0 ], [ 131.260750614849087, -7.358259515364266, 0.0 ], [ 131.275211615323855, -7.375598514559715, 0.0 ], [ 131.269474629550558, -7.380124513735246, 0.0 ], [ 131.218750631336661, -7.367929514335606, 0.0 ], [ 131.207428629927449, -7.357476499041108, 0.0 ], [ 131.226704630314543, -7.350421513641851, 0.0 ], [ 131.225469614730969, -7.330846513855497, 0.0 ], [ 131.242139629840153, -7.339369514791175, 0.0 ], [ 131.245875630356039, -7.322402498576412, 0.0 ], [ 131.23841462983134, -7.31270549925929, 0.0 ], [ 131.257423795971448, -7.303465526412881, 0.0 ] ] ], [ [ [ 131.638064201901415, -7.301982047033809, 0.0 ], [ 131.637878604314153, -7.302267581783432, 0.0 ], [ 131.637878604314153, -7.302032015165309, 0.0 ], [ 131.638064201901415, -7.301982047033809, 0.0 ] ] ], [ [ [ 131.382075630386083, -7.290579514932619, 0.0 ], [ 131.38192661362234, -7.29081551412463, 0.0 ], [ 131.381948614636968, -7.290503514125816, 0.0 ], [ 131.382075630386083, -7.290579514932619, 0.0 ] ] ], [ [ [ 131.380799240592495, -7.290621996208094, 0.0 ], [ 131.380594223944399, -7.290654995931315, 0.0 ], [ 131.380826239139623, -7.29049801207358, 0.0 ], [ 131.380799240592495, -7.290621996208094, 0.0 ] ] ], [ [ [ 131.380714207894442, -7.288778714266168, 0.0 ], [ 131.3805862082869, -7.288967730176558, 0.0 ], [ 131.380546191153826, -7.288797728632249, 0.0 ], [ 131.380714207894442, -7.288778714266168, 0.0 ] ] ], [ [ [ 131.38150062995021, -7.28459651511704, 0.0 ], [ 131.390431630815186, -7.286590514440653, 0.0 ], [ 131.382451615349851, -7.290086514680886, 0.0 ], [ 131.38150062995021, -7.28459651511704, 0.0 ] ] ], [ [ [ 131.632259507070671, -7.270125822648569, 0.0 ], [ 131.632033457977712, -7.270262641907336, 0.0 ], [ 131.632128636827218, -7.270066336092532, 0.0 ], [ 131.632259507070671, -7.270125822648569, 0.0 ] ] ], [ [ [ 131.948522833761814, -7.252770120344713, 0.0 ], [ 131.947933917216602, -7.252990220422343, 0.0 ], [ 131.948207554834852, -7.252544072151216, 0.0 ], [ 131.948522833761814, -7.252770120344713, 0.0 ] ] ], [ [ [ 131.401496317301252, -7.247630198075131, 0.0 ], [ 131.409165629590206, -7.25307951500758, 0.0 ], [ 131.404196630670071, -7.26595151415104, 0.0 ], [ 131.394990629713931, -7.252385513580498, 0.0 ], [ 131.401496317301252, -7.247630198075131, 0.0 ] ] ], [ [ [ 131.372931578329741, -7.242124627649352, 0.0 ], [ 131.375677631217741, -7.242513498099416, 0.0 ], [ 131.375233706970079, -7.244209034918984, 0.0 ], [ 131.372931578329741, -7.242124627649352, 0.0 ] ] ], [ [ [ 131.371466623186137, -7.238763242429584, 0.0 ], [ 131.3717830919162, -7.238770381248098, 0.0 ], [ 131.371932998109344, -7.238986911916427, 0.0 ], [ 131.371466623186137, -7.238763242429584, 0.0 ] ] ], [ [ [ 131.371875890260156, -7.238309717019734, 0.0 ], [ 131.371695050985835, -7.238359686050603, 0.0 ], [ 131.371754538441252, -7.238252610069899, 0.0 ], [ 131.371875890260156, -7.238309717019734, 0.0 ] ] ], [ [ [ 131.711059614709455, -7.239116498827317, 0.0 ], [ 131.713804629779901, -7.238337515064223, 0.0 ], [ 131.714232615342979, -7.238834514601126, 0.0 ], [ 131.711059614709455, -7.239116498827317, 0.0 ] ] ], [ [ [ 131.370652848250444, -7.237536391790992, 0.0 ], [ 131.370529115926047, -7.237593498740917, 0.0 ], [ 131.370545772269651, -7.237531632578768, 0.0 ], [ 131.370652848250444, -7.237536391790992, 0.0 ] ] ], [ [ [ 131.475650629772787, -7.236831513963152, 0.0 ], [ 131.480428615388405, -7.237868499731429, 0.0 ], [ 131.475351631272787, -7.238034514581119, 0.0 ], [ 131.475650629772787, -7.236831513963152, 0.0 ] ] ], [ [ [ 131.906265912142175, -7.234379330741517, 0.0 ], [ 131.905987515311608, -7.234525668424822, 0.0 ], [ 131.905968479361917, -7.234307947953392, 0.0 ], [ 131.906265912142175, -7.234379330741517, 0.0 ] ] ], [ [ [ 131.468396613612867, -7.23271651395592, 0.0 ], [ 131.471188630850719, -7.246138515080317, 0.0 ], [ 131.453974905417567, -7.241500668121218, 0.0 ], [ 131.457233615039456, -7.234703513856004, 0.0 ], [ 131.468396613612867, -7.23271651395592, 0.0 ] ] ], [ [ [ 131.748735719877686, -7.221587626667584, 0.0 ], [ 131.748777122866016, -7.22181177189574, 0.0 ], [ 131.748642920634381, -7.22173753286082, 0.0 ], [ 131.748735719877686, -7.221587626667584, 0.0 ] ] ], [ [ [ 131.74730794810344, -7.221258151042757, 0.0 ], [ 131.747115211697775, -7.221519890630449, 0.0 ], [ 131.747041449303538, -7.221286703618438, 0.0 ], [ 131.74730794810344, -7.221258151042757, 0.0 ] ] ], [ [ [ 131.74681952360217, -7.220568106632789, 0.0 ], [ 131.747139324320415, -7.220465314122907, 0.0 ], [ 131.747202141965289, -7.220606177632919, 0.0 ], [ 131.74681952360217, -7.220568106632789, 0.0 ] ] ], [ [ [ 131.747485772850212, -7.220267342763601, 0.0 ], [ 131.747356330730071, -7.220431049952917, 0.0 ], [ 131.747283994660762, -7.220255922272915, 0.0 ], [ 131.747485772850212, -7.220267342763601, 0.0 ] ] ], [ [ [ 131.404868630183159, -7.220553514233234, 0.0 ], [ 131.403830613791911, -7.219883514812312, 0.0 ], [ 131.405052629675168, -7.218658498790623, 0.0 ], [ 131.404868630183159, -7.220553514233234, 0.0 ] ] ], [ [ [ 131.983863738620755, -7.209162054585042, 0.0 ], [ 131.984027921551359, -7.209461867870885, 0.0 ], [ 131.983735247983418, -7.209297684940167, 0.0 ], [ 131.983863738620755, -7.209162054585042, 0.0 ] ] ], [ [ [ 131.386526615311141, -7.20037449828446, 0.0 ], [ 131.405862630156349, -7.232679514947619, 0.0 ], [ 131.401757614422422, -7.23976751535849, 0.0 ], [ 131.396890613910756, -7.224872513755524, 0.0 ], [ 131.37983558374529, -7.24104851597616, 0.0 ], [ 131.364915615163625, -7.232411515179286, 0.0 ], [ 131.386272615289073, -7.217806499070604, 0.0 ], [ 131.386526615311141, -7.20037449828446, 0.0 ] ] ], [ [ [ 131.513196638114465, -7.186485240001764, 0.0 ], [ 131.512507633320638, -7.186907037329852, 0.0 ], [ 131.512333648679004, -7.186158037863136, 0.0 ], [ 131.513196638114465, -7.186485240001764, 0.0 ] ] ], [ [ [ 131.503397631395615, -7.180355513995699, 0.0 ], [ 131.500460629954205, -7.181974514911874, 0.0 ], [ 131.500284614643334, -7.179028514854017, 0.0 ], [ 131.503397631395615, -7.180355513995699, 0.0 ] ] ], [ [ [ 131.721173614370883, -7.176115515418661, 0.0 ], [ 131.727118292275463, -7.182939300408345, 0.0 ], [ 131.721816615244677, -7.186139515426219, 0.0 ], [ 131.721173614370883, -7.176115515418661, 0.0 ] ] ], [ [ [ 131.807916615259614, -7.17587651428964, 0.0 ], [ 131.807465631333855, -7.176076513620159, 0.0 ], [ 131.807422630250301, -7.175950515004174, 0.0 ], [ 131.807916615259614, -7.17587651428964, 0.0 ] ] ], [ [ [ 131.658091616435058, -7.174321511828267, 0.0 ], [ 131.656822612773425, -7.174921513417035, 0.0 ], [ 131.657529630088419, -7.173728497072388, 0.0 ], [ 131.658091616435058, -7.174321511828267, 0.0 ] ] ], [ [ [ 131.809390613985641, -7.170279515187409, 0.0 ], [ 131.808696615256679, -7.17051051504816, 0.0 ], [ 131.80864363079894, -7.170231513873197, 0.0 ], [ 131.809390613985641, -7.170279515187409, 0.0 ] ] ], [ [ [ 131.487220598551858, -7.163361036082864, 0.0 ], [ 131.489189630896846, -7.208806513909475, 0.0 ], [ 131.477461629650492, -7.21212051474989, 0.0 ], [ 131.453071613763996, -7.201587499363508, 0.0 ], [ 131.471109269277491, -7.184376435923737, 0.0 ], [ 131.471307614754693, -7.171517497634365, 0.0 ], [ 131.487220598551858, -7.163361036082864, 0.0 ] ] ], [ [ [ 131.50759372956702, -7.160811628054179, 0.0 ], [ 131.50673374656526, -7.161574642555627, 0.0 ], [ 131.506290746820639, -7.161116643917945, 0.0 ], [ 131.50759372956702, -7.160811628054179, 0.0 ] ] ], [ [ [ 131.428905629791046, -7.160596513817977, 0.0 ], [ 131.428316615219728, -7.161334513676802, 0.0 ], [ 131.428286630023962, -7.160712514670723, 0.0 ], [ 131.428905629791046, -7.160596513817977, 0.0 ] ] ], [ [ [ 131.526587968759827, -7.15044384600663, 0.0 ], [ 131.526373817697618, -7.150693689362234, 0.0 ], [ 131.526352402141697, -7.150436708087574, 0.0 ], [ 131.526587968759827, -7.15044384600663, 0.0 ] ] ], [ [ [ 131.710352615381055, -7.142971498735643, 0.0 ], [ 131.710250629563035, -7.143300514806831, 0.0 ], [ 131.710161629955337, -7.143022513678047, 0.0 ], [ 131.710352615381055, -7.142971498735643, 0.0 ] ] ], [ [ [ 131.566206273201004, -7.131135382791668, 0.0 ], [ 131.566117043366916, -7.131242457873092, 0.0 ], [ 131.566096222262871, -7.131120510702952, 0.0 ], [ 131.566206273201004, -7.131135382791668, 0.0 ] ] ], [ [ [ 131.563291432853333, -7.130577993779389, 0.0 ], [ 131.56301303602288, -7.130620823991744, 0.0 ], [ 131.563009466613664, -7.130542302385282, 0.0 ], [ 131.563291432853333, -7.130577993779389, 0.0 ] ] ], [ [ [ 131.573775933412634, -7.129737448724231, 0.0 ], [ 131.573600447802505, -7.129710680403515, 0.0 ], [ 131.573784855586752, -7.129645244832154, 0.0 ], [ 131.573775933412634, -7.129737448724231, 0.0 ] ] ], [ [ [ 131.495872614429715, -7.128826513732615, 0.0 ], [ 131.49950763007314, -7.13174249891713, 0.0 ], [ 131.493125629844059, -7.137042514000739, 0.0 ], [ 131.495872614429715, -7.128826513732615, 0.0 ] ] ], [ [ [ 131.589348653317785, -7.125758812019515, 0.0 ], [ 131.589295353198111, -7.125901580293696, 0.0 ], [ 131.589261088128751, -7.125770234308852, 0.0 ], [ 131.589348653317785, -7.125758812019515, 0.0 ] ] ], [ [ [ 131.430510370157521, -7.120149887007602, 0.0 ], [ 131.43042470973262, -7.120246254760757, 0.0 ], [ 131.430403295076076, -7.120142749088546, 0.0 ], [ 131.430510370157521, -7.120149887007602, 0.0 ] ] ], [ [ [ 131.482244630785118, -7.120631515332113, 0.0 ], [ 131.475181614440004, -7.125360498687953, 0.0 ], [ 131.478878630244708, -7.118895499127901, 0.0 ], [ 131.482244630785118, -7.120631515332113, 0.0 ] ] ], [ [ [ 131.611441615438252, -7.119166514323164, 0.0 ], [ 131.614875613718738, -7.121142514615356, 0.0 ], [ 131.613539614161965, -7.122343514241684, 0.0 ], [ 131.611441615438252, -7.119166514323164, 0.0 ] ] ], [ [ [ 131.654402484986804, -7.118314439959387, 0.0 ], [ 131.659582612347833, -7.146554495793271, 0.0 ], [ 131.638920614594809, -7.169614514198467, 0.0 ], [ 131.640427630131086, -7.177228513684923, 0.0 ], [ 131.68081066138302, -7.173258864804736, 0.0 ], [ 131.674867486245603, -7.159115479695614, 0.0 ], [ 131.680114197612198, -7.15231260034617, 0.0 ], [ 131.710276614574155, -7.143587512753483, 0.0 ], [ 131.709212634755318, -7.153474510939865, 0.0 ], [ 131.690555278003785, -7.163334344204556, 0.0 ], [ 131.718741616432567, -7.164649512764746, 0.0 ], [ 131.717914614268125, -7.189474512738484, 0.0 ], [ 131.747105616830822, -7.212398505986232, 0.0 ], [ 131.739133615224233, -7.224499511842967, 0.0 ], [ 131.706119617126632, -7.233323509572268, 0.0 ], [ 131.675248617130052, -7.234162509592127, 0.0 ], [ 131.671113159344941, -7.224283847221694, 0.0 ], [ 131.652423613159243, -7.230625511957792, 0.0 ], [ 131.649739614391734, -7.249676511861462, 0.0 ], [ 131.631379105861129, -7.257948931098283, 0.0 ], [ 131.637308631088558, -7.30626649909956, 0.0 ], [ 131.650724639130857, -7.314140506978787, 0.0 ], [ 131.658457629715969, -7.335425513676411, 0.0 ], [ 131.651353630365861, -7.351818498924593, 0.0 ], [ 131.660453031082596, -7.355197655647298, 0.0 ], [ 131.658363613689886, -7.367753514313139, 0.0 ], [ 131.67696561537096, -7.368260499022731, 0.0 ], [ 131.682147973050661, -7.378973147692562, 0.0 ], [ 131.676866615302202, -7.391848514797043, 0.0 ], [ 131.648489615203687, -7.394011512920943, 0.0 ], [ 131.646070615166764, -7.404377515210107, 0.0 ], [ 131.662944613603173, -7.405048514677119, 0.0 ], [ 131.657080614778607, -7.430318515387117, 0.0 ], [ 131.670718631259888, -7.421244515122253, 0.0 ], [ 131.670863614564269, -7.437393515198457, 0.0 ], [ 131.692598614134823, -7.421028498866082, 0.0 ], [ 131.706405631214949, -7.422275515003011, 0.0 ], [ 131.697955613860586, -7.438735514132659, 0.0 ], [ 131.667288631365295, -7.452369499852444, 0.0 ], [ 131.675768615029625, -7.461939514896602, 0.0 ], [ 131.667865630994186, -7.484461514786992, 0.0 ], [ 131.672021614905674, -7.496341514948916, 0.0 ], [ 131.648788849326053, -7.505349126361053, 0.0 ], [ 131.667301614877687, -7.511763514774276, 0.0 ], [ 131.655093230867919, -7.541165665563002, 0.0 ], [ 131.658595630683863, -7.550325515110393, 0.0 ], [ 131.646448629900419, -7.558363499076196, 0.0 ], [ 131.649348631434265, -7.569500515336428, 0.0 ], [ 131.629658988771297, -7.606164636788452, 0.0 ], [ 131.621932613599284, -7.64994951465832, 0.0 ], [ 131.6100306142215, -7.652340499014779, 0.0 ], [ 131.600212320642186, -7.644298220786164, 0.0 ], [ 131.598374615396239, -7.654140514573075, 0.0 ], [ 131.584910614133634, -7.659837513790161, 0.0 ], [ 131.58948361457729, -7.669409500148276, 0.0 ], [ 131.563143613986682, -7.69842251518689, 0.0 ], [ 131.553434614116213, -7.723555499686511, 0.0 ], [ 131.536201615312422, -7.722876515138991, 0.0 ], [ 131.531626613877137, -7.73148249921796, 0.0 ], [ 131.516776877850702, -7.725796876424677, 0.0 ], [ 131.508398614704333, -7.732646515124556, 0.0 ], [ 131.484929615209694, -7.729988514858003, 0.0 ], [ 131.476535630115308, -7.742858515707932, 0.0 ], [ 131.485035958243003, -7.754185431912112, 0.0 ], [ 131.47862161479577, -7.783886514650876, 0.0 ], [ 131.46348663090339, -7.773002500165197, 0.0 ], [ 131.451616615014785, -7.77737749957195, 0.0 ], [ 131.460467614888501, -7.810887515146606, 0.0 ], [ 131.431533631372133, -7.814562514648297, 0.0 ], [ 131.415523614323405, -7.838955499196824, 0.0 ], [ 131.391611329998938, -7.842698539605823, 0.0 ], [ 131.363629615214677, -7.870119513604638, 0.0 ], [ 131.360536629062238, -7.887985516418342, 0.0 ], [ 131.380404630669176, -7.896231515372135, 0.0 ], [ 131.362719629907048, -7.911692515197347, 0.0 ], [ 131.344372614804314, -7.907294514730071, 0.0 ], [ 131.326638630668299, -7.933722498694332, 0.0 ], [ 131.331365614831327, -7.941292499749045, 0.0 ], [ 131.355613629565369, -7.932917516430197, 0.0 ], [ 131.344343614366352, -7.950617515186113, 0.0 ], [ 131.32999777837486, -7.954639740231765, 0.0 ], [ 131.341941630401919, -7.991332515882802, 0.0 ], [ 131.324603381241076, -7.995297278746331, 0.0 ], [ 131.292261201892984, -8.030982725572304, 0.0 ], [ 131.285986629279591, -8.002250514849312, 0.0 ], [ 131.307346615154216, -7.962039499623223, 0.0 ], [ 131.305339482131416, -7.943132014430868, 0.0 ], [ 131.291727614338043, -7.93748651579003, 0.0 ], [ 131.293594257069373, -7.923721617558569, 0.0 ], [ 131.277747615360227, -7.932414500428812, 0.0 ], [ 131.269982615205521, -7.944728515208758, 0.0 ], [ 131.271865007763978, -7.960438174881793, 0.0 ], [ 131.231832630271725, -8.007180515568262, 0.0 ], [ 131.171690234616705, -7.99267411461864, 0.0 ], [ 131.142432977200201, -8.002415033227166, 0.0 ], [ 131.129048389671595, -7.998267096449289, 0.0 ], [ 131.102898630767299, -7.996216500990697, 0.0 ], [ 131.107597548887838, -7.980235541037376, 0.0 ], [ 131.102254618156138, -7.966725510673704, 0.0 ], [ 131.120703619976069, -7.911514328023798, 0.0 ], [ 131.10383040395007, -7.890003593291154, 0.0 ], [ 131.106827618599795, -7.884453510920756, 0.0 ], [ 131.103588693163772, -7.868121592337544, 0.0 ], [ 131.095365572962919, -7.878822474277739, 0.0 ], [ 131.10148461142569, -7.883411511432107, 0.0 ], [ 131.103002621174141, -7.893591511439072, 0.0 ], [ 131.081032087360995, -7.878578373093407, 0.0 ], [ 131.082098633844936, -7.847549510601385, 0.0 ], [ 131.092449610261383, -7.836639511104496, 0.0 ], [ 131.102139629939956, -7.839319515083502, 0.0 ], [ 131.106986958681205, -7.822794495869249, 0.0 ], [ 131.121629624907285, -7.836359510782724, 0.0 ], [ 131.139504674001614, -7.835881531007852, 0.0 ], [ 131.145149613264124, -7.802959500280674, 0.0 ], [ 131.130999602849442, -7.793099497044124, 0.0 ], [ 131.124869617838584, -7.798929518582368, 0.0 ], [ 131.114819618430687, -7.794699510573969, 0.0 ], [ 131.137223801737122, -7.78328053167117, 0.0 ], [ 131.130279619109189, -7.780429510813195, 0.0 ], [ 131.123149617660829, -7.788969509834923, 0.0 ], [ 131.111459610972389, -7.78315949461497, 0.0 ], [ 131.140489625895611, -7.769909511314824, 0.0 ], [ 131.155699633930993, -7.771839511284354, 0.0 ], [ 131.147888982390697, -7.766867723566476, 0.0 ], [ 131.131490619196853, -7.770019510092289, 0.0 ], [ 131.134289609777767, -7.757679511200414, 0.0 ], [ 131.142189634144444, -7.760509512204176, 0.0 ], [ 131.149311978764928, -7.749645550801424, 0.0 ], [ 131.13924962986664, -7.741099514630871, 0.0 ], [ 131.145685194616107, -7.741446347171158, 0.0 ], [ 131.141979614567617, -7.735159514999594, 0.0 ], [ 131.114659605656385, -7.757929518232646, 0.0 ], [ 131.125689629572719, -7.734939498558972, 0.0 ], [ 131.111012614640629, -7.723133515299433, 0.0 ], [ 131.112985630082761, -7.738972514569901, 0.0 ], [ 131.106577614265575, -7.743521513906674, 0.0 ], [ 131.109543614346421, -7.734525515440075, 0.0 ], [ 131.106471630061662, -7.704824513640388, 0.0 ], [ 131.128159614874363, -7.681459499156488, 0.0 ], [ 131.16957963099523, -7.722979516291576, 0.0 ], [ 131.206879629791189, -7.727039499373304, 0.0 ], [ 131.230939629560311, -7.719499514990583, 0.0 ], [ 131.239639629665277, -7.730939514646788, 0.0 ], [ 131.247109615316475, -7.724109515341818, 0.0 ], [ 131.23801131536996, -7.725022434237942, 0.0 ], [ 131.23788961461409, -7.712599515155442, 0.0 ], [ 131.208259629578237, -7.699759514789743, 0.0 ], [ 131.185159630012976, -7.704499514840694, 0.0 ], [ 131.174929614210413, -7.678179515172427, 0.0 ], [ 131.155929613960581, -7.671968514735087, 0.0 ], [ 131.176109614667155, -7.655019514638876, 0.0 ], [ 131.172439613597334, -7.643189514984065, 0.0 ], [ 131.186775094794825, -7.601370007419898, 0.0 ], [ 131.18387663020232, -7.589644499094365, 0.0 ], [ 131.220307630292922, -7.536890515185028, 0.0 ], [ 131.226620260416809, -7.493204469210894, 0.0 ], [ 131.236476614204435, -7.476751515370132, 0.0 ], [ 131.261264614270601, -7.453233499226534, 0.0 ], [ 131.279130629674938, -7.45596249916998, 0.0 ], [ 131.275631630195704, -7.449116499127032, 0.0 ], [ 131.29009461367562, -7.437180514369216, 0.0 ], [ 131.299876630402196, -7.433447514890882, 0.0 ], [ 131.304859613780224, -7.440811515439075, 0.0 ], [ 131.317862615367517, -7.420281513880659, 0.0 ], [ 131.326964630413357, -7.420136515287882, 0.0 ], [ 131.328991630359468, -7.442876515338862, 0.0 ], [ 131.343356359308558, -7.447203142011353, 0.0 ], [ 131.353488631395322, -7.43042649878383, 0.0 ], [ 131.348037614744214, -7.420240499399514, 0.0 ], [ 131.355338630373609, -7.395909515012081, 0.0 ], [ 131.368704758417977, -7.404137278412629, 0.0 ], [ 131.383616624107958, -7.39393251557308, 0.0 ], [ 131.365768614030344, -7.373178515376181, 0.0 ], [ 131.372328614374169, -7.367346499141529, 0.0 ], [ 131.380742614779933, -7.373405515052393, 0.0 ], [ 131.380426613697296, -7.362317515440945, 0.0 ], [ 131.393993669172602, -7.359441481738908, 0.0 ], [ 131.380049614298287, -7.35361451519763, 0.0 ], [ 131.38432461359011, -7.345364498972432, 0.0 ], [ 131.403743614276436, -7.335362499080026, 0.0 ], [ 131.420176068071072, -7.343268761144354, 0.0 ], [ 131.428441629977385, -7.334777515270011, 0.0 ], [ 131.431541563392386, -7.345033132073357, 0.0 ], [ 131.451719615268075, -7.34699351473889, 0.0 ], [ 131.432492629731058, -7.316355514695231, 0.0 ], [ 131.44045361374333, -7.311059498896703, 0.0 ], [ 131.43696262992151, -7.301840515327455, 0.0 ], [ 131.445888615267449, -7.280364498922402, 0.0 ], [ 131.457453630580602, -7.286926514646889, 0.0 ], [ 131.459295630988635, -7.26874351430176, 0.0 ], [ 131.472123614613224, -7.264714499374562, 0.0 ], [ 131.469209615131689, -7.254130514911309, 0.0 ], [ 131.474252614766442, -7.240712514870643, 0.0 ], [ 131.483418630065756, -7.23891751483137, 0.0 ], [ 131.481904630394439, -7.234724513925154, 0.0 ], [ 131.498716615179632, -7.229730513852032, 0.0 ], [ 131.506625615679667, -7.240033514135361, 0.0 ], [ 131.525415628728268, -7.237371496597226, 0.0 ], [ 131.535586478133439, -7.227398737261907, 0.0 ], [ 131.529356615315578, -7.201269514376544, 0.0 ], [ 131.519836614268343, -7.198110515288007, 0.0 ], [ 131.529584615038061, -7.191732515243369, 0.0 ], [ 131.518058614113784, -7.180146514250189, 0.0 ], [ 131.53025561630372, -7.147023513824084, 0.0 ], [ 131.543746632301406, -7.140478514172059, 0.0 ], [ 131.549491729060151, -7.150341281924603, 0.0 ], [ 131.574436612259916, -7.146907497682856, 0.0 ], [ 131.572610614388424, -7.133533513161065, 0.0 ], [ 131.58466761731674, -7.125348514322453, 0.0 ], [ 131.598819521703604, -7.126535090621892, 0.0 ], [ 131.602206256113845, -7.140029497962955, 0.0 ], [ 131.605926629110712, -7.125362496981572, 0.0 ], [ 131.654402484986804, -7.118314439959387, 0.0 ] ] ], [ [ [ 131.805517615245776, -7.115682513737002, 0.0 ], [ 131.805064630328474, -7.115841513874769, 0.0 ], [ 131.805340629566444, -7.115395498703307, 0.0 ], [ 131.805517615245776, -7.115682513737002, 0.0 ] ] ], [ [ [ 131.917980614214059, -7.103596498679447, 0.0 ], [ 131.933327630365994, -7.116873513801617, 0.0 ], [ 131.958478630984189, -7.169412514775678, 0.0 ], [ 131.973835629610704, -7.176099514680771, 0.0 ], [ 131.973391630719192, -7.205974513712813, 0.0 ], [ 131.986582631083564, -7.213318515137316, 0.0 ], [ 131.9742166309928, -7.243921515365574, 0.0 ], [ 131.956711709577831, -7.25353305480663, 0.0 ], [ 131.93644230996469, -7.245739407647437, 0.0 ], [ 131.926919707178826, -7.23047754560218, 0.0 ], [ 131.909397615007919, -7.22974749844825, 0.0 ], [ 131.901778322111937, -7.184192270057181, 0.0 ], [ 131.871566631295025, -7.167444514852476, 0.0 ], [ 131.814502615003789, -7.161142513815903, 0.0 ], [ 131.808412630938278, -7.175433515444388, 0.0 ], [ 131.777040630320897, -7.164970498789439, 0.0 ], [ 131.761211630612394, -7.182545515163311, 0.0 ], [ 131.750741615433299, -7.176998513870262, 0.0 ], [ 131.755727615137431, -7.169205515122349, 0.0 ], [ 131.726899614925372, -7.176919499435356, 0.0 ], [ 131.713824635198904, -7.155557508971792, 0.0 ], [ 131.719375630381194, -7.134626514102286, 0.0 ], [ 131.754768990896281, -7.115807871136307, 0.0 ], [ 131.832747897897178, -7.116871489427615, 0.0 ], [ 131.879789614798938, -7.107045498550838, 0.0 ], [ 131.909302615123693, -7.110967513939563, 0.0 ], [ 131.917980614214059, -7.103596498679447, 0.0 ] ] ], [ [ [ 131.449191614701334, -7.101179514023296, 0.0 ], [ 131.454027614682786, -7.124131514857516, 0.0 ], [ 131.447091326303735, -7.139430478433776, 0.0 ], [ 131.434286608140525, -7.141310949140926, 0.0 ], [ 131.436321614750796, -7.103309514222626, 0.0 ], [ 131.449191614701334, -7.101179514023296, 0.0 ] ] ], [ [ [ 131.463762980876965, -7.097636736446215, 0.0 ], [ 131.466791439773147, -7.099278563954473, 0.0 ], [ 131.462254614558901, -7.102696514732346, 0.0 ], [ 131.463762980876965, -7.097636736446215, 0.0 ] ] ], [ [ [ 131.433062342153448, -7.091702240665824, 0.0 ], [ 131.432990957566773, -7.091916392627321, 0.0 ], [ 131.432930282106923, -7.091677256600074, 0.0 ], [ 131.433062342153448, -7.091702240665824, 0.0 ] ] ], [ [ [ 131.432990957566773, -7.090813511734132, 0.0 ], [ 131.432876743666839, -7.091077632726498, 0.0 ], [ 131.432826776434695, -7.090717143980977, 0.0 ], [ 131.432990957566773, -7.090813511734132, 0.0 ] ] ], [ [ [ 131.431296782320715, -7.08651977506756, 0.0 ], [ 131.431129029980866, -7.086705372654726, 0.0 ], [ 131.431161152864973, -7.086341315399362, 0.0 ], [ 131.431296782320715, -7.08651977506756, 0.0 ] ] ], [ [ [ 131.654533482034594, -7.080808737433201, 0.0 ], [ 131.653082010426544, -7.086477802808292, 0.0 ], [ 131.647371303742716, -7.092908296280846, 0.0 ], [ 131.646609877444007, -7.092949936690188, 0.0 ], [ 131.654533482034594, -7.080808737433201, 0.0 ] ] ], [ [ [ 131.991680614368846, -7.076663631721195, 0.0 ], [ 131.986488615057652, -7.074367515048755, 0.0 ], [ 131.993949614683061, -7.073785514290058, 0.0 ], [ 131.991680614368846, -7.076663631721195, 0.0 ] ] ], [ [ [ 131.429132630366638, -7.070281513680835, 0.0 ], [ 131.447885614729444, -7.085159513600629, 0.0 ], [ 131.446668614365052, -7.093191514376843, 0.0 ], [ 131.429745614568532, -7.083537514344743, 0.0 ], [ 131.429132630366638, -7.070281513680835, 0.0 ] ] ], [ [ [ 131.560388844869408, -7.055097941216974, 0.0 ], [ 131.564743258794493, -7.050083227059271, 0.0 ], [ 131.561727292380738, -7.054717226718558, 0.0 ], [ 131.561221656654197, -7.05508009507028, 0.0 ], [ 131.560388844869408, -7.055097941216974, 0.0 ] ] ], [ [ [ 131.566893508128913, -7.044164867814366, 0.0 ], [ 131.565481523053904, -7.044108867929903, 0.0 ], [ 131.566623508268322, -7.043486851836692, 0.0 ], [ 131.566893508128913, -7.044164867814366, 0.0 ] ] ], [ [ [ 131.580451811401986, -6.988128407000342, 0.0 ], [ 131.580198826714565, -6.988225407876206, 0.0 ], [ 131.580390825676091, -6.987992407923186, 0.0 ], [ 131.580451811401986, -6.988128407000342, 0.0 ] ] ], [ [ [ 132.001843106374281, -6.986113540707243, 0.0 ], [ 132.006796192690217, -6.991153398110742, 0.0 ], [ 131.981176758600554, -7.009224826764252, 0.0 ], [ 131.966967308394601, -7.031706966902965, 0.0 ], [ 131.961385687699362, -7.054731821816044, 0.0 ], [ 131.930601886867635, -7.079040395098061, 0.0 ], [ 131.90875063103681, -7.080327499414522, 0.0 ], [ 131.906206671101046, -7.062830653012123, 0.0 ], [ 131.919016631412489, -7.046445515248293, 0.0 ], [ 131.946418798788613, -7.031856952236541, 0.0 ], [ 131.971938517848344, -7.000662218786306, 0.0 ], [ 132.001843106374281, -6.986113540707243, 0.0 ] ] ], [ [ [ 131.604633820394639, -6.98455726840315, 0.0 ], [ 131.606448819557443, -6.985568269160217, 0.0 ], [ 131.606371819603822, -6.986139269411654, 0.0 ], [ 131.604633820394639, -6.98455726840315, 0.0 ] ] ], [ [ [ 131.607558838369755, -6.981756561016431, 0.0 ], [ 131.60741083873927, -6.98193756037007, 0.0 ], [ 131.607431822620555, -6.98172056025557, 0.0 ], [ 131.607558838369755, -6.981756561016431, 0.0 ] ] ], [ [ [ 131.607182630374155, -6.981377513861079, 0.0 ], [ 131.607126615201224, -6.981561515151816, 0.0 ], [ 131.607006615063312, -6.981366514253188, 0.0 ], [ 131.607182630374155, -6.981377513861079, 0.0 ] ] ], [ [ [ 131.606964631112845, -6.981139514576888, 0.0 ], [ 131.606995629844505, -6.981279513838405, 0.0 ], [ 131.60692161474077, -6.98120251388488, 0.0 ], [ 131.606964631112845, -6.981139514576888, 0.0 ] ] ], [ [ [ 131.606552614811335, -6.980423513934023, 0.0 ], [ 131.606105613982976, -6.980317514441729, 0.0 ], [ 131.606527613658528, -6.980335498184668, 0.0 ], [ 131.606552614811335, -6.980423513934023, 0.0 ] ] ], [ [ [ 132.008309631184574, -6.980333498991768, 0.0 ], [ 132.007990615574471, -6.980566498944699, 0.0 ], [ 132.007958630286538, -6.980135498854149, 0.0 ], [ 132.008309631184574, -6.980333498991768, 0.0 ] ] ], [ [ [ 131.601800615106413, -6.98182651478179, 0.0 ], [ 131.606771614118713, -6.981150498896297, 0.0 ], [ 131.606212614420656, -6.983184513554423, 0.0 ], [ 131.601800615106413, -6.98182651478179, 0.0 ] ] ], [ [ [ 131.593761869414806, -6.982687821585713, 0.0 ], [ 131.588569869204235, -6.982074822095345, 0.0 ], [ 131.592651837112641, -6.979385309584333, 0.0 ], [ 131.593761869414806, -6.982687821585713, 0.0 ] ] ], [ [ [ 131.583908706421738, -6.980901720338099, 0.0 ], [ 131.579713655960518, -6.987047008212847, 0.0 ], [ 131.575344657729829, -6.978737024294172, 0.0 ], [ 131.577317599427658, -6.976588946822363, 0.0 ], [ 131.583908706421738, -6.980901720338099, 0.0 ] ] ], [ [ [ 131.594212417169388, -6.97026106779404, 0.0 ], [ 131.598966579743916, -6.974529821294232, 0.0 ], [ 131.5964752841071, -6.975443534291585, 0.0 ], [ 131.594212417169388, -6.97026106779404, 0.0 ] ] ], [ [ [ 131.597137013362499, -6.968814716925546, 0.0 ], [ 131.596976014931215, -6.96870871743334, 0.0 ], [ 131.597176014261635, -6.968570718264004, 0.0 ], [ 131.597137013362499, -6.968814716925546, 0.0 ] ] ], [ [ [ 131.596195963672784, -6.968388717964905, 0.0 ], [ 131.595987963973442, -6.968582717917985, 0.0 ], [ 131.596069962358939, -6.96828271667396, 0.0 ], [ 131.596195963672784, -6.968388717964905, 0.0 ] ] ], [ [ [ 131.597145254749705, -6.968079613783099, 0.0 ], [ 131.596915271122896, -6.968182614935684, 0.0 ], [ 131.597121271629533, -6.968035615351268, 0.0 ], [ 131.597145254749705, -6.968079613783099, 0.0 ] ] ], [ [ [ 131.597349101380047, -6.968021564343711, 0.0 ], [ 131.597164116231085, -6.968265547716771, 0.0 ], [ 131.597302117198979, -6.967980563352309, 0.0 ], [ 131.597349101380047, -6.968021564343711, 0.0 ] ] ], [ [ [ 131.595211266286924, -6.967502768837689, 0.0 ], [ 131.595911280581191, -6.967675768721707, 0.0 ], [ 131.595756283325784, -6.968139769434759, 0.0 ], [ 131.595211266286924, -6.967502768837689, 0.0 ] ] ], [ [ [ 131.595059792575398, -6.965326531793962, 0.0 ], [ 131.59512280897053, -6.965526531124481, 0.0 ], [ 131.594954794028553, -6.965359532416374, 0.0 ], [ 131.595059792575398, -6.965326531793962, 0.0 ] ] ], [ [ [ 131.594887311600303, -6.9651670334318, 0.0 ], [ 131.594684327419799, -6.965253049988255, 0.0 ], [ 131.594699326312963, -6.96516703433108, 0.0 ], [ 131.594887311600303, -6.9651670334318, 0.0 ] ] ], [ [ [ 131.562185862088, -6.96101225371251, 0.0 ], [ 131.5610055279829, -6.960839291599966, 0.0 ], [ 131.561391528696134, -6.960325306567564, 0.0 ], [ 131.562185862088, -6.96101225371251, 0.0 ] ] ], [ [ [ 131.563891437140228, -6.957668032953349, 0.0 ], [ 131.563476452176587, -6.958283031636529, 0.0 ], [ 131.563332437442142, -6.958248031821127, 0.0 ], [ 131.563891437140228, -6.957668032953349, 0.0 ] ] ], [ [ [ 131.564594340956091, -6.957588943874597, 0.0 ], [ 131.564562325990664, -6.957835943573868, 0.0 ], [ 131.564516340956374, -6.957604944612487, 0.0 ], [ 131.564594340956091, -6.957588943874597, 0.0 ] ] ], [ [ [ 131.564144188004008, -6.957337045568116, 0.0 ], [ 131.563985186966875, -6.9574300471589, 0.0 ], [ 131.56398817181676, -6.957344046790296, 0.0 ], [ 131.564144188004008, -6.957337045568116, 0.0 ] ] ], [ [ [ 131.563842274801232, -6.957360996312882, 0.0 ], [ 131.563704274732601, -6.957408994929163, 0.0 ], [ 131.563821273832787, -6.957270994860457, 0.0 ], [ 131.563842274801232, -6.957360996312882, 0.0 ] ] ], [ [ [ 131.501068337833601, -6.900391005940135, 0.0 ], [ 131.500647338204203, -6.900246007347358, 0.0 ], [ 131.500823354414365, -6.90005100644873, 0.0 ], [ 131.501068337833601, -6.900391005940135, 0.0 ] ] ], [ [ [ 131.505520582708755, -6.897532499125506, 0.0 ], [ 131.504903582134745, -6.897887513697735, 0.0 ], [ 131.50505258181127, -6.897523513998908, 0.0 ], [ 131.505520582708755, -6.897532499125506, 0.0 ] ] ], [ [ [ 131.506916942063299, -6.894722308387794, 0.0 ], [ 131.506781958320715, -6.89505230831731, 0.0 ], [ 131.506585957375989, -6.895013308317458, 0.0 ], [ 131.506916942063299, -6.894722308387794, 0.0 ] ] ], [ [ [ 131.507855992560053, -6.894107806130271, 0.0 ], [ 131.507159992839433, -6.894381807074693, 0.0 ], [ 131.507850009370458, -6.893959822687616, 0.0 ], [ 131.507855992560053, -6.894107806130271, 0.0 ] ] ], [ [ [ 131.508596044671833, -6.89178605158494, 0.0 ], [ 131.508322043727389, -6.891940035304315, 0.0 ], [ 131.50841304432663, -6.891641035905031, 0.0 ], [ 131.508596044671833, -6.89178605158494, 0.0 ] ] ], [ [ [ 131.509330994030165, -6.89149636106812, 0.0 ], [ 131.509030008927908, -6.891618361298305, 0.0 ], [ 131.509369993130633, -6.891331361553092, 0.0 ], [ 131.509330994030165, -6.89149636106812, 0.0 ] ] ], [ [ [ 131.51273249620786, -6.885963933288845, 0.0 ], [ 131.512664495769968, -6.886129949937184, 0.0 ], [ 131.512614479974388, -6.886019933173308, 0.0 ], [ 131.51273249620786, -6.885963933288845, 0.0 ] ] ], [ [ [ 131.512528181930122, -6.88461082233152, 0.0 ], [ 131.513180612195555, -6.885141745195326, 0.0 ], [ 131.512025488785298, -6.884713467352625, 0.0 ], [ 131.512528181930122, -6.88461082233152, 0.0 ] ] ], [ [ [ 131.475909419584156, -6.873000309416692, 0.0 ], [ 131.475755404388451, -6.873099308586176, 0.0 ], [ 131.475759403673607, -6.873026294427901, 0.0 ], [ 131.475909419584156, -6.873000309416692, 0.0 ] ] ], [ [ [ 131.476078198050459, -6.872478448121892, 0.0 ], [ 131.475830213593582, -6.872633464262971, 0.0 ], [ 131.476006199226759, -6.872458463387313, 0.0 ], [ 131.476078198050459, -6.872478448121892, 0.0 ] ] ], [ [ [ 131.474468402594766, -6.872091089432145, 0.0 ], [ 131.474172420420899, -6.872244103682394, 0.0 ], [ 131.474114420444266, -6.872019103198993, 0.0 ], [ 131.474468402594766, -6.872091089432145, 0.0 ] ] ], [ [ [ 131.474700196556938, -6.871494309214902, 0.0 ], [ 131.475005215118728, -6.871952309651323, 0.0 ], [ 131.474236203038487, -6.871573303864834, 0.0 ], [ 131.474700196556938, -6.871494309214902, 0.0 ] ] ], [ [ [ 131.490611298072992, -6.86710715097412, 0.0 ], [ 131.51283122288271, -6.873291400177965, 0.0 ], [ 131.510373617648355, -6.889924906409276, 0.0 ], [ 131.508232103428895, -6.890650642213262, 0.0 ], [ 131.505263724641338, -6.896866983724318, 0.0 ], [ 131.499254006866977, -6.899747972690732, 0.0 ], [ 131.487245256163789, -6.92075677240707, 0.0 ], [ 131.463742184054553, -6.920468479436773, 0.0 ], [ 131.457196566568314, -6.914589007776399, 0.0 ], [ 131.468511836552153, -6.898519057208644, 0.0 ], [ 131.470440313070071, -6.876147826860705, 0.0 ], [ 131.490611298072992, -6.86710715097412, 0.0 ] ] ], [ [ [ 131.523478353243547, -6.832465890788145, 0.0 ], [ 131.524017369106332, -6.832656890602954, 0.0 ], [ 131.523367354419975, -6.832586891871521, 0.0 ], [ 131.523478353243547, -6.832465890788145, 0.0 ] ] ], [ [ [ 131.507990763163178, -6.828366666688249, 0.0 ], [ 131.507798242594873, -6.828568442179765, 0.0 ], [ 131.50748094019329, -6.828210911304459, 0.0 ], [ 131.507990763163178, -6.828366666688249, 0.0 ] ] ], [ [ [ 131.530263953918393, -6.828074578578906, 0.0 ], [ 131.53015985289494, -6.828134065134942, 0.0 ], [ 131.530142006748264, -6.828041861242865, 0.0 ], [ 131.530263953918393, -6.828074578578906, 0.0 ] ] ], [ [ [ 131.531829044974529, -6.82693600719089, 0.0 ], [ 131.531669621256128, -6.827033564747146, 0.0 ], [ 131.531702933044016, -6.826933626685498, 0.0 ], [ 131.531829044974529, -6.82693600719089, 0.0 ] ] ], [ [ [ 131.532121717643207, -6.82648628861127, 0.0 ], [ 131.532031298905395, -6.826536256742858, 0.0 ], [ 131.532109821411126, -6.826441078792715, 0.0 ], [ 131.532121717643207, -6.82648628861127, 0.0 ] ] ], [ [ [ 131.518708549659891, -6.814643509590272, 0.0 ], [ 131.518433787889109, -6.815173807425249, 0.0 ], [ 131.518223787198053, -6.814770822115682, 0.0 ], [ 131.518708549659891, -6.814643509590272, 0.0 ] ] ], [ [ [ 131.51805316242357, -6.81452236101812, 0.0 ], [ 131.517536146675837, -6.814736343907128, 0.0 ], [ 131.517723161594773, -6.814386360142314, 0.0 ], [ 131.51805316242357, -6.81452236101812, 0.0 ] ] ], [ [ [ 131.521558749436878, -6.813500912836793, 0.0 ], [ 131.52141174895317, -6.813671912628631, 0.0 ], [ 131.521385733364923, -6.813393913298408, 0.0 ], [ 131.521558749436878, -6.813500912836793, 0.0 ] ] ], [ [ [ 131.53789345142178, -6.81226813926317, 0.0 ], [ 131.538714988405985, -6.81447601895309, 0.0 ], [ 131.538016543428853, -6.81534909968116, 0.0 ], [ 131.53789345142178, -6.81226813926317, 0.0 ] ] ], [ [ [ 131.530594161591353, -6.810454790356228, 0.0 ], [ 131.530629064279992, -6.810774677409341, 0.0 ], [ 131.530364145588919, -6.810541806958773, 0.0 ], [ 131.530594161591353, -6.810454790356228, 0.0 ] ] ], [ [ [ 131.536526546662884, -6.810252758557914, 0.0 ], [ 131.527529760390195, -6.831378057351393, 0.0 ], [ 131.507933720065296, -6.829467577166851, 0.0 ], [ 131.516991242951576, -6.816557462057186, 0.0 ], [ 131.536526546662884, -6.810252758557914, 0.0 ] ] ], [ [ [ 131.539524317093594, -6.809748827946009, 0.0 ], [ 131.539147889663496, -6.81047735344709, 0.0 ], [ 131.539394302105421, -6.809341810975748, 0.0 ], [ 131.539524317093594, -6.809748827946009, 0.0 ] ] ], [ [ [ 131.539407175900521, -6.808942975138147, 0.0 ], [ 131.539302955267232, -6.809008648130525, 0.0 ], [ 131.539335792213109, -6.808947734350371, 0.0 ], [ 131.539407175900521, -6.808942975138147, 0.0 ] ] ], [ [ [ 131.539527101394668, -6.808633645226506, 0.0 ], [ 131.539434302151363, -6.808631264721025, 0.0 ], [ 131.539519961676945, -6.808550364407732, 0.0 ], [ 131.539527101394668, -6.808633645226506, 0.0 ] ] ], [ [ [ 131.54040011557305, -6.805891584429062, 0.0 ], [ 131.54013339643916, -6.806172701708738, 0.0 ], [ 131.540029115551306, -6.805787584129667, 0.0 ], [ 131.54040011557305, -6.805891584429062, 0.0 ] ] ], [ [ [ 131.543521465443263, -6.804730544379093, 0.0 ], [ 131.543340508357744, -6.805018678169431, 0.0 ], [ 131.54335446493667, -6.804625544033608, 0.0 ], [ 131.543521465443263, -6.804730544379093, 0.0 ] ] ], [ [ [ 131.544612656948686, -6.804441076894178, 0.0 ], [ 131.54456631038687, -6.804572059552853, 0.0 ], [ 131.544562743675783, -6.804462317981556, 0.0 ], [ 131.544612656948686, -6.804441076894178, 0.0 ] ] ], [ [ [ 131.545913074828633, -6.801381320691372, 0.0 ], [ 131.545616074622245, -6.801890320781626, 0.0 ], [ 131.545510073331229, -6.801634306278163, 0.0 ], [ 131.545913074828633, -6.801381320691372, 0.0 ] ] ], [ [ [ 131.546372912579983, -6.800458802431723, 0.0 ], [ 131.545850911890199, -6.800979787786935, 0.0 ], [ 131.546258911819336, -6.800303801579125, 0.0 ], [ 131.546372912579983, -6.800458802431723, 0.0 ] ] ], [ [ [ 131.546582870103435, -6.800001034919737, 0.0 ], [ 131.546260869643447, -6.800220033327856, 0.0 ], [ 131.546514852578412, -6.799872019078349, 0.0 ], [ 131.546582870103435, -6.800001034919737, 0.0 ] ] ], [ [ [ 131.546421350964664, -6.798843352038978, 0.0 ], [ 131.546296428837167, -6.798811230054173, 0.0 ], [ 131.546414213045523, -6.798786245089143, 0.0 ], [ 131.546421350964664, -6.798843352038978, 0.0 ] ] ], [ [ [ 131.522833090574721, -6.798284639224653, 0.0 ], [ 131.522637005093799, -6.798493506769868, 0.0 ], [ 131.522608483994475, -6.798341281225077, 0.0 ], [ 131.522833090574721, -6.798284639224653, 0.0 ] ] ], [ [ [ 131.522199010076292, -6.792223464041562, 0.0 ], [ 131.52171899333689, -6.792175448338237, 0.0 ], [ 131.521743993590491, -6.791674463005996, 0.0 ], [ 131.522199010076292, -6.792223464041562, 0.0 ] ] ], [ [ [ 131.559852107888617, -6.786234011590312, 0.0 ], [ 131.559406615223281, -6.785324489433612, 0.0 ], [ 131.560264082821277, -6.785866295892776, 0.0 ], [ 131.559852107888617, -6.786234011590312, 0.0 ] ] ], [ [ [ 131.55910420559465, -6.784606565140886, 0.0 ], [ 131.558736990819511, -6.784889784136165, 0.0 ], [ 131.558765511918864, -6.784418933287099, 0.0 ], [ 131.55910420559465, -6.784606565140886, 0.0 ] ] ], [ [ [ 131.587037285042697, -6.768845673788774, 0.0 ], [ 131.586869720661213, -6.768895239023979, 0.0 ], [ 131.586948155033383, -6.768778408097002, 0.0 ], [ 131.587037285042697, -6.768845673788774, 0.0 ] ] ], [ [ [ 131.587543178874597, -6.766678858042833, 0.0 ], [ 131.587268659021447, -6.766894819440309, 0.0 ], [ 131.587425526866554, -6.766484138632015, 0.0 ], [ 131.587543178874597, -6.766678858042833, 0.0 ] ] ], [ [ [ 131.565377604592868, -6.757760299298336, 0.0 ], [ 131.565060619651916, -6.758110299250823, 0.0 ], [ 131.565378620826834, -6.757665299414021, 0.0 ], [ 131.565377604592868, -6.757760299298336, 0.0 ] ] ], [ [ [ 131.592537485616532, -6.756682683958707, 0.0 ], [ 131.592378061898131, -6.756713617039693, 0.0 ], [ 131.592435169747347, -6.756637474140063, 0.0 ], [ 131.592537485616532, -6.756682683958707, 0.0 ] ] ], [ [ [ 131.569731095813466, -6.755655821858645, 0.0 ], [ 131.569160094662749, -6.755930805762026, 0.0 ], [ 131.56970911188597, -6.755448821306035, 0.0 ], [ 131.569731095813466, -6.755655821858645, 0.0 ] ] ], [ [ [ 131.569955993774073, -6.755055822068438, 0.0 ], [ 131.569905009408643, -6.75532382273614, 0.0 ], [ 131.569758008925106, -6.755231806802423, 0.0 ], [ 131.569955993774073, -6.755055822068438, 0.0 ] ] ], [ [ [ 131.58126902084868, -6.753961832772307, 0.0 ], [ 131.581013522556105, -6.754076309274185, 0.0 ], [ 131.581075019996234, -6.753767832819139, 0.0 ], [ 131.58126902084868, -6.753961832772307, 0.0 ] ] ], [ [ [ 131.56284088509878, -6.751779483935997, 0.0 ], [ 131.562558901771951, -6.752404484878997, 0.0 ], [ 131.562497884569808, -6.752377483633935, 0.0 ], [ 131.56284088509878, -6.751779483935997, 0.0 ] ] ], [ [ [ 131.561094578851794, -6.749520238568055, 0.0 ], [ 131.560959562733757, -6.749687236376793, 0.0 ], [ 131.560930562295624, -6.74961823769145, 0.0 ], [ 131.561094578851794, -6.749520238568055, 0.0 ] ] ], [ [ [ 131.532450111383582, -6.735499760205669, 0.0 ], [ 131.532284390612176, -6.735635616290629, 0.0 ], [ 131.532410892848503, -6.735439570379834, 0.0 ], [ 131.532450111383582, -6.735499760205669, 0.0 ] ] ], [ [ [ 131.599009523270979, -6.731325922053592, 0.0 ], [ 131.598140515572368, -6.731384913982533, 0.0 ], [ 131.598719507199547, -6.731000922354617, 0.0 ], [ 131.599009523270979, -6.731325922053592, 0.0 ] ] ], [ [ [ 131.596829687140342, -6.730808722844265, 0.0 ], [ 131.596694057684687, -6.730834896713115, 0.0 ], [ 131.596739266603862, -6.73064691862029, 0.0 ], [ 131.596829687140342, -6.730808722844265, 0.0 ] ] ], [ [ [ 131.602615530382536, -6.728102677196794, 0.0 ], [ 131.602079701716946, -6.728778924207893, 0.0 ], [ 131.6018407005879, -6.728509910004269, 0.0 ], [ 131.602615530382536, -6.728102677196794, 0.0 ] ] ], [ [ [ 131.536100316576352, -6.727915825954581, 0.0 ], [ 131.535869317614896, -6.72808082457033, 0.0 ], [ 131.536011316968683, -6.727783825263226, 0.0 ], [ 131.536100316576352, -6.727915825954581, 0.0 ] ] ], [ [ [ 131.536077112268998, -6.727389513914853, 0.0 ], [ 131.536037096934564, -6.727718514697648, 0.0 ], [ 131.535972111923428, -6.727394514145483, 0.0 ], [ 131.536077112268998, -6.727389513914853, 0.0 ] ] ], [ [ [ 131.585327409432438, -6.720799406966974, 0.0 ], [ 131.58588942455728, -6.721865407562503, 0.0 ], [ 131.583989425071991, -6.721012406897024, 0.0 ], [ 131.585327409432438, -6.720799406966974, 0.0 ] ] ], [ [ [ 131.58548262792101, -6.71879921401242, 0.0 ], [ 131.585077643418515, -6.718788198216678, 0.0 ], [ 131.585484627113999, -6.718539214612988, 0.0 ], [ 131.58548262792101, -6.71879921401242, 0.0 ] ] ], [ [ [ 131.563323132156967, -6.697312237569601, 0.0 ], [ 131.563531131856308, -6.697576237153572, 0.0 ], [ 131.56322914670784, -6.697550236853881, 0.0 ], [ 131.563323132156967, -6.697312237569601, 0.0 ] ] ], [ [ [ 131.624312163975219, -6.697392821321627, 0.0 ], [ 131.624019163953278, -6.697517821690083, 0.0 ], [ 131.624271163883122, -6.697246805595539, 0.0 ], [ 131.624312163975219, -6.697392821321627, 0.0 ] ] ], [ [ [ 131.559029809178497, -6.68722714931345, 0.0 ], [ 131.55887038456072, -6.687310430132224, 0.0 ], [ 131.558875143772951, -6.687248563969987, 0.0 ], [ 131.559029809178497, -6.68722714931345, 0.0 ] ] ], [ [ [ 131.559201130028185, -6.686982263020961, 0.0 ], [ 131.559091675340568, -6.687179757739584, 0.0 ], [ 131.559048845128132, -6.68700605818298, 0.0 ], [ 131.559201130028185, -6.686982263020961, 0.0 ] ] ], [ [ [ 131.577728372866233, -6.668500072620168, 0.0 ], [ 131.623374764633695, -6.677969801565079, 0.0 ], [ 131.6247687569726, -6.696520789203023, 0.0 ], [ 131.596657306889284, -6.72431969609704, 0.0 ], [ 131.600231415047801, -6.729235352629352, 0.0 ], [ 131.577396335072876, -6.710866779877981, 0.0 ], [ 131.566408401226795, -6.719166272305602, 0.0 ], [ 131.554906881647298, -6.740059719580386, 0.0 ], [ 131.557840378430825, -6.753133279277427, 0.0 ], [ 131.564531930704106, -6.763117037321357, 0.0 ], [ 131.568411016954883, -6.756661814291291, 0.0 ], [ 131.591231375027974, -6.756158091422718, 0.0 ], [ 131.585862188589232, -6.77270581761931, 0.0 ], [ 131.562834383899713, -6.791010003408874, 0.0 ], [ 131.56295479682646, -6.784156190056104, 0.0 ], [ 131.557724474704827, -6.783385185078198, 0.0 ], [ 131.528229119977937, -6.804201833847471, 0.0 ], [ 131.513642015666562, -6.764400869904178, 0.0 ], [ 131.518176945109985, -6.750359526370956, 0.0 ], [ 131.562412017300858, -6.706529792116171, 0.0 ], [ 131.558997946198332, -6.687543946296052, 0.0 ], [ 131.577728372866233, -6.668500072620168, 0.0 ] ] ], [ [ [ 131.595618320129461, -6.655889022560294, 0.0 ], [ 131.58777330369503, -6.656773009366804, 0.0 ], [ 131.589187304150869, -6.653399024645238, 0.0 ], [ 131.595618320129461, -6.655889022560294, 0.0 ] ] ], [ [ [ 126.659543752741996, -6.631590956057724, 0.0 ], [ 126.666217930113476, -6.637406270982619, 0.0 ], [ 126.662418693767762, -6.641705018671632, 0.0 ], [ 126.655478532008715, -6.637516994613594, 0.0 ], [ 126.659543752741996, -6.631590956057724, 0.0 ] ] ] ] } },
{ "type": "Feature", "properties": { "KDPKAB": "81.04", "KDPPUM": "81", "WADMKK": "Buru", "WADMPR": "Maluku", "METADATA": "TASWIL1000020230928_DATA_BATAS_KABUPATEN", "UPDATED": "Lapak GIS - 2024", "KPPN": "KPPN Ambon" }, "geometry": { "type": "MultiPolygon", "coordinates": [ [ [ [ 126.846147791087802, -3.813685743002607, 0.0 ], [ 126.846848341377935, -3.814010702232087, 0.0 ], [ 126.845973504273843, -3.813767799844017, 0.0 ], [ 126.846147791087802, -3.813685743002607, 0.0 ] ] ], [ [ [ 126.843193555937859, -3.812021640186527, 0.0 ], [ 126.850171502712755, -3.812592895845393, 0.0 ], [ 126.849915978339808, -3.814591347712495, 0.0 ], [ 126.843193555937859, -3.812021640186527, 0.0 ] ] ], [ [ [ 127.134791152589671, -3.375169294127625, 0.0 ], [ 127.133841748198122, -3.374905174034451, 0.0 ], [ 127.134191528716087, -3.374419764060812, 0.0 ], [ 127.134791152589671, -3.375169294127625, 0.0 ] ] ], [ [ [ 127.136811459781171, -3.371106839708807, 0.0 ], [ 127.138334537209175, -3.37424063799501, 0.0 ], [ 127.136980893853178, -3.374048147104228, 0.0 ], [ 127.136811459781171, -3.371106839708807, 0.0 ] ] ], [ [ [ 127.087664232118655, -3.370107228865463, 0.0 ], [ 127.087412009157021, -3.370069157865332, 0.0 ], [ 127.087659473805701, -3.369893077803246, 0.0 ], [ 127.087664232118655, -3.370107228865463, 0.0 ] ] ], [ [ [ 127.087560874834594, -3.370735407113282, 0.0 ], [ 127.090558995101574, -3.370461768595659, 0.0 ], [ 127.091076527959473, -3.37123509382449, 0.0 ], [ 127.087560874834594, -3.370735407113282, 0.0 ] ] ], [ [ [ 126.712431711354483, -3.056689931794912, 0.0 ], [ 126.790605195673294, -3.05891114843069, 0.0 ], [ 126.867458798984487, -3.095809739327906, 0.0 ], [ 126.882078535196342, -3.107905919422629, 0.0 ], [ 126.888694431103204, -3.126268706835303, 0.0 ], [ 126.909465606552516, -3.122841714273664, 0.0 ], [ 126.933250432661424, -3.143360970732159, 0.0 ], [ 126.985325152333999, -3.138980686009843, 0.0 ], [ 127.027298034776564, -3.171373175231798, 0.0 ], [ 127.060272407845403, -3.184052695175657, 0.0 ], [ 127.107723299190994, -3.22706775607198, 0.0 ], [ 127.121831045966047, -3.274291357260298, 0.0 ], [ 127.098473276420577, -3.284532969820633, 0.0 ], [ 127.072306462773071, -3.259625859945439, 0.0 ], [ 127.062052700371879, -3.266291396630619, 0.0 ], [ 127.055791550140071, -3.262407656388147, 0.0 ], [ 127.030518845168643, -3.264948140444249, 0.0 ], [ 127.041651553676232, -3.329495778807059, 0.0 ], [ 127.054216399267503, -3.337406292866055, 0.0 ], [ 127.055866626443745, -3.329926351719761, 0.0 ], [ 127.073187018666076, -3.323771808022416, 0.0 ], [ 127.067336644570588, -3.355270100434707, 0.0 ], [ 127.07494140442239, -3.374029770357614, 0.0 ], [ 127.088196349282143, -3.37141510032655, 0.0 ], [ 127.121249640558503, -3.38332132831656, 0.0 ], [ 127.135319393675132, -3.379059713634794, 0.0 ], [ 127.14005439259617, -3.373351022331741, 0.0 ], [ 127.141486658282659, -3.350618180884249, 0.0 ], [ 127.164732417267217, -3.335701464251153, 0.0 ], [ 127.181846807184471, -3.356015686974326, 0.0 ], [ 127.218756335636456, -3.356789396213669, 0.0 ], [ 127.258880408903764, -3.373821501760846, 0.0 ], [ 127.268922030227628, -3.392452440927299, 0.0 ], [ 127.253556258714411, -3.41610325366222, 0.0 ], [ 127.248383278265706, -3.451229223249966, 0.0 ], [ 127.251472453091338, -3.531111893399055, 0.0 ], [ 127.244714356382502, -3.569109480118351, 0.0 ], [ 127.251040182258606, -3.593063793359333, 0.0 ], [ 127.240160406277852, -3.623791052914685, 0.0 ], [ 127.220561557370075, -3.620840389872074, 0.0 ], [ 127.222457294968166, -3.614447443994331, 0.0 ], [ 127.19008010861026, -3.601000985806804, 0.0 ], [ 127.192622123312361, -3.568360629939063, 0.0 ], [ 127.15312854674508, -3.512984037683145, 0.0 ], [ 127.122152863863718, -3.521124315934435, 0.0 ], [ 127.103831147589446, -3.512323566579292, 0.0 ], [ 127.060621312423706, -3.539113576230493, 0.0 ], [ 127.037464632187067, -3.578165639632472, 0.0 ], [ 126.999794398692671, -3.598420586240961, 0.0 ], [ 126.976032032252533, -3.601959610947228, 0.0 ], [ 126.957537873673999, -3.638889019812355, 0.0 ], [ 126.930787265120216, -3.633475260274979, 0.0 ], [ 126.912090679041583, -3.645067550227202, 0.0 ], [ 126.846856461356666, -3.66085965884613, 0.0 ], [ 126.820780671690756, -3.656416330749026, 0.0 ], [ 126.813467465751074, -3.641745440199864, 0.0 ], [ 126.799505528757237, -3.641872598041898, 0.0 ], [ 126.7987527449433, -3.663874600932074, 0.0 ], [ 126.750697633289164, -3.670371115434603, 0.0 ], [ 126.748665137586045, -3.658595451918492, 0.0 ], [ 126.725592416257058, -3.655261782904942, 0.0 ], [ 126.705472537927363, -3.593491777123761, 0.0 ], [ 126.689000724403982, -3.577534704962629, 0.0 ], [ 126.695565893151553, -3.560681039298499, 0.0 ], [ 126.680453898628599, -3.534044059185939, 0.0 ], [ 126.642953460733636, -3.508632034840511, 0.0 ], [ 126.632511311947454, -3.526814259970104, 0.0 ], [ 126.618494069345886, -3.526215049784723, 0.0 ], [ 126.596974631873906, -3.478470152975158, 0.0 ], [ 126.596263058593337, -3.458119472635504, 0.0 ], [ 126.549309695586103, -3.449509134039255, 0.0 ], [ 126.513806808437465, -3.470352318204808, 0.0 ], [ 126.478544257011876, -3.473900780396624, 0.0 ], [ 126.465666715346771, -3.454394512196915, 0.0 ], [ 126.460887199984356, -3.427951964611411, 0.0 ], [ 126.432993743766332, -3.390251055241913, 0.0 ], [ 126.395658675907242, -3.370412602659448, 0.0 ], [ 126.330031092960638, -3.351041114056111, 0.0 ], [ 126.308073305238963, -3.317603224109503, 0.0 ], [ 126.289326941685118, -3.314068738281575, 0.0 ], [ 126.278331547063317, -3.302781787949163, 0.0 ], [ 126.246146115950495, -3.299089124863189, 0.0 ], [ 126.241391808585107, -3.289730929838511, 0.0 ], [ 126.210627394438802, -3.304946061311645, 0.0 ], [ 126.190723984724215, -3.289450459171286, 0.0 ], [ 126.146189274615381, -3.297361164785853, 0.0 ], [ 126.120582826736154, -3.284413309626435, 0.0 ], [ 126.10406546075248, -3.263733829052898, 0.0 ], [ 126.111506420784707, -3.256349206150924, 0.0 ], [ 126.099833609133839, -3.235852189926527, 0.0 ], [ 126.101856453312749, -3.1785472515544, 0.0 ], [ 126.124547643558913, -3.151134943422809, 0.0 ], [ 126.17634748994476, -3.18146555159389, 0.0 ], [ 126.222816246972229, -3.183253718584192, 0.0 ], [ 126.227949445910212, -3.138058480714248, 0.0 ], [ 126.261610802096925, -3.132110824255088, 0.0 ], [ 126.300261754376535, -3.093345785779336, 0.0 ], [ 126.341683790374645, -3.101522936234494, 0.0 ], [ 126.38914837659641, -3.093595569779664, 0.0 ], [ 126.406942537068517, -3.080704175856999, 0.0 ], [ 126.468254826599022, -3.084569437729348, 0.0 ], [ 126.515245107675668, -3.071487320983016, 0.0 ], [ 126.568058037648399, -3.071851775738812, 0.0 ], [ 126.600178222946766, -3.063265648690708, 0.0 ], [ 126.674748632843119, -3.070181168126298, 0.0 ], [ 126.680969327972164, -3.061708585882508, 0.0 ], [ 126.696165520622344, -3.067472148420849, 0.0 ], [ 126.712431711354483, -3.056689931794912, 0.0 ] ] ] ] } },
{ "type": "Feature", "properties": { "KDPKAB": "81.05", "KDPPUM": "81", "WADMKK": "Seram Bagian Timur", "WADMPR": "Maluku", "METADATA": "TASWIL1000020230928_DATA_BATAS_KABUPATEN", "UPDATED": "Lapak GIS - 2024", "KPPN": "KPPN Masohi" }, "geometry": { "type": "MultiPolygon", "coordinates": [ [ [ [ 131.866639808780178, -4.759803095336482, 0.0 ], [ 131.864346078908568, -4.758331653383044, 0.0 ], [ 131.8662519086987, -4.755899609579275, 0.0 ], [ 131.866639808780178, -4.759803095336482, 0.0 ] ] ], [ [ [ 131.728102930306051, -4.700648374722663, 0.0 ], [ 131.757084478066275, -4.725882113868421, 0.0 ], [ 131.759263190943585, -4.739259827878664, 0.0 ], [ 131.74015358941665, -4.788150711885811, 0.0 ], [ 131.727506220235909, -4.754613544879119, 0.0 ], [ 131.731161259284733, -4.723452848070478, 0.0 ], [ 131.722014798843986, -4.711818712663421, 0.0 ], [ 131.728102930306051, -4.700648374722663, 0.0 ] ] ], [ [ [ 131.709672935657522, -4.610912270884596, 0.0 ], [ 131.709508827370541, -4.610991799731748, 0.0 ], [ 131.709503008756883, -4.610714470396429, 0.0 ], [ 131.709672935657522, -4.610912270884596, 0.0 ] ] ], [ [ [ 131.703443194248024, -4.607577431853008, 0.0 ], [ 131.703353522846868, -4.60768249694963, 0.0 ], [ 131.703324588059331, -4.607592229297877, 0.0 ], [ 131.703443194248024, -4.607577431853008, 0.0 ] ] ], [ [ [ 131.703626711703464, -4.607337158183247, 0.0 ], [ 131.703436467319221, -4.607310623686248, 0.0 ], [ 131.703539049387672, -4.607216986274823, 0.0 ], [ 131.703626711703464, -4.607337158183247, 0.0 ] ] ], [ [ [ 131.701387136307403, -4.598204548201304, 0.0 ], [ 131.701465886341737, -4.598518261408538, 0.0 ], [ 131.701257516121615, -4.598207999799245, 0.0 ], [ 131.701387136307403, -4.598204548201304, 0.0 ] ] ], [ [ [ 131.696844588706853, -4.590816279447621, 0.0 ], [ 131.709248607637164, -4.608357144066913, 0.0 ], [ 131.706149910789776, -4.612566191576464, 0.0 ], [ 131.701791147743364, -4.598415192806796, 0.0 ], [ 131.701497155769232, -4.598172428914429, 0.0 ], [ 131.701289861138235, -4.598173215821147, 0.0 ], [ 131.700676743836766, -4.598605919227763, 0.0 ], [ 131.696910332745688, -4.597465356740729, 0.0 ], [ 131.691722601616846, -4.594163902342155, 0.0 ], [ 131.690828638630791, -4.595953353564378, 0.0 ], [ 131.688958418396396, -4.592840164142212, 0.0 ], [ 131.691607945250553, -4.585253096653011, 0.0 ], [ 131.696844588706853, -4.590816279447621, 0.0 ] ] ], [ [ [ 131.691049520219281, -4.584934125109699, 0.0 ], [ 131.690950887073882, -4.585064566376643, 0.0 ], [ 131.690879678754214, -4.584883120059915, 0.0 ], [ 131.691049520219281, -4.584934125109699, 0.0 ] ] ], [ [ [ 131.787717503060406, -4.54387163266963, 0.0 ], [ 131.786804014893335, -4.545462664670177, 0.0 ], [ 131.783387941000797, -4.541813152854671, 0.0 ], [ 131.787717503060406, -4.54387163266963, 0.0 ] ] ], [ [ [ 131.650217952996201, -4.461462565444998, 0.0 ], [ 131.650041812679547, -4.461506241919524, 0.0 ], [ 131.650093744031125, -4.461372153002399, 0.0 ], [ 131.650217952996201, -4.461462565444998, 0.0 ] ] ], [ [ [ 131.609579668067397, -4.423797464381421, 0.0 ], [ 131.631477408955334, -4.437772479316473, 0.0 ], [ 131.680021063821044, -4.505110549412253, 0.0 ], [ 131.680612502065372, -4.539596433728368, 0.0 ], [ 131.654065651109022, -4.53442718456685, 0.0 ], [ 131.650081334286256, -4.502972222390136, 0.0 ], [ 131.624816653965468, -4.455183793896891, 0.0 ], [ 131.631656711288315, -4.451206796656296, 0.0 ], [ 131.614684643581512, -4.441740426679333, 0.0 ], [ 131.609579668067397, -4.423797464381421, 0.0 ] ] ], [ [ [ 131.605906087695843, -4.416859326996272, 0.0 ], [ 131.605771097658106, -4.417089353790596, 0.0 ], [ 131.605755939585009, -4.416841920618067, 0.0 ], [ 131.605906087695843, -4.416859326996272, 0.0 ] ] ], [ [ [ 131.578191689195165, -4.379309022593228, 0.0 ], [ 131.606309853616978, -4.405938737982298, 0.0 ], [ 131.606290189041061, -4.416691889419136, 0.0 ], [ 131.592380472980494, -4.408980079666927, 0.0 ], [ 131.578191689195165, -4.379309022593228, 0.0 ] ] ], [ [ [ 131.554901134080183, -4.345724814748378, 0.0 ], [ 131.558178724068995, -4.345632380629796, 0.0 ], [ 131.557472107851538, -4.348016478877328, 0.0 ], [ 131.554901134080183, -4.345724814748378, 0.0 ] ] ], [ [ [ 131.28670477390628, -4.071842284094076, 0.0 ], [ 131.311120242405337, -4.083050379171629, 0.0 ], [ 131.338785754658943, -4.111327546429136, 0.0 ], [ 131.377289594039553, -4.127939877223488, 0.0 ], [ 131.402412339757717, -4.160407821363846, 0.0 ], [ 131.400729799041073, -4.170331873417224, 0.0 ], [ 131.381555001162354, -4.174475381933254, 0.0 ], [ 131.365539227553427, -4.14582576224907, 0.0 ], [ 131.352570250916358, -4.146514717580077, 0.0 ], [ 131.336863309893971, -4.130627116248389, 0.0 ], [ 131.299918251026497, -4.126572831271138, 0.0 ], [ 131.273103770822416, -4.084312894224665, 0.0 ], [ 131.2734062955642, -4.075928382588748, 0.0 ], [ 131.28670477390628, -4.071842284094076, 0.0 ] ] ], [ [ [ 131.446669846436293, -4.037984093291216, 0.0 ], [ 131.446504848719911, -4.038059317983114, 0.0 ], [ 131.44653044882125, -4.037923530246681, 0.0 ], [ 131.446669846436293, -4.037984093291216, 0.0 ] ] ], [ [ [ 131.44661323141554, -4.037698821143623, 0.0 ], [ 131.446484488968053, -4.037709551854254, 0.0 ], [ 131.446580464616744, -4.037637685230935, 0.0 ], [ 131.44661323141554, -4.037698821143623, 0.0 ] ] ], [ [ [ 131.446129710917489, -4.036133623967578, 0.0 ], [ 131.44583971013455, -4.036070335977174, 0.0 ], [ 131.446123424656463, -4.036053261448805, 0.0 ], [ 131.446129710917489, -4.036133623967578, 0.0 ] ] ], [ [ [ 131.444939947420693, -4.035032953607834, 0.0 ], [ 131.445506718160544, -4.034981661674289, 0.0 ], [ 131.445039765872593, -4.035183152080782, 0.0 ], [ 131.444939947420693, -4.035032953607834, 0.0 ] ] ], [ [ [ 131.445286741290147, -4.034523666633818, 0.0 ], [ 131.445133066038238, -4.034561823968977, 0.0 ], [ 131.445172056145566, -4.034458225666507, 0.0 ], [ 131.445286741290147, -4.034523666633818, 0.0 ] ] ], [ [ [ 131.445645860368245, -4.034469173113811, 0.0 ], [ 131.445459424612892, -4.034559653904848, 0.0 ], [ 131.445453549341863, -4.034506103773674, 0.0 ], [ 131.445645860368245, -4.034469173113811, 0.0 ] ] ], [ [ [ 131.445624338692369, -4.03428078942685, 0.0 ], [ 131.44539756744382, -4.034261384755025, 0.0 ], [ 131.445596510970262, -4.034212955363595, 0.0 ], [ 131.445624338692369, -4.03428078942685, 0.0 ] ] ], [ [ [ 131.444631327973553, -4.033980305246823, 0.0 ], [ 131.444731409926675, -4.034126626742365, 0.0 ], [ 131.444586676633861, -4.034018485064975, 0.0 ], [ 131.444631327973553, -4.033980305246823, 0.0 ] ] ], [ [ [ 131.444580491096872, -4.033511572301121, 0.0 ], [ 131.444452465408972, -4.033508739436778, 0.0 ], [ 131.44449516881707, -4.033406782397078, 0.0 ], [ 131.444580491096872, -4.033511572301121, 0.0 ] ] ], [ [ [ 131.443486269775605, -4.030617042242637, 0.0 ], [ 131.443345898194764, -4.030668327880951, 0.0 ], [ 131.443409829200306, -4.030594415299918, 0.0 ], [ 131.443486269775605, -4.030617042242637, 0.0 ] ] ], [ [ [ 131.443235592748465, -4.030314316052833, 0.0 ], [ 131.443065036322423, -4.030269544204026, 0.0 ], [ 131.443130102272448, -4.030223348728493, 0.0 ], [ 131.443235592748465, -4.030314316052833, 0.0 ] ] ], [ [ [ 131.241021803113767, -4.029877649334049, 0.0 ], [ 131.242259121861053, -4.030334504933444, 0.0 ], [ 131.241897444211787, -4.031505200104826, 0.0 ], [ 131.241021803113767, -4.029877649334049, 0.0 ] ] ], [ [ [ 131.444524445346985, -4.02893105982052, 0.0 ], [ 131.444148562905895, -4.028869638822721, 0.0 ], [ 131.444543876998381, -4.02859119432806, 0.0 ], [ 131.444524445346985, -4.02893105982052, 0.0 ] ] ], [ [ [ 131.4426382567502, -4.025827619049307, 0.0 ], [ 131.442472649293478, -4.025844233124845, 0.0 ], [ 131.442546336144574, -4.0256203765791, 0.0 ], [ 131.4426382567502, -4.025827619049307, 0.0 ] ] ], [ [ [ 131.442553430896226, -4.025050665955446, 0.0 ], [ 131.442447747065899, -4.025150906189337, 0.0 ], [ 131.442407783892151, -4.02503325238264, 0.0 ], [ 131.442553430896226, -4.025050665955446, 0.0 ] ] ], [ [ [ 131.437119620973846, -3.996876989981038, 0.0 ], [ 131.436683994770647, -3.996839509835473, 0.0 ], [ 131.436871961172187, -3.996335986616442, 0.0 ], [ 131.437119620973846, -3.996876989981038, 0.0 ] ] ], [ [ [ 131.209476063369721, -3.980208753730954, 0.0 ], [ 131.243435338869915, -4.004218938253315, 0.0 ], [ 131.237795254147727, -4.034820538237208, 0.0 ], [ 131.243192773727628, -4.055386740205849, 0.0 ], [ 131.219420854688792, -4.035618833142587, 0.0 ], [ 131.206336047170936, -3.99103284998599, 0.0 ], [ 131.209476063369721, -3.980208753730954, 0.0 ] ] ], [ [ [ 131.413107055945915, -3.94860620741049, 0.0 ], [ 131.422502619600294, -3.951413231635284, 0.0 ], [ 131.430913548821309, -4.011445823665818, 0.0 ], [ 131.440280558101335, -4.019801038087392, 0.0 ], [ 131.4429674257062, -4.032817006999226, 0.0 ], [ 131.444348285245269, -4.033390054107658, 0.0 ], [ 131.444757935430403, -4.035312599596777, 0.0 ], [ 131.446385881003692, -4.036661199554617, 0.0 ], [ 131.446154704875767, -4.03790997566478, 0.0 ], [ 131.447558696776468, -4.039136889255948, 0.0 ], [ 131.439655974443752, -4.051110447688957, 0.0 ], [ 131.450043654890749, -4.067315120296547, 0.0 ], [ 131.438299632222282, -4.078294647280048, 0.0 ], [ 131.417884303218074, -4.07115105887417, 0.0 ], [ 131.366806929895915, -3.973159572556176, 0.0 ], [ 131.413107055945915, -3.94860620741049, 0.0 ] ] ], [ [ [ 131.198318842040919, -3.924374879596984, 0.0 ], [ 131.204861079875002, -3.926020376339226, 0.0 ], [ 131.203660359038366, -3.926139919621521, 0.0 ], [ 131.20069387961891, -3.925005656885519, 0.0 ], [ 131.198839258125304, -3.924632283553001, 0.0 ], [ 131.198318842040919, -3.924374879596984, 0.0 ] ] ], [ [ [ 131.165515331167597, -3.919445767408172, 0.0 ], [ 131.18063019272924, -3.919457492769032, 0.0 ], [ 131.181924915202757, -3.919982406362957, 0.0 ], [ 131.165515331167597, -3.919445767408172, 0.0 ] ] ], [ [ [ 131.025297512770038, -3.916512367751482, 0.0 ], [ 131.02479160994497, -3.916928778140585, 0.0 ], [ 131.024503195566098, -3.916729920948983, 0.0 ], [ 131.025297512770038, -3.916512367751482, 0.0 ] ] ], [ [ [ 131.034856431978824, -3.916727752683594, 0.0 ], [ 131.036284001405676, -3.916772779040459, 0.0 ], [ 131.036540343262288, -3.917305328777834, 0.0 ], [ 131.034856431978824, -3.916727752683594, 0.0 ] ] ], [ [ [ 131.09671955716189, -3.916122681616388, 0.0 ], [ 131.096613075632945, -3.91621021173181, 0.0 ], [ 131.096588480074388, -3.916126838282954, 0.0 ], [ 131.09671955716189, -3.916122681616388, 0.0 ] ] ], [ [ [ 131.09859732720497, -3.915837296154193, 0.0 ], [ 131.09835336631491, -3.915806334294894, 0.0 ], [ 131.098621961434503, -3.915782694715533, 0.0 ], [ 131.09859732720497, -3.915837296154193, 0.0 ] ] ], [ [ [ 131.093305847586862, -3.91535093559712, 0.0 ], [ 131.095994735068956, -3.916291856683854, 0.0 ], [ 131.092035312379863, -3.915749339760202, 0.0 ], [ 131.093305847586862, -3.91535093559712, 0.0 ] ] ], [ [ [ 131.090212644697942, -3.914959359087147, 0.0 ], [ 131.091411893344286, -3.915016466036983, 0.0 ], [ 131.092140007855164, -3.915492357586173, 0.0 ], [ 131.090212644697942, -3.914959359087147, 0.0 ] ] ], [ [ [ 131.089790687290531, -3.914776456768079, 0.0 ], [ 131.089644349607028, -3.914690797242384, 0.0 ], [ 131.089779455657464, -3.914694271323496, 0.0 ], [ 131.089790687290531, -3.914776456768079, 0.0 ] ] ], [ [ [ 131.090343910642986, -3.914683659323329, 0.0 ], [ 131.090279665774005, -3.914758610621297, 0.0 ], [ 131.090261819627386, -3.914701504570742, 0.0 ], [ 131.090343910642986, -3.914683659323329, 0.0 ] ] ], [ [ [ 131.089903116036027, -3.914651416829409, 0.0 ], [ 131.090161883364317, -3.91480608223487, 0.0 ], [ 131.089852552553396, -3.914817979366239, 0.0 ], [ 131.089903116036027, -3.914651416829409, 0.0 ] ] ], [ [ [ 131.013057119190762, -3.914312332847805, 0.0 ], [ 131.012667969051563, -3.914337283638661, 0.0 ], [ 131.013057201029028, -3.91421687340994, 0.0 ], [ 131.013057119190762, -3.914312332847805, 0.0 ] ] ], [ [ [ 131.012640780747489, -3.914149699448968, 0.0 ], [ 131.012417908959378, -3.914163568793663, 0.0 ], [ 131.012462787827445, -3.914060846430869, 0.0 ], [ 131.012640780747489, -3.914149699448968, 0.0 ] ] ], [ [ [ 131.012389055110816, -3.913998289589385, 0.0 ], [ 131.012243114028564, -3.913914291111611, 0.0 ], [ 131.012400856014779, -3.913893175929298, 0.0 ], [ 131.012389055110816, -3.913998289589385, 0.0 ] ] ], [ [ [ 131.03097201994288, -3.910581643727864, 0.0 ], [ 131.032252425209322, -3.911641233056409, 0.0 ], [ 131.031347594815685, -3.912514704989592, 0.0 ], [ 131.03097201994288, -3.910581643727864, 0.0 ] ] ], [ [ [ 131.045429707315151, -3.912938159768212, 0.0 ], [ 131.048738810447816, -3.915779581262571, 0.0 ], [ 131.044209506263769, -3.916328047201548, 0.0 ], [ 131.045429707315151, -3.912938159768212, 0.0 ] ] ], [ [ [ 131.053295061917623, -3.909127302383089, 0.0 ], [ 131.053473520686453, -3.909252223611206, 0.0 ], [ 131.053271266755615, -3.909270068858531, 0.0 ], [ 131.053295061917623, -3.909127302383089, 0.0 ] ] ], [ [ [ 130.987461108843178, -3.908437249879151, 0.0 ], [ 130.987615871375397, -3.908608496085167, 0.0 ], [ 130.987401512569846, -3.908547585902314, 0.0 ], [ 130.987461108843178, -3.908437249879151, 0.0 ] ] ], [ [ [ 130.987475079811134, -3.908218159740231, 0.0 ], [ 130.987096536276198, -3.908218076103312, 0.0 ], [ 130.986951705856626, -3.907815049424881, 0.0 ], [ 130.987475079811134, -3.908218159740231, 0.0 ] ] ], [ [ [ 131.054471330187795, -3.907823941921309, 0.0 ], [ 131.055115349094166, -3.90847295026642, 0.0 ], [ 131.053533007242578, -3.909228429348468, 0.0 ], [ 131.054471330187795, -3.907823941921309, 0.0 ] ] ], [ [ [ 131.055272987658327, -3.907805709965453, 0.0 ], [ 131.055677545882048, -3.907827660618038, 0.0 ], [ 131.05540385790178, -3.908031758159039, 0.0 ], [ 131.055272987658327, -3.907805709965453, 0.0 ] ] ], [ [ [ 130.987826372089415, -3.907599947779319, 0.0 ], [ 130.98766752123916, -3.907585742088296, 0.0 ], [ 130.987770974750788, -3.907502376733232, 0.0 ], [ 130.987826372089415, -3.907599947779319, 0.0 ] ] ], [ [ [ 131.055686420392078, -3.907538019563875, 0.0 ], [ 131.055784572400171, -3.907805709965453, 0.0 ], [ 131.055704246753606, -3.907759850836426, 0.0 ], [ 131.055686420392078, -3.907538019563875, 0.0 ] ] ], [ [ [ 131.056225832855915, -3.907403435120374, 0.0 ], [ 131.056142961228772, -3.907408231204881, 0.0 ], [ 131.056194832325673, -3.907348396611157, 0.0 ], [ 131.056225832855915, -3.907403435120374, 0.0 ] ] ], [ [ [ 131.056106873233659, -3.907376744141436, 0.0 ], [ 131.056009295892437, -3.907446450593158, 0.0 ], [ 131.056034744008343, -3.907333862667597, 0.0 ], [ 131.056106873233659, -3.907376744141436, 0.0 ] ] ], [ [ [ 131.056268522774189, -3.906957064716712, 0.0 ], [ 131.056495436115625, -3.9072772710292, 0.0 ], [ 131.055966007025631, -3.907152349800993, 0.0 ], [ 131.056268522774189, -3.906957064716712, 0.0 ] ] ], [ [ [ 131.057386758692019, -3.906769749424368, 0.0 ], [ 131.057276275179959, -3.906781503563453, 0.0 ], [ 131.05735845972518, -3.906729249355381, 0.0 ], [ 131.057386758692019, -3.906769749424368, 0.0 ] ] ], [ [ [ 131.057123454284039, -3.906621128362334, 0.0 ], [ 131.057201527128854, -3.906757958413001, 0.0 ], [ 131.057110795426979, -3.906742869587701, 0.0 ], [ 131.057123454284039, -3.906621128362334, 0.0 ] ] ], [ [ [ 131.057430805687204, -3.906705340878672, 0.0 ], [ 131.05754259231685, -3.906602491711533, 0.0 ], [ 131.057540512184858, -3.906687465054384, 0.0 ], [ 131.057430805687204, -3.906705340878672, 0.0 ] ] ], [ [ [ 131.057425360292228, -3.906347111230149, 0.0 ], [ 131.057742859645344, -3.90653004502555, 0.0 ], [ 131.057266874566722, -3.906364340441895, 0.0 ], [ 131.057425360292228, -3.906347111230149, 0.0 ] ] ], [ [ [ 131.051771986288202, -3.906580632789927, 0.0 ], [ 131.056366928391071, -3.906154755237681, 0.0 ], [ 131.056251286367853, -3.906791498628673, 0.0 ], [ 131.051771986288202, -3.906580632789927, 0.0 ] ] ], [ [ [ 130.933642071324641, -3.900714939642638, 0.0 ], [ 130.932998691836275, -3.901193234180392, 0.0 ], [ 130.932738229285917, -3.90098547729785, 0.0 ], [ 130.933642071324641, -3.900714939642638, 0.0 ] ] ], [ [ [ 130.927752084790995, -3.898997308279098, 0.0 ], [ 130.928173694160733, -3.899635988809782, 0.0 ], [ 130.927969613706779, -3.89964842013846, 0.0 ], [ 130.927752084790995, -3.898997308279098, 0.0 ] ] ], [ [ [ 130.990297284592089, -3.899233433376173, 0.0 ], [ 130.995244885043462, -3.900121330434983, 0.0 ], [ 130.989828530961972, -3.899645080056382, 0.0 ], [ 130.990297284592089, -3.899233433376173, 0.0 ] ] ], [ [ [ 130.982654754113668, -3.89862221004689, 0.0 ], [ 130.983392530940591, -3.898955183135191, 0.0 ], [ 130.982697583426756, -3.89922659313269, 0.0 ], [ 130.982654754113668, -3.89862221004689, 0.0 ] ] ], [ [ [ 130.900307553051192, -3.877558917709825, 0.0 ], [ 130.90233296209658, -3.87948769729938, 0.0 ], [ 130.895886682824226, -3.879767574413931, 0.0 ], [ 130.894706685065529, -3.883187259984025, 0.0 ], [ 130.901893844725208, -3.882851150959857, 0.0 ], [ 130.895879472060074, -3.88785650227568, 0.0 ], [ 130.893972225837615, -3.884830567776445, 0.0 ], [ 130.894865008013795, -3.879844114813993, 0.0 ], [ 130.900307553051192, -3.877558917709825, 0.0 ] ] ], [ [ [ 130.82855053817687, -3.876001110262964, 0.0 ], [ 130.828248303016863, -3.8759450995866, 0.0 ], [ 130.828499331678898, -3.875825293702276, 0.0 ], [ 130.82855053817687, -3.876001110262964, 0.0 ] ] ], [ [ [ 130.910117459553163, -3.876763326166513, 0.0 ], [ 130.91187350186064, -3.878469400342491, 0.0 ], [ 130.911495167867798, -3.87924034596521, 0.0 ], [ 130.910117459553163, -3.876763326166513, 0.0 ] ] ], [ [ [ 130.958389005648257, -3.877338653955656, 0.0 ], [ 130.962176117333996, -3.880856040074113, 0.0 ], [ 130.963748939861688, -3.882741761922739, 0.0 ], [ 130.963669537818959, -3.883385696292832, 0.0 ], [ 130.958389005648257, -3.877338653955656, 0.0 ] ] ], [ [ [ 130.824742777157581, -3.873551722134197, 0.0 ], [ 130.824180546195265, -3.87360354466775, 0.0 ], [ 130.824558866698453, -3.873236240859759, 0.0 ], [ 130.824742777157581, -3.873551722134197, 0.0 ] ] ], [ [ [ 130.824974394852461, -3.873240956904558, 0.0 ], [ 130.825568516673798, -3.87359373935954, 0.0 ], [ 130.825097592080283, -3.87385416773556, 0.0 ], [ 130.824974394852461, -3.873240956904558, 0.0 ] ] ], [ [ [ 130.855926535281469, -3.867944456371466, 0.0 ], [ 130.867982266568447, -3.875447413867031, 0.0 ], [ 130.867845313310539, -3.87590884971363, 0.0 ], [ 130.855926535281469, -3.867944456371466, 0.0 ] ] ], [ [ [ 130.937188088259745, -3.86666077037823, 0.0 ], [ 130.931344130827, -3.871952691563399, 0.0 ], [ 130.93573185743935, -3.882793516107855, 0.0 ], [ 130.946306183183907, -3.874256010006841, 0.0 ], [ 130.946881915667973, -3.883585876387022, 0.0 ], [ 130.955607136360328, -3.878517852217003, 0.0 ], [ 130.952787319279423, -3.887565288307362, 0.0 ], [ 130.922274702715384, -3.89736483911596, 0.0 ], [ 130.923676826724176, -3.906258524411291, 0.0 ], [ 130.912268593820585, -3.900981252282934, 0.0 ], [ 130.912680536377707, -3.885440427733469, 0.0 ], [ 130.918099360896775, -3.890622101029065, 0.0 ], [ 130.920341503857316, -3.875540919078071, 0.0 ], [ 130.937188088259745, -3.86666077037823, 0.0 ] ] ], [ [ [ 130.805359211558397, -3.853928444042401, 0.0 ], [ 130.818051257259754, -3.855684486349878, 0.0 ], [ 130.820628213321442, -3.863429631272444, 0.0 ], [ 130.822691205934461, -3.865107151074179, 0.0 ], [ 130.819223253750295, -3.871387524314754, 0.0 ], [ 130.796277352118182, -3.863095104155681, 0.0 ], [ 130.799048881001113, -3.852743472133538, 0.0 ], [ 130.805359211558397, -3.853928444042401, 0.0 ] ] ], [ [ [ 130.772665832562183, -3.847494421630218, 0.0 ], [ 130.772277643798219, -3.847527531070652, 0.0 ], [ 130.772430867590543, -3.847328631610994, 0.0 ], [ 130.772665832562183, -3.847494421630218, 0.0 ] ] ], [ [ [ 130.775053654902308, -3.846306577286709, 0.0 ], [ 130.774540211261723, -3.846240657879976, 0.0 ], [ 130.774868467405867, -3.846022253024531, 0.0 ], [ 130.775053654902308, -3.846306577286709, 0.0 ] ] ], [ [ [ 130.716752362131814, -3.845824752909957, 0.0 ], [ 130.719217550449656, -3.844896949334744, 0.0 ], [ 130.71792622561486, -3.847137110189427, 0.0 ], [ 130.716752362131814, -3.845824752909957, 0.0 ] ] ], [ [ [ 130.765459430108649, -3.830305316936824, 0.0 ], [ 130.765333303789049, -3.830361801555851, 0.0 ], [ 130.765393856041669, -3.830270761386492, 0.0 ], [ 130.765459430108649, -3.830305316936824, 0.0 ] ] ], [ [ [ 130.765072095700731, -3.829136843990069, 0.0 ], [ 130.764834930987348, -3.829206158337486, 0.0 ], [ 130.76493994212467, -3.82907661369474, 0.0 ], [ 130.765072095700731, -3.829136843990069, 0.0 ] ] ], [ [ [ 131.060739014893699, -3.641403428025727, 0.0 ], [ 131.060910351031964, -3.643454286086437, 0.0 ], [ 131.059630355856228, -3.643361540802362, 0.0 ], [ 131.060739014893699, -3.641403428025727, 0.0 ] ] ], [ [ [ 130.867510812274162, -3.527750017149492, 0.0 ], [ 130.873867084698304, -3.528825266372928, 0.0 ], [ 130.872519045017981, -3.531138256125546, 0.0 ], [ 130.867510812274162, -3.527750017149492, 0.0 ] ] ], [ [ [ 130.780035675106433, -3.297850627104706, 0.0 ], [ 130.797460320337564, -3.306455207341921, 0.0 ], [ 130.805127805204137, -3.322205260064662, 0.0 ], [ 130.799054866888724, -3.332482440811971, 0.0 ], [ 130.780147916793055, -3.331632558995315, 0.0 ], [ 130.76558103463708, -3.319689088280755, 0.0 ], [ 130.76789594264369, -3.305920903027173, 0.0 ], [ 130.780035675106433, -3.297850627104706, 0.0 ] ] ], [ [ [ 130.311523754917403, -2.971674288437567, 0.0 ], [ 130.352135171700894, -2.974271025087718, 0.0 ], [ 130.366199367906574, -2.98976065213237, 0.0 ], [ 130.3835059276565, -2.987631750904532, 0.0 ], [ 130.42167168130311, -3.025073427996253, 0.0 ], [ 130.439564535175265, -3.031063089090294, 0.0 ], [ 130.444409353908668, -3.059532027780756, 0.0 ], [ 130.455961546688116, -3.063898828068437, 0.0 ], [ 130.459419999333619, -3.05651970272203, 0.0 ], [ 130.477863881313169, -3.070715812384764, 0.0 ], [ 130.494290689164018, -3.102409126380026, 0.0 ], [ 130.553261056852307, -3.107330740920913, 0.0 ], [ 130.599991234208147, -3.147585130449373, 0.0 ], [ 130.640298442718972, -3.283274254403315, 0.0 ], [ 130.630940688362131, -3.330088130762546, 0.0 ], [ 130.645289100012064, -3.374756677078919, 0.0 ], [ 130.664059938615253, -3.400619054026135, 0.0 ], [ 130.805171076084349, -3.407018406674103, 0.0 ], [ 130.823625768814253, -3.443901306200273, 0.0 ], [ 130.840376248065468, -3.453711563437858, 0.0 ], [ 130.842574192045447, -3.467071499649935, 0.0 ], [ 130.815134939326043, -3.482019137673012, 0.0 ], [ 130.827835671579038, -3.46897182828714, 0.0 ], [ 130.810942585032279, -3.471249370362075, 0.0 ], [ 130.805874506903024, -3.487523446349952, 0.0 ], [ 130.83840938038864, -3.53704207333301, 0.0 ], [ 130.861075752943776, -3.549417554076831, 0.0 ], [ 130.875270404805434, -3.567884095374632, 0.0 ], [ 130.882351003795861, -3.591427938248762, 0.0 ], [ 130.875377365672989, -3.623974912112418, 0.0 ], [ 130.832857271845683, -3.657715932943953, 0.0 ], [ 130.821848470130817, -3.702117217835246, 0.0 ], [ 130.832772615963563, -3.782165533212714, 0.0 ], [ 130.820330631253654, -3.830428885584583, 0.0 ], [ 130.84883677759521, -3.860200126234828, 0.0 ], [ 130.846871683381551, -3.874152124820698, 0.0 ], [ 130.8215931966688, -3.870178757243783, 0.0 ], [ 130.822964843552796, -3.864552737019158, 0.0 ], [ 130.818767473740024, -3.850999326957341, 0.0 ], [ 130.776404981604685, -3.848706996430698, 0.0 ], [ 130.766927137177703, -3.82807185243397, 0.0 ], [ 130.754092610985282, -3.837603347716259, 0.0 ], [ 130.742607945600298, -3.824189325376961, 0.0 ], [ 130.700006919084075, -3.821182658852587, 0.0 ], [ 130.684178306084021, -3.804360606156967, 0.0 ], [ 130.660716604587691, -3.80171257307669, 0.0 ], [ 130.653814304286755, -3.807476347855124, 0.0 ], [ 130.631672544952039, -3.787107997635955, 0.0 ], [ 130.619964231663999, -3.793092568567127, 0.0 ], [ 130.609495085230037, -3.785361995359773, 0.0 ], [ 130.610299758127439, -3.765387557189984, 0.0 ], [ 130.574445627263884, -3.740677171314369, 0.0 ], [ 130.570315851395407, -3.722990709153853, 0.0 ], [ 130.530243644728444, -3.709519960277843, 0.0 ], [ 130.483187576445545, -3.706403082736001, 0.0 ], [ 130.450738543249287, -3.659216584877425, 0.0 ], [ 130.412508249755945, -3.629866726068512, 0.0 ], [ 130.326800513333097, -3.614284279995486, 0.0 ], [ 130.324320353101854, -3.601842522814172, 0.0 ], [ 130.297622111171563, -3.586333860719007, 0.0 ], [ 130.132916995423074, -3.532619819948726, 0.0 ], [ 130.098138315231154, -3.500648549790666, 0.0 ], [ 130.017569589165277, -3.483189054031557, 0.0 ], [ 129.970809003932487, -3.426056187443097, 0.0 ], [ 129.970747431848537, -3.380801559244498, 0.0 ], [ 129.957218254918644, -3.355657067019971, 0.0 ], [ 129.927534288976318, -3.337844043267937, 0.0 ], [ 129.858557053365388, -3.336558210592935, 0.0 ], [ 129.856232665605177, -3.323683695146398, 0.0 ], [ 129.882333700140208, -3.289888892158624, 0.0 ], [ 129.883075514923149, -3.269610127005665, 0.0 ], [ 129.900027012436823, -3.257810840098132, 0.0 ], [ 129.901587712103208, -3.232776933908335, 0.0 ], [ 129.891936183408205, -3.216980601173772, 0.0 ], [ 129.907023015799581, -3.195778429231114, 0.0 ], [ 129.902921360832266, -3.160020754254303, 0.0 ], [ 130.152076231432972, -3.21731299060202, 0.0 ], [ 130.157915468324319, -3.195236645254942, 0.0 ], [ 130.136043393188032, -3.175262851899044, 0.0 ], [ 130.142649749986077, -3.142713555086443, 0.0 ], [ 130.123813266269281, -3.103864144914306, 0.0 ], [ 130.137065621081661, -3.084249223322979, 0.0 ], [ 130.116604477914393, -3.041530354142521, 0.0 ], [ 130.13338219043581, -3.016348296336771, 0.0 ], [ 130.125896136597476, -2.998876594978819, 0.0 ], [ 130.149975630071395, -2.986756307657393, 0.0 ], [ 130.168747659376976, -2.988933253366868, 0.0 ], [ 130.177960994304499, -3.008468753130414, 0.0 ], [ 130.194987566323192, -3.010446781393819, 0.0 ], [ 130.220032085412527, -3.005772652186137, 0.0 ], [ 130.263083934875795, -2.980218855116037, 0.0 ], [ 130.311523754917403, -2.971674288437567, 0.0 ] ] ] ] } },
{ "type": "Feature", "properties": { "KDPKAB": "81.06", "KDPPUM": "81", "WADMKK": "Seram Bagian Barat", "WADMPR": "Maluku", "METADATA": "TASWIL1000020230928_DATA_BATAS_KABUPATEN", "UPDATED": "Lapak GIS - 2024", "KPPN": "KPPN Masohi" }, "geometry": { "type": "MultiPolygon", "coordinates": [ [ [ [ 127.90860660541054, -3.531083714941444, 0.0 ], [ 127.908520659001255, -3.531255927918656, 0.0 ], [ 127.908458916945534, -3.531097900847405, 0.0 ], [ 127.90860660541054, -3.531083714941444, 0.0 ] ] ], [ [ [ 127.585199632756982, -3.356750888142892, 0.0 ], [ 127.591005473324046, -3.359544722910604, 0.0 ], [ 127.586917076162166, -3.361242580880377, 0.0 ], [ 127.585199632756982, -3.356750888142892, 0.0 ] ] ], [ [ [ 127.598779011642165, -3.349285322659481, 0.0 ], [ 127.598331206819779, -3.349399541955192, 0.0 ], [ 127.598660311923922, -3.349036282398446, 0.0 ], [ 127.598779011642165, -3.349285322659481, 0.0 ] ] ], [ [ [ 128.04708777268263, -3.34941843940946, 0.0 ], [ 128.047840553798551, -3.3491702642962, 0.0 ], [ 128.047173231659428, -3.349700938947178, 0.0 ], [ 128.04708777268263, -3.34941843940946, 0.0 ] ] ], [ [ [ 127.599551043645732, -3.348889197378549, 0.0 ], [ 127.599012513416781, -3.349175581088184, 0.0 ], [ 127.599251083770568, -3.348850478866419, 0.0 ], [ 127.599551043645732, -3.348889197378549, 0.0 ] ] ], [ [ [ 127.600070192585378, -3.348837296603937, 0.0 ], [ 127.599746067926716, -3.34904741330744, 0.0 ], [ 127.599822540877625, -3.348851299048208, 0.0 ], [ 127.600070192585378, -3.348837296603937, 0.0 ] ] ], [ [ [ 128.048636792853785, -3.348309431435029, 0.0 ], [ 128.048388802101584, -3.348639473632778, 0.0 ], [ 128.048207816237777, -3.348634510274431, 0.0 ], [ 128.048636792853785, -3.348309431435029, 0.0 ] ] ], [ [ [ 128.143058956305794, -3.311320548604415, 0.0 ], [ 128.139602712395344, -3.30809240424095, 0.0 ], [ 128.147578496550409, -3.300653361563358, 0.0 ], [ 128.143058956305794, -3.311320548604415, 0.0 ] ] ], [ [ [ 127.473332345611354, -3.300550217418577, 0.0 ], [ 127.474075934756712, -3.303164349655033, 0.0 ], [ 127.469937055051091, -3.303813595421071, 0.0 ], [ 127.473332345611354, -3.300550217418577, 0.0 ] ] ], [ [ [ 127.614923919803118, -3.296810669077013, 0.0 ], [ 127.614917970787786, -3.301069904152667, 0.0 ], [ 127.612469505363507, -3.299618433443888, 0.0 ], [ 127.614923919803118, -3.296810669077013, 0.0 ] ] ], [ [ [ 127.531705584145499, -3.261889920283492, 0.0 ], [ 127.535972924810693, -3.256578418159409, 0.0 ], [ 127.538569228886871, -3.258928590382107, 0.0 ], [ 127.531705584145499, -3.261889920283492, 0.0 ] ] ], [ [ [ 127.567870812088358, -3.256335476201214, 0.0 ], [ 127.574702163973683, -3.261717386248344, 0.0 ], [ 127.568269056172113, -3.265136110443104, 0.0 ], [ 127.604571933448057, -3.290433381295513, 0.0 ], [ 127.613971692439662, -3.307776602807946, 0.0 ], [ 127.625034608160675, -3.307198598636399, 0.0 ], [ 127.636280901942072, -3.339567740558705, 0.0 ], [ 127.658322946247054, -3.355703388400658, 0.0 ], [ 127.65673109856138, -3.366182675589949, 0.0 ], [ 127.616980759254758, -3.369071438296237, 0.0 ], [ 127.600461843739112, -3.348024247421025, 0.0 ], [ 127.505877987579083, -3.330643241792133, 0.0 ], [ 127.487095297709871, -3.298577731676902, 0.0 ], [ 127.525635455312141, -3.281619764440505, 0.0 ], [ 127.525054034616119, -3.259911456748268, 0.0 ], [ 127.530026680287165, -3.266212108801694, 0.0 ], [ 127.551457560618047, -3.259602991085123, 0.0 ], [ 127.56347247527458, -3.26539923858398, 0.0 ], [ 127.567870812088358, -3.256335476201214, 0.0 ] ] ], [ [ [ 127.52751941538871, -3.248799601720156, 0.0 ], [ 127.528782161567619, -3.249136522832233, 0.0 ], [ 127.527513914235755, -3.249821815224577, 0.0 ], [ 127.52751941538871, -3.248799601720156, 0.0 ] ] ], [ [ [ 127.563807148980828, -3.253859017579577, 0.0 ], [ 127.559226685962798, -3.261877801918958, 0.0 ], [ 127.542070773447477, -3.252609801700926, 0.0 ], [ 127.547793376363273, -3.246577867974201, 0.0 ], [ 127.563807148980828, -3.253859017579577, 0.0 ] ] ], [ [ [ 128.169637742188115, -3.215707023560268, 0.0 ], [ 128.172387430135871, -3.231214020110842, 0.0 ], [ 128.155275328094007, -3.23169770518488, 0.0 ], [ 128.169637742188115, -3.215707023560268, 0.0 ] ] ], [ [ [ 127.775892159995209, -3.157065123356675, 0.0 ], [ 127.834968037944719, -3.155902133576552, 0.0 ], [ 127.81692556206508, -3.164755619176487, 0.0 ], [ 127.815237715348275, -3.157257021594242, 0.0 ], [ 127.803863943566199, -3.156717438259163, 0.0 ], [ 127.812633306581944, -3.16815846763914, 0.0 ], [ 127.805617048687978, -3.172218769980153, 0.0 ], [ 127.797680362558694, -3.164066766368093, 0.0 ], [ 127.780518658409363, -3.16571586759318, 0.0 ], [ 127.775892159995209, -3.157065123356675, 0.0 ] ] ], [ [ [ 127.761052538643725, -3.151631590425533, 0.0 ], [ 127.799230990717632, -3.181243982024087, 0.0 ], [ 127.78938597108575, -3.183676980907871, 0.0 ], [ 127.799094170559584, -3.198167898229867, 0.0 ], [ 127.800646770032486, -3.2201719641648, 0.0 ], [ 127.790462677210812, -3.25603638956771, 0.0 ], [ 127.753343085115361, -3.247553611709789, 0.0 ], [ 127.707496820821717, -3.260450290048825, 0.0 ], [ 127.676885054901376, -3.251902076619542, 0.0 ], [ 127.63809492264258, -3.225934384564136, 0.0 ], [ 127.721083542671437, -3.159745551815687, 0.0 ], [ 127.761052538643725, -3.151631590425533, 0.0 ] ] ], [ [ [ 127.93493153786028, -3.121327149828071, 0.0 ], [ 127.934826842384979, -3.121374739252738, 0.0 ], [ 127.934807806435174, -3.121330956658211, 0.0 ], [ 127.93493153786028, -3.121327149828071, 0.0 ] ] ], [ [ [ 127.939570467603019, -3.118407809272908, 0.0 ], [ 127.936354625965237, -3.118522023172757, 0.0 ], [ 127.937264769553465, -3.11535258115663, 0.0 ], [ 127.939570467603019, -3.118407809272908, 0.0 ] ] ], [ [ [ 127.937359996066988, -3.115263565361184, 0.0 ], [ 127.937354285372038, -3.115312820330354, 0.0 ], [ 127.937313597344698, -3.115272844566055, 0.0 ], [ 127.937359996066988, -3.115263565361184, 0.0 ] ] ], [ [ [ 127.934857281738232, -3.108581921818201, 0.0 ], [ 127.932748989374431, -3.108378666042524, 0.0 ], [ 127.933978910298464, -3.107574124446247, 0.0 ], [ 127.934857281738232, -3.108581921818201, 0.0 ] ] ], [ [ [ 127.967498887663623, -3.106886481226104, 0.0 ], [ 127.967466171226874, -3.106918604110279, 0.0 ], [ 127.967462601817743, -3.10689480894826, 0.0 ], [ 127.967498887663623, -3.106886481226104, 0.0 ] ] ], [ [ [ 127.960469014033833, -3.102810732129482, 0.0 ], [ 127.960057843095029, -3.102854513824729, 0.0 ], [ 127.960307841134096, -3.102617565847934, 0.0 ], [ 127.960469014033833, -3.102810732129482, 0.0 ] ] ], [ [ [ 127.930936849156282, -3.101739466003453, 0.0 ], [ 127.927270076652775, -3.101814262618044, 0.0 ], [ 127.92923255743662, -3.100420644397131, 0.0 ], [ 127.930936849156282, -3.101739466003453, 0.0 ] ] ], [ [ [ 127.944972499980977, -3.097437872859457, 0.0 ], [ 127.946638122651251, -3.098789407305238, 0.0 ], [ 127.945667302703896, -3.099151084954579, 0.0 ], [ 127.944972499980977, -3.097437872859457, 0.0 ] ] ], [ [ [ 127.950653940027308, -3.092546414385458, 0.0 ], [ 127.949532530402053, -3.092602738925246, 0.0 ], [ 127.949726067204296, -3.091899300911985, 0.0 ], [ 127.950653940027308, -3.092546414385458, 0.0 ] ] ], [ [ [ 127.978372419651507, -3.090740412040363, 0.0 ], [ 127.977451092094242, -3.091128740199148, 0.0 ], [ 127.977500585383694, -3.090559572766052, 0.0 ], [ 127.978372419651507, -3.090740412040363, 0.0 ] ] ], [ [ [ 127.956649615787271, -3.089256770783313, 0.0 ], [ 127.956499345368584, -3.089543819091903, 0.0 ], [ 127.956435372994164, -3.08922783959307, 0.0 ], [ 127.956649615787271, -3.089256770783313, 0.0 ] ] ], [ [ [ 128.026089893433948, -3.072582507276847, 0.0 ], [ 128.025268978780446, -3.072677686126271, 0.0 ], [ 128.025953074175078, -3.072186921589084, 0.0 ], [ 128.026089893433948, -3.072582507276847, 0.0 ] ] ], [ [ [ 128.083495788799752, -3.056459183744289, 0.0 ], [ 128.08336444191545, -3.056598145188241, 0.0 ], [ 128.083353021424841, -3.056459183744289, 0.0 ], [ 128.083495788799752, -3.056459183744289, 0.0 ] ] ], [ [ [ 128.087515467864563, -3.056084545964913, 0.0 ], [ 128.087093112956808, -3.056417671038572, 0.0 ], [ 128.087164496644306, -3.05594177859019, 0.0 ], [ 128.087515467864563, -3.056084545964913, 0.0 ] ] ], [ [ [ 128.087735350306247, -3.054868076200703, 0.0 ], [ 128.088777017045771, -3.054767381809212, 0.0 ], [ 128.088074422596577, -3.055802014950951, 0.0 ], [ 128.087735350306247, -3.054868076200703, 0.0 ] ] ], [ [ [ 128.079352112110342, -3.055456051155739, 0.0 ], [ 128.082730946875813, -3.054666069583403, 0.0 ], [ 128.080637021181644, -3.057811718236161, 0.0 ], [ 128.079352112110342, -3.055456051155739, 0.0 ] ] ], [ [ [ 128.088212512597437, -3.04895928214515, 0.0 ], [ 128.092167487239863, -3.052654466030694, 0.0 ], [ 128.088714304621448, -3.05386019968841, 0.0 ], [ 128.088212512597437, -3.04895928214515, 0.0 ] ] ], [ [ [ 128.090887616170562, -3.039530836578821, 0.0 ], [ 128.091687939946553, -3.039079430870986, 0.0 ], [ 128.091816105029267, -3.039553432944489, 0.0 ], [ 128.090887616170562, -3.039530836578821, 0.0 ] ] ], [ [ [ 127.841938067987442, -3.0388482016831, 0.0 ], [ 127.84152047229199, -3.038580513080172, 0.0 ], [ 127.842030867230847, -3.038551958705929, 0.0 ], [ 127.841938067987442, -3.0388482016831, 0.0 ] ] ], [ [ [ 128.089760501246246, -3.036336692884037, 0.0 ], [ 128.091080675432835, -3.037714016288787, 0.0 ], [ 128.089371871814507, -3.038430591598454, 0.0 ], [ 128.089760501246246, -3.036336692884037, 0.0 ] ] ], [ [ [ 128.071924707559219, -3.034520189155357, 0.0 ], [ 128.075072431847275, -3.035486239098597, 0.0 ], [ 128.072178489046138, -3.037039452808513, 0.0 ], [ 128.071924707559219, -3.034520189155357, 0.0 ] ] ], [ [ [ 128.081181449164632, -3.022223669786486, 0.0 ], [ 128.081028398042264, -3.022512336874764, 0.0 ], [ 128.080781351578196, -3.022381294860812, 0.0 ], [ 128.081181449164632, -3.022223669786486, 0.0 ] ] ], [ [ [ 128.078031268828113, -3.022173263685149, 0.0 ], [ 128.079235275787426, -3.023029869732666, 0.0 ], [ 128.077812358553587, -3.022675330002381, 0.0 ], [ 128.078031268828113, -3.022173263685149, 0.0 ] ] ], [ [ [ 128.071754250957923, -3.023791296930758, 0.0 ], [ 128.076741601443757, -3.02216136565441, 0.0 ], [ 128.077431644954459, -3.022627740577713, 0.0 ], [ 128.071754250957923, -3.023791296930758, 0.0 ] ] ], [ [ [ 128.085228303043721, -3.019845668942425, 0.0 ], [ 128.085174403076309, -3.021667002030506, 0.0 ], [ 128.081902971644979, -3.02203041806928, 0.0 ], [ 128.085228303043721, -3.019845668942425, 0.0 ] ] ], [ [ [ 127.843982886201303, -3.017541735362686, 0.0 ], [ 127.84382288421871, -3.017541023099637, 0.0 ], [ 127.844159816122698, -3.017264054392557, 0.0 ], [ 127.843982886201303, -3.017541735362686, 0.0 ] ] ], [ [ [ 128.052242700140596, -3.018659613350463, 0.0 ], [ 128.050016867284597, -3.000917991272248, 0.0 ], [ 128.057799086758592, -2.994808119599027, 0.0 ], [ 128.057936531945387, -3.008888747317753, 0.0 ], [ 128.052242700140596, -3.018659613350463, 0.0 ] ] ], [ [ [ 127.861577659781275, -2.968467374369757, 0.0 ], [ 127.861284672349797, -2.969043168907051, 0.0 ], [ 127.861206065307769, -2.968706313445571, 0.0 ], [ 127.861577659781275, -2.968467374369757, 0.0 ] ] ], [ [ [ 127.869619170888058, -2.962891449980345, 0.0 ], [ 127.866121363010492, -2.964800966990991, 0.0 ], [ 127.867434824657494, -2.960910548383014, 0.0 ], [ 127.869619170888058, -2.962891449980345, 0.0 ] ] ], [ [ [ 127.869976485926145, -2.960667942771325, 0.0 ], [ 127.870134126288946, -2.960769069736704, 0.0 ], [ 127.86995863977954, -2.960843428381457, 0.0 ], [ 127.869976485926145, -2.960667942771325, 0.0 ] ] ], [ [ [ 127.898891450580066, -2.923974929699183, 0.0 ], [ 127.899851271818733, -2.925335251420671, 0.0 ], [ 127.897662008994544, -2.925631866717262, 0.0 ], [ 127.898891450580066, -2.923974929699183, 0.0 ] ] ], [ [ [ 127.919925970007654, -2.923556440077649, 0.0 ], [ 127.92111864730785, -2.938669235896521, 0.0 ], [ 127.909786077965279, -2.948562656141609, 0.0 ], [ 127.874439164735662, -2.958878389925681, 0.0 ], [ 127.898245260710269, -2.93255781379205, 0.0 ], [ 127.919925970007654, -2.923556440077649, 0.0 ] ] ], [ [ [ 127.899475831844242, -2.922260148287206, 0.0 ], [ 127.89998177334023, -2.922146966808972, 0.0 ], [ 127.899969644183784, -2.922380298611829, 0.0 ], [ 127.899475831844242, -2.922260148287206, 0.0 ] ] ], [ [ [ 127.907011023739841, -2.918024377423015, 0.0 ], [ 127.908827014854836, -2.922780812584394, 0.0 ], [ 127.905055036960448, -2.922780812584394, 0.0 ], [ 127.907011023739841, -2.918024377423015, 0.0 ] ] ], [ [ [ 127.924780131797689, -2.912386439382589, 0.0 ], [ 127.945415485336397, -2.924620562888583, 0.0 ], [ 127.990756141782541, -2.923913005980408, 0.0 ], [ 128.003853141409394, -2.942413006554981, 0.0 ], [ 127.971119141834919, -2.973406005882387, 0.0 ], [ 127.955697141110278, -3.007924006787446, 0.0 ], [ 127.923464610703235, -3.034174961904926, 0.0 ], [ 127.891341382998434, -3.041360425443232, 0.0 ], [ 127.829000000149904, -3.034706999928074, 0.0 ], [ 127.844876420210667, -3.016618181084121, 0.0 ], [ 127.86586279533185, -3.008114940052378, 0.0 ], [ 127.878835398035193, -2.96007532821381, 0.0 ], [ 127.904711162290383, -2.956773827949702, 0.0 ], [ 127.925175387434251, -2.934791395206629, 0.0 ], [ 127.943115453015793, -2.942482090675894, 0.0 ], [ 127.93790954928636, -2.928826747856109, 0.0 ], [ 127.91315614164273, -2.919888007425511, 0.0 ], [ 127.924780131797689, -2.912386439382589, 0.0 ] ] ], [ [ [ 128.12267497317157, -2.901462766593335, 0.0 ], [ 128.122128649417704, -2.901675967072118, 0.0 ], [ 128.122140069908369, -2.901291445743562, 0.0 ], [ 128.12267497317157, -2.901462766593335, 0.0 ] ] ], [ [ [ 128.513593664216302, -2.835963361319996, 0.0 ], [ 128.564013286883835, -2.853911949776558, 0.0 ], [ 128.628427164582035, -2.853294370938444, 0.0 ], [ 128.664515609307955, -2.83954788182921, 0.0 ], [ 128.704289401135043, -2.861232099381786, 0.0 ], [ 128.754846143434833, -2.851674407747653, 0.0 ], [ 128.75036492689992, -2.906401527608329, 0.0 ], [ 128.763525086813388, -2.938435886107163, 0.0 ], [ 128.753779720158036, -2.95807599591045, 0.0 ], [ 128.781694796977376, -2.985197965113942, 0.0 ], [ 128.811616050840144, -2.998500274567986, 0.0 ], [ 128.786123564151268, -3.006258636826578, 0.0 ], [ 128.771225163110955, -3.05270333429142, 0.0 ], [ 128.775450280606009, -3.067505203002677, 0.0 ], [ 128.811126393368426, -3.064073163445682, 0.0 ], [ 128.818117855154924, -3.071956452328342, 0.0 ], [ 128.802746443093923, -3.087662931099347, 0.0 ], [ 128.81095106244166, -3.09696365584802, 0.0 ], [ 128.804830185764615, -3.098972063210129, 0.0 ], [ 128.807162456082551, -3.11875695127222, 0.0 ], [ 128.798633206657229, -3.123942327975973, 0.0 ], [ 128.793477712626441, -3.170090707819798, 0.0 ], [ 128.811788475158096, -3.185597602747128, 0.0 ], [ 128.834459865030794, -3.239972904226088, 0.0 ], [ 128.842869295081982, -3.240406429613055, 0.0 ], [ 128.779481297424041, -3.264881924261401, 0.0 ], [ 128.680061255122837, -3.359416329400025, 0.0 ], [ 128.670890441940401, -3.39063305397225, 0.0 ], [ 128.698503583073943, -3.412639780101737, 0.0 ], [ 128.674444227219425, -3.432915685410512, 0.0 ], [ 128.624756292968613, -3.434113367437932, 0.0 ], [ 128.594723369388021, -3.4261302735932, 0.0 ], [ 128.521244859662573, -3.458382394831608, 0.0 ], [ 128.490667274275324, -3.453806426625208, 0.0 ], [ 128.468094742378526, -3.460226763154564, 0.0 ], [ 128.404980932723902, -3.428516369234982, 0.0 ], [ 128.393902437147887, -3.39318651344678, 0.0 ], [ 128.332977521595353, -3.329736896940164, 0.0 ], [ 128.312120374555661, -3.273340720797593, 0.0 ], [ 128.300518471750166, -3.265831378115516, 0.0 ], [ 128.294974159429984, -3.232069355416359, 0.0 ], [ 128.270819916106376, -3.21600617764293, 0.0 ], [ 128.269276035560665, -3.203740758629062, 0.0 ], [ 128.249232735402501, -3.207488771389658, 0.0 ], [ 128.252959766080352, -3.197360825941312, 0.0 ], [ 128.235968558102513, -3.214993035600047, 0.0 ], [ 128.224032983435507, -3.209636963075349, 0.0 ], [ 128.220845884130313, -3.21723621008301, 0.0 ], [ 128.192316427361305, -3.198677771561867, 0.0 ], [ 128.202378776259593, -3.217886061092726, 0.0 ], [ 128.181465480947281, -3.231342165408504, 0.0 ], [ 128.169575191641769, -3.204190792870756, 0.0 ], [ 128.160231967631319, -3.200557079445579, 0.0 ], [ 128.17028626579858, -3.186043056741619, 0.0 ], [ 128.157462500893757, -3.187600303910878, 0.0 ], [ 128.164997655917176, -3.174286949882779, 0.0 ], [ 128.158562155918844, -3.160178354147616, 0.0 ], [ 128.17260142741398, -3.164246583113231, 0.0 ], [ 128.171055035961217, -3.14000568021793, 0.0 ], [ 128.185149539319781, -3.149399170934933, 0.0 ], [ 128.196097424556541, -3.140510005632249, 0.0 ], [ 128.20200409891018, -3.125787538064431, 0.0 ], [ 128.192757111351682, -3.112056313148306, 0.0 ], [ 128.200687397005765, -3.103670877009337, 0.0 ], [ 128.199353673633141, -3.075670371790176, 0.0 ], [ 128.183947893980189, -3.064896179814783, 0.0 ], [ 128.15411416843412, -3.069331665823663, 0.0 ], [ 128.083372827194239, -3.145033791576138, 0.0 ], [ 128.060267362448826, -3.25509887871023, 0.0 ], [ 128.05506490492138, -3.340273965570953, 0.0 ], [ 128.016651104764691, -3.381115405551485, 0.0 ], [ 127.991865864717951, -3.375058708992176, 0.0 ], [ 127.983320165793089, -3.384920180821707, 0.0 ], [ 127.969437193771597, -3.435672614699373, 0.0 ], [ 127.945328906703679, -3.467771415018708, 0.0 ], [ 127.947554774633218, -3.509349975321088, 0.0 ], [ 127.960181377568603, -3.528017449445711, 0.0 ], [ 127.936416572167104, -3.543762122423979, 0.0 ], [ 127.936503884646655, -3.563195566222335, 0.0 ], [ 127.921220294081436, -3.568375874347021, 0.0 ], [ 127.919625527196303, -3.542861890263962, 0.0 ], [ 127.907869319613496, -3.530163838890024, 0.0 ], [ 127.895355218268733, -3.489717621271174, 0.0 ], [ 127.915322294588279, -3.444709440588126, 0.0 ], [ 127.91931421967557, -3.414692922440368, 0.0 ], [ 127.941837253786304, -3.382681009221125, 0.0 ], [ 127.94312722424209, -3.352488761746899, 0.0 ], [ 127.923530920415701, -3.302651407836146, 0.0 ], [ 127.888068385847447, -3.271535056597566, 0.0 ], [ 127.87337475234304, -3.232525646241482, 0.0 ], [ 127.871801169888116, -3.188864131074778, 0.0 ], [ 127.838597252960867, -3.155965498908555, 0.0 ], [ 127.872662461403479, -3.158085066072916, 0.0 ], [ 127.879761618803713, -3.149778653362103, 0.0 ], [ 127.902684808956806, -3.156404279034211, 0.0 ], [ 127.944952205879645, -3.128387017646686, 0.0 ], [ 127.942492358635519, -3.115037052218186, 0.0 ], [ 127.950961070197309, -3.106681564402594, 0.0 ], [ 127.985177871062007, -3.107727518210337, 0.0 ], [ 127.976583857858799, -3.105107479226701, 0.0 ], [ 127.977183481732368, -3.095427832328548, 0.0 ], [ 127.998415770171704, -3.071136270622324, 0.0 ], [ 128.001549360714563, -3.084360839081393, 0.0 ], [ 128.004962697970171, -3.072494467245759, 0.0 ], [ 128.032138759596108, -3.077949103668212, 0.0 ], [ 128.114725949243251, -3.065463690696715, 0.0 ], [ 128.108388440274325, -3.049236561118354, 0.0 ], [ 128.102367243553573, -3.053707212417825, 0.0 ], [ 128.090080696766847, -3.040759050589672, 0.0 ], [ 128.094993454784202, -3.032878101742911, 0.0 ], [ 128.094259391257992, -3.025506531601055, 0.0 ], [ 128.087067713404281, -3.020720570797655, 0.0 ], [ 128.123099746356274, -3.000535511404648, 0.0 ], [ 128.117797828307175, -2.970791738747705, 0.0 ], [ 128.080045313140772, -2.987113701835822, 0.0 ], [ 128.070772297403636, -2.973373768784329, 0.0 ], [ 128.081008546407361, -2.960919942701137, 0.0 ], [ 128.111950934588037, -2.958894123564873, 0.0 ], [ 128.133612533291853, -2.936939597684221, 0.0 ], [ 128.141850829552226, -2.92249917189922, 0.0 ], [ 128.130410435992871, -2.915597236723036, 0.0 ], [ 128.129066509811622, -2.904892754796753, 0.0 ], [ 128.165305140419918, -2.882211116249936, 0.0 ], [ 128.162719159661606, -2.863664704362614, 0.0 ], [ 128.192425232738373, -2.866539148063188, 0.0 ], [ 128.238280478561222, -2.853928650187035, 0.0 ], [ 128.266893879848766, -2.868838603918425, 0.0 ], [ 128.350541388174634, -2.860119134390507, 0.0 ], [ 128.374250620869446, -2.870745463432359, 0.0 ], [ 128.397799336270396, -2.870695936867909, 0.0 ], [ 128.433486163555671, -2.847707018863746, 0.0 ], [ 128.470111434295262, -2.852114408253284, 0.0 ], [ 128.513593664216302, -2.835963361319996, 0.0 ] ] ] ] } },
{ "type": "Feature", "properties": { "KDPKAB": "81.07", "KDPPUM": "81", "WADMKK": "Kepulauan Aru", "WADMPR": "Maluku", "METADATA": "TASWIL1000020230928_DATA_BATAS_KABUPATEN", "UPDATED": "Lapak GIS - 2024", "KPPN": "KPPN Tual" }, "geometry": { "type": "MultiPolygon", "coordinates": [ [ [ [ 134.48999592107495, -7.063447810068339, 0.0 ], [ 134.511849259735669, -7.0760246733, 0.0 ], [ 134.504538675319623, -7.069895629879301, 0.0 ], [ 134.514459288365515, -7.064880044278591, 0.0 ], [ 134.530916264873809, -7.07135364765266, 0.0 ], [ 134.534249532789801, -7.07973756034013, 0.0 ], [ 134.522672032188552, -7.100441087885815, 0.0 ], [ 134.471730994290056, -7.0883095554416, 0.0 ], [ 134.48999592107495, -7.063447810068339, 0.0 ] ] ], [ [ [ 134.678637389703823, -7.004321946900286, 0.0 ], [ 134.688182378414069, -7.019215771290791, 0.0 ], [ 134.681905359644702, -7.025640792388613, 0.0 ], [ 134.669534035567352, -7.016246182914968, 0.0 ], [ 134.678637389703823, -7.004321946900286, 0.0 ] ] ], [ [ [ 134.194285761578726, -6.949882748589945, 0.0 ], [ 134.19392187789245, -6.950177362894897, 0.0 ], [ 134.19388601292917, -6.950043363010731, 0.0 ], [ 134.194285761578726, -6.949882748589945, 0.0 ] ] ], [ [ [ 134.199144700567587, -6.94286603563901, 0.0 ], [ 134.20021902798581, -6.943322892137686, 0.0 ], [ 134.199790724962099, -6.944015316153854, 0.0 ], [ 134.199144700567587, -6.94286603563901, 0.0 ] ] ], [ [ [ 134.500282058170455, -6.936255823447438, 0.0 ], [ 134.499643016112344, -6.936000740641627, 0.0 ], [ 134.500531358335593, -6.935911220326466, 0.0 ], [ 134.500282058170455, -6.936255823447438, 0.0 ] ] ], [ [ [ 134.49753396292212, -6.935127381123677, 0.0 ], [ 134.497485768253682, -6.937592758299064, 0.0 ], [ 134.493249253650191, -6.936593233790659, 0.0 ], [ 134.498469092374762, -6.934763322968943, 0.0 ], [ 134.49753396292212, -6.935127381123677, 0.0 ] ] ], [ [ [ 134.502935910763767, -6.932288861741557, 0.0 ], [ 134.506536294414559, -6.933782865886488, 0.0 ], [ 134.504471361963851, -6.933729303164763, 0.0 ], [ 134.497904417954629, -6.936471061790054, 0.0 ], [ 134.502935910763767, -6.932288861741557, 0.0 ] ] ], [ [ [ 134.510734592327594, -6.929853051577054, 0.0 ], [ 134.528469125050151, -6.949809182247949, 0.0 ], [ 134.489791851412889, -6.952888633603464, 0.0 ], [ 134.492739437874746, -6.937180655662693, 0.0 ], [ 134.498299919106017, -6.938113743654276, 0.0 ], [ 134.506634247672423, -6.935061886197039, 0.0 ], [ 134.510734592327594, -6.929853051577054, 0.0 ] ] ], [ [ [ 134.205764599356826, -6.926172212777341, 0.0 ], [ 134.206598841063737, -6.926033420405967, 0.0 ], [ 134.2064391772264, -6.926668330978617, 0.0 ], [ 134.205764599356826, -6.926172212777341, 0.0 ] ] ], [ [ [ 134.543118566768499, -6.904457557670155, 0.0 ], [ 134.54869668820163, -6.911111011963626, 0.0 ], [ 134.529556519617699, -6.919593663017113, 0.0 ], [ 134.520781427021404, -6.916995492847703, 0.0 ], [ 134.522474809964592, -6.90780226676118, 0.0 ], [ 134.525735861420941, -6.914638340087257, 0.0 ], [ 134.528584076394054, -6.916189390927644, 0.0 ], [ 134.543118566768499, -6.904457557670155, 0.0 ] ] ], [ [ [ 134.700265869974061, -6.862833676932637, 0.0 ], [ 134.702536577201357, -6.863282847825118, 0.0 ], [ 134.702352526447982, -6.864027903764639, 0.0 ], [ 134.700265869974061, -6.862833676932637, 0.0 ] ] ], [ [ [ 134.748627135134285, -6.861805557580406, 0.0 ], [ 134.752668471672678, -6.868032095604696, 0.0 ], [ 134.751400055268419, -6.871207769922608, 0.0 ], [ 134.74392337596305, -6.867636346240306, 0.0 ], [ 134.748627135134285, -6.861805557580406, 0.0 ] ] ], [ [ [ 134.700509996339292, -6.861426061663404, 0.0 ], [ 134.699321794964959, -6.861832384357029, 0.0 ], [ 134.699599630618536, -6.860797933777611, 0.0 ], [ 134.700509996339292, -6.861426061663404, 0.0 ] ] ], [ [ [ 134.692913050696802, -6.861031155863077, 0.0 ], [ 134.694549477776235, -6.859407009925515, 0.0 ], [ 134.695245698730105, -6.862604366897943, 0.0 ], [ 134.692913050696802, -6.861031155863077, 0.0 ] ] ], [ [ [ 134.64118469321906, -6.856583909419881, 0.0 ], [ 134.646670456975983, -6.860765470050349, 0.0 ], [ 134.641915930176083, -6.862136341718709, 0.0 ], [ 134.64118469321906, -6.856583909419881, 0.0 ] ] ], [ [ [ 134.758200214168568, -6.849350226931409, 0.0 ], [ 134.758175493604227, -6.866462668916976, 0.0 ], [ 134.752349118816795, -6.872504762284918, 0.0 ], [ 134.744056621316133, -6.876124993973213, 0.0 ], [ 134.700626662690382, -6.873509136837156, 0.0 ], [ 134.686372740109988, -6.860564869073452, 0.0 ], [ 134.703713052315578, -6.872741964769861, 0.0 ], [ 134.718898017829389, -6.865750954442954, 0.0 ], [ 134.750301580153916, -6.8731464195716, 0.0 ], [ 134.756352122652402, -6.866947416989681, 0.0 ], [ 134.758200214168568, -6.849350226931409, 0.0 ] ] ], [ [ [ 134.646656782784362, -6.847531262657539, 0.0 ], [ 134.640262344032067, -6.849425692641534, 0.0 ], [ 134.643728017334183, -6.844351289580323, 0.0 ], [ 134.646656782784362, -6.847531262657539, 0.0 ] ] ], [ [ [ 134.668367643651862, -6.843708935319074, 0.0 ], [ 134.680585993049249, -6.847103608944297, 0.0 ], [ 134.683968515934339, -6.856431345729933, 0.0 ], [ 134.660893653319448, -6.859436073316053, 0.0 ], [ 134.612968494600409, -6.900255741609199, 0.0 ], [ 134.605476720174579, -6.903505118965984, 0.0 ], [ 134.58594574669894, -6.884722887751042, 0.0 ], [ 134.591493031278446, -6.875637476888023, 0.0 ], [ 134.607752043622042, -6.891911407185684, 0.0 ], [ 134.607741690626483, -6.883854982621322, 0.0 ], [ 134.634811741069058, -6.868006634898264, 0.0 ], [ 134.633672981722867, -6.855449015359731, 0.0 ], [ 134.644925955668327, -6.867773562999505, 0.0 ], [ 134.668367643651862, -6.843708935319074, 0.0 ] ] ], [ [ [ 134.478620036785287, -6.831625328645944, 0.0 ], [ 134.482995997567286, -6.833563554714298, 0.0 ], [ 134.482037035181065, -6.836377987554058, 0.0 ], [ 134.478620036785287, -6.831625328645944, 0.0 ] ] ], [ [ [ 134.358866761891591, -6.804220072098558, 0.0 ], [ 134.356649123658201, -6.804601560913318, 0.0 ], [ 134.358087743954229, -6.803088354443946, 0.0 ], [ 134.358866761891591, -6.804220072098558, 0.0 ] ] ], [ [ [ 134.359700640272422, -6.802366851748757, 0.0 ], [ 134.35815605825556, -6.8027548921245, 0.0 ], [ 134.359271353390398, -6.801942276414844, 0.0 ], [ 134.359700640272422, -6.802366851748757, 0.0 ] ] ], [ [ [ 134.526390622729139, -6.783174419064134, 0.0 ], [ 134.525633049125986, -6.782857077991692, 0.0 ], [ 134.526385325722202, -6.782806929995803, 0.0 ], [ 134.526390622729139, -6.783174419064134, 0.0 ] ] ], [ [ [ 134.532171270587753, -6.782801234589257, 0.0 ], [ 134.529443126798895, -6.784884773113723, 0.0 ], [ 134.5294795799187, -6.782289809027445, 0.0 ], [ 134.532171270587753, -6.782801234589257, 0.0 ] ] ], [ [ [ 134.418286225828751, -6.782534877882255, 0.0 ], [ 134.416685948797522, -6.782284203553139, 0.0 ], [ 134.417032077168642, -6.781346139612569, 0.0 ], [ 134.418286225828751, -6.782534877882255, 0.0 ] ] ], [ [ [ 134.416724430787895, -6.778502063319517, 0.0 ], [ 134.416486341571471, -6.7789597103223, 0.0 ], [ 134.416571876990588, -6.778377502719549, 0.0 ], [ 134.416724430787895, -6.778502063319517, 0.0 ] ] ], [ [ [ 134.382184827268048, -6.76541681603318, 0.0 ], [ 134.381584919208734, -6.765749608357722, 0.0 ], [ 134.381851418008637, -6.765207213741834, 0.0 ], [ 134.382184827268048, -6.76541681603318, 0.0 ] ] ], [ [ [ 134.516907386866507, -6.759686156091131, 0.0 ], [ 134.516588658140165, -6.759894216045196, 0.0 ], [ 134.516704300163383, -6.759534441361285, 0.0 ], [ 134.516907386866507, -6.759686156091131, 0.0 ] ] ], [ [ [ 134.51686738412252, -6.759205138406336, 0.0 ], [ 134.516564089561143, -6.759245008050633, 0.0 ], [ 134.516622090437181, -6.75892375312868, 0.0 ], [ 134.51686738412252, -6.759205138406336, 0.0 ] ] ], [ [ [ 134.507910662647106, -6.757528363243263, 0.0 ], [ 134.507492044422406, -6.757635358285067, 0.0 ], [ 134.507305754357162, -6.757295954144896, 0.0 ], [ 134.507910662647106, -6.757528363243263, 0.0 ] ] ], [ [ [ 134.496420057239931, -6.757275610580908, 0.0 ], [ 134.497035743005256, -6.757620632785936, 0.0 ], [ 134.496271340849717, -6.757876425156865, 0.0 ], [ 134.496420057239931, -6.757275610580908, 0.0 ] ] ], [ [ [ 134.509459202580189, -6.758598452156742, 0.0 ], [ 134.51043913715651, -6.757084278016982, 0.0 ], [ 134.511088882046323, -6.757723785024598, 0.0 ], [ 134.509459202580189, -6.758598452156742, 0.0 ] ] ], [ [ [ 134.506768679231186, -6.757097535822591, 0.0 ], [ 134.506281965240561, -6.757430604238905, 0.0 ], [ 134.506293746359319, -6.756967021710628, 0.0 ], [ 134.506768679231186, -6.757097535822591, 0.0 ] ] ], [ [ [ 134.511276530987146, -6.756711982072242, 0.0 ], [ 134.51085763487194, -6.757096005176403, 0.0 ], [ 134.510733451987335, -6.756858430372218, 0.0 ], [ 134.511276530987146, -6.756711982072242, 0.0 ] ] ], [ [ [ 134.529740619833717, -6.752162048339797, 0.0 ], [ 134.531782646551932, -6.752763788318176, 0.0 ], [ 134.531893053621644, -6.754566900242213, 0.0 ], [ 134.529740619833717, -6.752162048339797, 0.0 ] ] ], [ [ [ 134.408384110938044, -6.751239175747318, 0.0 ], [ 134.408095939376153, -6.751316851991066, 0.0 ], [ 134.408340920097459, -6.75105318605567, 0.0 ], [ 134.408384110938044, -6.751239175747318, 0.0 ] ] ], [ [ [ 134.527734411314071, -6.750622329856596, 0.0 ], [ 134.528119598140961, -6.761658524920992, 0.0 ], [ 134.516753076693249, -6.760409237995883, 0.0 ], [ 134.527734411314071, -6.750622329856596, 0.0 ] ] ], [ [ [ 134.40105220539499, -6.748813607961583, 0.0 ], [ 134.400433294660871, -6.749217356795593, 0.0 ], [ 134.400115976970795, -6.748573310909548, 0.0 ], [ 134.40105220539499, -6.748813607961583, 0.0 ] ] ], [ [ [ 134.402264120992385, -6.748372423048891, 0.0 ], [ 134.401164009111767, -6.748953671974326, 0.0 ], [ 134.402121834754922, -6.748186533181925, 0.0 ], [ 134.402264120992385, -6.748372423048891, 0.0 ] ] ], [ [ [ 134.535833847753906, -6.747740269797545, 0.0 ], [ 134.553698402659165, -6.751959855562876, 0.0 ], [ 134.552278957707813, -6.759152650374459, 0.0 ], [ 134.535298056859943, -6.777840379929571, 0.0 ], [ 134.511966106850423, -6.783258304227306, 0.0 ], [ 134.513497944574539, -6.769231241028865, 0.0 ], [ 134.529046732620714, -6.762055175405982, 0.0 ], [ 134.535833847753906, -6.747740269797545, 0.0 ] ] ], [ [ [ 134.41109255867471, -6.737698054921263, 0.0 ], [ 134.410555317174186, -6.737926378399609, 0.0 ], [ 134.410896825727974, -6.73750956241637, 0.0 ], [ 134.41109255867471, -6.737698054921263, 0.0 ] ] ], [ [ [ 134.521139858118033, -6.733609882589934, 0.0 ], [ 134.53010102224448, -6.747753770420121, 0.0 ], [ 134.517982742209853, -6.752269288896499, 0.0 ], [ 134.517097482862596, -6.749594263564322, 0.0 ], [ 134.516600093919237, -6.749299785056965, 0.0 ], [ 134.515525558757673, -6.749298719360367, 0.0 ], [ 134.515334122771577, -6.7484448355607, 0.0 ], [ 134.514317602875167, -6.746979545869251, 0.0 ], [ 134.513452606152896, -6.746696004916667, 0.0 ], [ 134.51264278463691, -6.742132751325317, 0.0 ], [ 134.521139858118033, -6.733609882589934, 0.0 ] ] ], [ [ [ 134.413259404997632, -6.734596891233461, 0.0 ], [ 134.411457106060681, -6.735057749715327, 0.0 ], [ 134.413519225431941, -6.732269381027026, 0.0 ], [ 134.413259404997632, -6.734596891233461, 0.0 ] ] ], [ [ [ 134.413943637988609, -6.730628954662502, 0.0 ], [ 134.413723196168604, -6.731949067695257, 0.0 ], [ 134.413286363075258, -6.731218391915198, 0.0 ], [ 134.413943637988609, -6.730628954662502, 0.0 ] ] ], [ [ [ 134.507992694307404, -6.726659875053168, 0.0 ], [ 134.505765490884755, -6.725730441906278, 0.0 ], [ 134.505847089971354, -6.72332775017546, 0.0 ], [ 134.507992694307404, -6.726659875053168, 0.0 ] ] ], [ [ [ 134.415328911400223, -6.722340371011252, 0.0 ], [ 134.415073414006827, -6.722514781032255, 0.0 ], [ 134.41507623967675, -6.722125130870075, 0.0 ], [ 134.415328911400223, -6.722340371011252, 0.0 ] ] ], [ [ [ 134.448758165157301, -6.722660642074877, 0.0 ], [ 134.447913674776373, -6.722323870250405, 0.0 ], [ 134.448557973371834, -6.721907365432481, 0.0 ], [ 134.448758165157301, -6.722660642074877, 0.0 ] ] ], [ [ [ 134.508512658032828, -6.726971345351255, 0.0 ], [ 134.507251232958112, -6.721672663962223, 0.0 ], [ 134.509015779254923, -6.721527443236911, 0.0 ], [ 134.510450822047886, -6.722885742383048, 0.0 ], [ 134.50979981900656, -6.723546560625219, 0.0 ], [ 134.508512658032828, -6.726971345351255, 0.0 ] ] ], [ [ [ 134.440294270364348, -6.720374086095119, 0.0 ], [ 134.446742481380511, -6.725095611373336, 0.0 ], [ 134.441518149642974, -6.727198723642117, 0.0 ], [ 134.440294270364348, -6.720374086095119, 0.0 ] ] ], [ [ [ 134.509987593852429, -6.722393415723519, 0.0 ], [ 134.514507242914988, -6.722941464377, 0.0 ], [ 134.514206177772934, -6.725391197845435, 0.0 ], [ 134.512745745320018, -6.723956560646708, 0.0 ], [ 134.509987593852429, -6.722393415723519, 0.0 ] ] ], [ [ [ 134.504012139348788, -6.720397337167387, 0.0 ], [ 134.50699407002034, -6.729943602914882, 0.0 ], [ 134.515491985267033, -6.726615372101711, 0.0 ], [ 134.512387925762312, -6.742499979590359, 0.0 ], [ 134.513345022954468, -6.746825929972625, 0.0 ], [ 134.515395337824714, -6.749445583147099, 0.0 ], [ 134.516995364844291, -6.749916417808403, 0.0 ], [ 134.517393608028669, -6.753241123279156, 0.0 ], [ 134.480165814001197, -6.761703914603937, 0.0 ], [ 134.495013721705959, -6.723059262075263, 0.0 ], [ 134.504012139348788, -6.720397337167387, 0.0 ] ] ], [ [ [ 134.509500244041078, -6.718576136279601, 0.0 ], [ 134.510288559169624, -6.719322810998899, 0.0 ], [ 134.508598546885565, -6.718748051581239, 0.0 ], [ 134.509195792052225, -6.718883681936364, 0.0 ], [ 134.509500244041078, -6.718576136279601, 0.0 ] ] ], [ [ [ 134.504305556656135, -6.719832645659966, 0.0 ], [ 134.510406004333731, -6.719531498679635, 0.0 ], [ 134.509988272840587, -6.721714986057651, 0.0 ], [ 134.504305556656135, -6.719832645659966, 0.0 ] ] ], [ [ [ 134.505954452835823, -6.717809957063795, 0.0 ], [ 134.509297990110241, -6.71853806527947, 0.0 ], [ 134.505552605168674, -6.718143112714418, 0.0 ], [ 134.505954452835823, -6.717809957063795, 0.0 ] ] ], [ [ [ 134.505418915550536, -6.716130301372284, 0.0 ], [ 134.506384763146315, -6.717290260437085, 0.0 ], [ 134.504841941102768, -6.716288019076781, 0.0 ], [ 134.505418915550536, -6.716130301372284, 0.0 ] ] ], [ [ [ 134.510241563297541, -6.713540353704309, 0.0 ], [ 134.515171108959521, -6.717953029308869, 0.0 ], [ 134.503666074829539, -6.714928146117031, 0.0 ], [ 134.504245588962817, -6.712260238918847, 0.0 ], [ 134.50515633779483, -6.71391293833146, 0.0 ], [ 134.506824245642491, -6.712291108148064, 0.0 ], [ 134.510241563297541, -6.713540353704309, 0.0 ] ] ], [ [ [ 134.502166127065124, -6.711962453604307, 0.0 ], [ 134.501221475590683, -6.711936740188377, 0.0 ], [ 134.502112588625153, -6.711117744688159, 0.0 ], [ 134.502166127065124, -6.711962453604307, 0.0 ] ] ], [ [ [ 134.501456368616573, -6.71075581792662, 0.0 ], [ 134.50111956081912, -6.710857669745599, 0.0 ], [ 134.501373568035802, -6.710451079953276, 0.0 ], [ 134.501456368616573, -6.71075581792662, 0.0 ] ] ], [ [ [ 134.504484597286364, -6.710779240769308, 0.0 ], [ 134.507436674962634, -6.710612607186021, 0.0 ], [ 134.505386810652851, -6.713341227615536, 0.0 ], [ 134.504484597286364, -6.710779240769308, 0.0 ] ] ], [ [ [ 134.505103990057137, -6.709919012252533, 0.0 ], [ 134.504694088961031, -6.710241540614596, 0.0 ], [ 134.504606078607708, -6.710158758020216, 0.0 ], [ 134.505103990057137, -6.709919012252533, 0.0 ] ] ], [ [ [ 134.50804251315148, -6.7098612865691, 0.0 ], [ 134.510634951941626, -6.7130694677817, 0.0 ], [ 134.506937760769119, -6.71187850998514, 0.0 ], [ 134.50804251315148, -6.7098612865691, 0.0 ] ] ], [ [ [ 134.500150833594176, -6.709295255971241, 0.0 ], [ 134.501353651649737, -6.710159000837183, 0.0 ], [ 134.500412574980345, -6.711165037336534, 0.0 ], [ 134.500150833594176, -6.709295255971241, 0.0 ] ] ], [ [ [ 134.500607898735552, -6.708197272785891, 0.0 ], [ 134.500053517056244, -6.708388930904422, 0.0 ], [ 134.500483805783119, -6.707886199988059, 0.0 ], [ 134.500607898735552, -6.708197272785891, 0.0 ] ] ], [ [ [ 134.502591412863438, -6.704081169310498, 0.0 ], [ 134.502768299617401, -6.704250499960533, 0.0 ], [ 134.502497636956491, -6.70449873892565, 0.0 ], [ 134.502591412863438, -6.704081169310498, 0.0 ] ] ], [ [ [ 134.468503504633105, -6.700135294008617, 0.0 ], [ 134.469069411124451, -6.706277364109051, 0.0 ], [ 134.468252713392076, -6.706136559954227, 0.0 ], [ 134.468503504633105, -6.700135294008617, 0.0 ] ] ], [ [ [ 134.474330097056395, -6.698437009760098, 0.0 ], [ 134.473831475142589, -6.69831181693679, 0.0 ], [ 134.473949107365485, -6.697777686191201, 0.0 ], [ 134.474330097056395, -6.698437009760098, 0.0 ] ] ], [ [ [ 134.497066464745672, -6.696280508338751, 0.0 ], [ 134.496758422663078, -6.696407402679387, 0.0 ], [ 134.496893552995175, -6.696158213130924, 0.0 ], [ 134.497066464745672, -6.696280508338751, 0.0 ] ] ], [ [ [ 134.499598105768086, -6.708227004372683, 0.0 ], [ 134.495637333196385, -6.709362709621284, 0.0 ], [ 134.504381168056454, -6.695604899846223, 0.0 ], [ 134.505757728836244, -6.698800566093225, 0.0 ], [ 134.499598105768086, -6.708227004372683, 0.0 ] ] ], [ [ [ 134.496960399602784, -6.695484093915719, 0.0 ], [ 134.496685172882536, -6.695878151655314, 0.0 ], [ 134.496825612811818, -6.695407628159415, 0.0 ], [ 134.496960399602784, -6.695484093915719, 0.0 ] ] ], [ [ [ 134.502219121415379, -6.696619868412127, 0.0 ], [ 134.503387436081454, -6.695895322411153, 0.0 ], [ 134.502331420658606, -6.698271323163033, 0.0 ], [ 134.502219121415379, -6.696619868412127, 0.0 ] ] ], [ [ [ 134.501557957833626, -6.697530071355721, 0.0 ], [ 134.498837406121453, -6.69892056083519, 0.0 ], [ 134.500527813208123, -6.695205248323503, 0.0 ], [ 134.501557957833626, -6.697530071355721, 0.0 ] ] ], [ [ [ 134.502539753107158, -6.69562822826009, 0.0 ], [ 134.501400367832758, -6.696302930235979, 0.0 ], [ 134.50160403010193, -6.694704996838111, 0.0 ], [ 134.502539753107158, -6.69562822826009, 0.0 ] ] ], [ [ [ 134.494148728580996, -6.695305666623134, 0.0 ], [ 134.493153284296682, -6.695770206929445, 0.0 ], [ 134.494218103182988, -6.694659528914108, 0.0 ], [ 134.494148728580996, -6.695305666623134, 0.0 ] ] ], [ [ [ 134.475150807563779, -6.692431257096824, 0.0 ], [ 134.474855328110948, -6.692713340248416, 0.0 ], [ 134.474848233359324, -6.692207053412761, 0.0 ], [ 134.475150807563779, -6.692431257096824, 0.0 ] ] ], [ [ [ 134.501851018110131, -6.693430081932642, 0.0 ], [ 134.503981845685644, -6.693453888785842, 0.0 ], [ 134.503126707331745, -6.694704711753, 0.0 ], [ 134.501851018110131, -6.693430081932642, 0.0 ] ] ], [ [ [ 134.495151689398966, -6.692475092751308, 0.0 ], [ 134.494211846599455, -6.693318772843052, 0.0 ], [ 134.494811304098477, -6.691897236967818, 0.0 ], [ 134.495151689398966, -6.692475092751308, 0.0 ] ] ], [ [ [ 134.492329648294685, -6.707261113609401, 0.0 ], [ 134.498477305883029, -6.697696477410434, 0.0 ], [ 134.498311407945152, -6.703166155893284, 0.0 ], [ 134.492329648294685, -6.707261113609401, 0.0 ] ] ], [ [ [ 134.449583204101543, -6.690448261877772, 0.0 ], [ 134.457807647205186, -6.690251327436751, 0.0 ], [ 134.452073139963602, -6.696132005987269, 0.0 ], [ 134.449583204101543, -6.690448261877772, 0.0 ] ] ], [ [ [ 134.744860381401537, -6.682546979359553, 0.0 ], [ 134.74535709315532, -6.683141844020816, 0.0 ], [ 134.744856454961479, -6.683111506290888, 0.0 ], [ 134.744860381401537, -6.682546979359553, 0.0 ] ] ], [ [ [ 134.49601460778797, -6.684749507183944, 0.0 ], [ 134.491308717223546, -6.700375689086772, 0.0 ], [ 134.481193716616758, -6.709877524727918, 0.0 ], [ 134.473435812113053, -6.694721660376305, 0.0 ], [ 134.486571068899849, -6.682783329287182, 0.0 ], [ 134.49601460778797, -6.684749507183944, 0.0 ] ] ], [ [ [ 134.745219649767165, -6.681946744846349, 0.0 ], [ 134.745599173563022, -6.682100220448798, 0.0 ], [ 134.745157783604952, -6.682254884954978, 0.0 ], [ 134.745219649767165, -6.681946744846349, 0.0 ] ] ], [ [ [ 134.496372723222606, -6.680437597017423, 0.0 ], [ 134.495873624668121, -6.680788177932032, 0.0 ], [ 134.495917320927703, -6.680358269618373, 0.0 ], [ 134.496372723222606, -6.680437597017423, 0.0 ] ] ], [ [ [ 134.785746775793115, -6.678282888844204, 0.0 ], [ 134.795219370877362, -6.688675340194709, 0.0 ], [ 134.800831255558023, -6.68530432233652, 0.0 ], [ 134.797239179844354, -6.689008781829812, 0.0 ], [ 134.793389998749518, -6.689027259300565, 0.0 ], [ 134.785344648436904, -6.682706306850576, 0.0 ], [ 134.784714089683604, -6.67943454806588, 0.0 ], [ 134.785746775793115, -6.678282888844204, 0.0 ] ] ], [ [ [ 134.502693955361764, -6.675278529080834, 0.0 ], [ 134.503263592241126, -6.676743385298937, 0.0 ], [ 134.502154136404329, -6.677884291326989, 0.0 ], [ 134.502693955361764, -6.675278529080834, 0.0 ] ] ], [ [ [ 134.500803160437556, -6.672985164333837, 0.0 ], [ 134.501452753341937, -6.673013717808799, 0.0 ], [ 134.501092264596423, -6.673424174685819, 0.0 ], [ 134.500803160437556, -6.672985164333837, 0.0 ] ] ], [ [ [ 134.503692629111583, -6.6718364953579, 0.0 ], [ 134.503039656554932, -6.67451281571381, 0.0 ], [ 134.502304610969134, -6.67446401939891, 0.0 ], [ 134.503692629111583, -6.6718364953579, 0.0 ] ] ], [ [ [ 134.501783803679729, -6.672166515072568, 0.0 ], [ 134.501344637744836, -6.672302771355802, 0.0 ], [ 134.501462575737349, -6.671602582593009, 0.0 ], [ 134.501783803679729, -6.672166515072568, 0.0 ] ] ], [ [ [ 134.501150304143266, -6.671772175845162, 0.0 ], [ 134.500753679738665, -6.671878023352099, 0.0 ], [ 134.500855250969209, -6.671553264671352, 0.0 ], [ 134.501150304143266, -6.671772175845162, 0.0 ] ] ], [ [ [ 134.504444914701139, -6.671253179790408, 0.0 ], [ 134.503536303557667, -6.671463429593486, 0.0 ], [ 134.503867702832281, -6.670863351562399, 0.0 ], [ 134.504444914701139, -6.671253179790408, 0.0 ] ] ], [ [ [ 134.437922614237294, -6.671384919678206, 0.0 ], [ 134.433878176836402, -6.674644364945407, 0.0 ], [ 134.435231672703594, -6.67036929370786, 0.0 ], [ 134.437922614237294, -6.671384919678206, 0.0 ] ] ], [ [ [ 134.500317530130047, -6.669708238044673, 0.0 ], [ 134.500638431618455, -6.670860778601976, 0.0 ], [ 134.499706508248778, -6.671066473339041, 0.0 ], [ 134.500317530130047, -6.669708238044673, 0.0 ] ] ], [ [ [ 134.50229310864006, -6.670056737028744, 0.0 ], [ 134.501543857363231, -6.670075891689002, 0.0 ], [ 134.502147283570366, -6.669351212588363, 0.0 ], [ 134.50229310864006, -6.670056737028744, 0.0 ] ] ], [ [ [ 134.501205485644761, -6.668355762008797, 0.0 ], [ 134.500898821323631, -6.668570199055405, 0.0 ], [ 134.500925541980251, -6.668320189325242, 0.0 ], [ 134.501205485644761, -6.668355762008797, 0.0 ] ] ], [ [ [ 134.502874791938211, -6.667782528740655, 0.0 ], [ 134.503739776069921, -6.668763475054255, 0.0 ], [ 134.50302236798791, -6.669448164900852, 0.0 ], [ 134.502874791938211, -6.667782528740655, 0.0 ] ] ], [ [ [ 134.503403857701954, -6.667073666916127, 0.0 ], [ 134.503183757624328, -6.667261048758347, 0.0 ], [ 134.503192680697737, -6.667052846711456, 0.0 ], [ 134.503403857701954, -6.667073666916127, 0.0 ] ] ], [ [ [ 134.527743398239323, -6.666035029992638, 0.0 ], [ 134.528466754437204, -6.666337221085853, 0.0 ], [ 134.528309710324976, -6.66655137304735, 0.0 ], [ 134.527743398239323, -6.666035029992638, 0.0 ] ] ], [ [ [ 134.433312966420317, -6.666065043067241, 0.0 ], [ 134.432035108933235, -6.666524053442283, 0.0 ], [ 134.433237425167164, -6.665378048258289, 0.0 ], [ 134.433312966420317, -6.666065043067241, 0.0 ] ] ], [ [ [ 134.513924530792536, -6.663241895796793, 0.0 ], [ 134.5281271236679, -6.692476803261797, 0.0 ], [ 134.516588622167234, -6.710715361924339, 0.0 ], [ 134.508784166056444, -6.709013992102068, 0.0 ], [ 134.504270463311286, -6.709487337670409, 0.0 ], [ 134.504019722432275, -6.711032158906941, 0.0 ], [ 134.502086117080722, -6.710688370571808, 0.0 ], [ 134.506335684444423, -6.697647814195288, 0.0 ], [ 134.503447151964536, -6.690968011564439, 0.0 ], [ 134.510041837360973, -6.678384059876378, 0.0 ], [ 134.511434511293686, -6.6710301056548, 0.0 ], [ 134.511136233150779, -6.669605101993773, 0.0 ], [ 134.510317696304639, -6.668224811725646, 0.0 ], [ 134.511059070419833, -6.667586688774633, 0.0 ], [ 134.513301280829523, -6.664518997853434, 0.0 ], [ 134.513924530792536, -6.663241895796793, 0.0 ] ] ], [ [ [ 134.503951858691352, -6.667087734111624, 0.0 ], [ 134.513585073592424, -6.66343378414174, 0.0 ], [ 134.510125532767233, -6.6681341627614, 0.0 ], [ 134.509878319029212, -6.677914648841891, 0.0 ], [ 134.50316150569904, -6.689242110934649, 0.0 ], [ 134.501722870114435, -6.679382058235354, 0.0 ], [ 134.503075740952795, -6.677981332672348, 0.0 ], [ 134.504529926714753, -6.671413317570511, 0.0 ], [ 134.503951858691352, -6.667087734111624, 0.0 ] ] ], [ [ [ 134.440629980089597, -6.662409893401814, 0.0 ], [ 134.437030960710388, -6.663400538004431, 0.0 ], [ 134.438583202253056, -6.661071915336584, 0.0 ], [ 134.440629980089597, -6.662409893401814, 0.0 ] ] ], [ [ [ 134.528564341671142, -6.661123078667134, 0.0 ], [ 134.532005518340071, -6.658935759277788, 0.0 ], [ 134.529844461852463, -6.663845330997179, 0.0 ], [ 134.528846307910811, -6.662407273676666, 0.0 ], [ 134.528564341671142, -6.661123078667134, 0.0 ] ] ], [ [ [ 134.739277160812378, -6.652917401716677, 0.0 ], [ 134.738167339850861, -6.652948430125853, 0.0 ], [ 134.738274897868394, -6.652716682928509, 0.0 ], [ 134.739277160812378, -6.652917401716677, 0.0 ] ] ], [ [ [ 134.760934772821514, -6.633151567590704, 0.0 ], [ 134.760411290948383, -6.633351442814809, 0.0 ], [ 134.760725040128619, -6.633025434076493, 0.0 ], [ 134.760934772821514, -6.633151567590704, 0.0 ] ] ], [ [ [ 134.772110486010263, -6.601347008357709, 0.0 ], [ 134.796867846174223, -6.626807578107189, 0.0 ], [ 134.796477615050037, -6.636093423572635, 0.0 ], [ 134.781569994160009, -6.641601281873547, 0.0 ], [ 134.762726249317012, -6.633954050638894, 0.0 ], [ 134.763357699298467, -6.623347009356965, 0.0 ], [ 134.754747024355822, -6.609005006275996, 0.0 ], [ 134.772110486010263, -6.601347008357709, 0.0 ] ] ], [ [ [ 134.767081729837969, -6.600016078279295, 0.0 ], [ 134.767002018428514, -6.599943504788878, 0.0 ], [ 134.767098386181573, -6.599932796561329, 0.0 ], [ 134.767081729837969, -6.600016078279295, 0.0 ] ] ], [ [ [ 134.763329605377066, -6.601567391721711, 0.0 ], [ 134.760597059406763, -6.603279603770654, 0.0 ], [ 134.761158443207734, -6.599848032760462, 0.0 ], [ 134.763329605377066, -6.601567391721711, 0.0 ] ] ], [ [ [ 134.769115677046955, -6.59898319791619, 0.0 ], [ 134.768987186409618, -6.599051606646337, 0.0 ], [ 134.769032990680046, -6.598952611973433, 0.0 ], [ 134.769115677046955, -6.59898319791619, 0.0 ] ] ], [ [ [ 134.601494060802338, -6.598620427590588, 0.0 ], [ 134.603196564669815, -6.619313410585351, 0.0 ], [ 134.589449296747773, -6.63007929822104, 0.0 ], [ 134.583190583678515, -6.609359034291965, 0.0 ], [ 134.601494060802338, -6.598620427590588, 0.0 ] ] ], [ [ [ 134.758409474717467, -6.599532476842266, 0.0 ], [ 134.759801975081103, -6.59970034789266, 0.0 ], [ 134.759620346202041, -6.600344826352592, 0.0 ], [ 134.758409474717467, -6.599532476842266, 0.0 ] ] ], [ [ [ 134.760588782946002, -6.596701948835796, 0.0 ], [ 134.760315145327837, -6.596804860955511, 0.0 ], [ 134.760469215382074, -6.596612719001697, 0.0 ], [ 134.760588782946002, -6.596701948835796, 0.0 ] ] ], [ [ [ 134.779600439308894, -6.60205036273405, 0.0 ], [ 134.785609243371937, -6.598182836368752, 0.0 ], [ 134.787672235085665, -6.603711513075864, 0.0 ], [ 134.779600439308894, -6.60205036273405, 0.0 ] ] ], [ [ [ 134.683540860422454, -6.593816994758476, 0.0 ], [ 134.68272863232059, -6.594203719426054, 0.0 ], [ 134.682694961703191, -6.593620689842864, 0.0 ], [ 134.683540860422454, -6.593816994758476, 0.0 ] ] ], [ [ [ 134.736558331302064, -6.594900452993428, 0.0 ], [ 134.737792795601109, -6.591408908893984, 0.0 ], [ 134.741834547626354, -6.596091807390962, 0.0 ], [ 134.736558331302064, -6.594900452993428, 0.0 ] ] ], [ [ [ 134.729290970102312, -6.591184790645491, 0.0 ], [ 134.726908837772697, -6.592017499907658, 0.0 ], [ 134.727516544752802, -6.586974678338623, 0.0 ], [ 134.729290970102312, -6.591184790645491, 0.0 ] ] ], [ [ [ 134.730146939429801, -6.584364066948093, 0.0 ], [ 134.735281263419694, -6.586244633882713, 0.0 ], [ 134.737419209129229, -6.590524093811804, 0.0 ], [ 134.732376744591221, -6.590720096555173, 0.0 ], [ 134.730146939429801, -6.584364066948093, 0.0 ] ] ], [ [ [ 134.762014259650414, -6.583627762311365, 0.0 ], [ 134.761143413737614, -6.583994842188171, 0.0 ], [ 134.761935211041163, -6.583412880999599, 0.0 ], [ 134.762014259650414, -6.583627762311365, 0.0 ] ] ], [ [ [ 134.704533414785374, -6.578673210999834, 0.0 ], [ 134.726626244705443, -6.585543545797971, 0.0 ], [ 134.726699620391315, -6.592068269335164, 0.0 ], [ 134.730221214437478, -6.597710919823, 0.0 ], [ 134.752834818372207, -6.609732710696007, 0.0 ], [ 134.760964403684426, -6.62784976915141, 0.0 ], [ 134.737312472192968, -6.652510540329074, 0.0 ], [ 134.740098067371918, -6.702778042672523, 0.0 ], [ 134.712044876270085, -6.719429440915884, 0.0 ], [ 134.71273314541844, -6.731479982215375, 0.0 ], [ 134.696521479682616, -6.744859592895906, 0.0 ], [ 134.685068304059087, -6.776309901980397, 0.0 ], [ 134.67182685262722, -6.784026721855677, 0.0 ], [ 134.665632325071783, -6.776522874031325, 0.0 ], [ 134.653113496890484, -6.779861072930141, 0.0 ], [ 134.643224137084303, -6.76062575967105, 0.0 ], [ 134.622612245059145, -6.756726150891072, 0.0 ], [ 134.636055523243812, -6.727754174615423, 0.0 ], [ 134.62498868737805, -6.711119815826797, 0.0 ], [ 134.644469296121173, -6.704977457943321, 0.0 ], [ 134.661527011662287, -6.685478590264696, 0.0 ], [ 134.6738690816928, -6.663477011854616, 0.0 ], [ 134.671770298760293, -6.63078581641228, 0.0 ], [ 134.680221135397062, -6.625414637975061, 0.0 ], [ 134.685589402728908, -6.594627822615865, 0.0 ], [ 134.704533414785374, -6.578673210999834, 0.0 ] ] ], [ [ [ 134.527405599388999, -6.578187854086152, 0.0 ], [ 134.527680426810349, -6.578012962927885, 0.0 ], [ 134.52759119697626, -6.578309205905057, 0.0 ], [ 134.527405599388999, -6.578187854086152, 0.0 ] ] ], [ [ [ 134.524593645980019, -6.573235408087522, 0.0 ], [ 134.524285785560664, -6.573279178990869, 0.0 ], [ 134.52464421036214, -6.57280948377064, 0.0 ], [ 134.524593645980019, -6.573235408087522, 0.0 ] ] ], [ [ [ 134.486478177925648, -6.56960702224623, 0.0 ], [ 134.485047643434086, -6.570386599561821, 0.0 ], [ 134.484831536346377, -6.570248999691567, 0.0 ], [ 134.486478177925648, -6.56960702224623, 0.0 ] ] ], [ [ [ 134.485395309645895, -6.568751085294337, 0.0 ], [ 134.485176742912472, -6.568534612182545, 0.0 ], [ 134.485454098328091, -6.568476380180747, 0.0 ], [ 134.485395309645895, -6.568751085294337, 0.0 ] ] ], [ [ [ 134.762324735298279, -6.563914998977952, 0.0 ], [ 134.76565613891978, -6.565641138827497, 0.0 ], [ 134.763088542102651, -6.567813983628382, 0.0 ], [ 134.762324735298279, -6.563914998977952, 0.0 ] ] ], [ [ [ 134.763793587204333, -6.563037540350151, 0.0 ], [ 134.76344868011256, -6.56313349171718, 0.0 ], [ 134.763533604892018, -6.562873458143573, 0.0 ], [ 134.763793587204333, -6.563037540350151, 0.0 ] ] ], [ [ [ 134.710543903278591, -6.56080602287961, 0.0 ], [ 134.707014129898141, -6.56144202522924, 0.0 ], [ 134.707088746648452, -6.559519790905614, 0.0 ], [ 134.710543903278591, -6.56080602287961, 0.0 ] ] ], [ [ [ 134.733823288813852, -6.555803514320661, 0.0 ], [ 134.73354727069011, -6.555925341880967, 0.0 ], [ 134.733573921199536, -6.55576924925139, 0.0 ], [ 134.733823288813852, -6.555803514320661, 0.0 ] ] ], [ [ [ 134.8073301928342, -6.554588711000146, 0.0 ], [ 134.808715127201367, -6.555865744708259, 0.0 ], [ 134.808672296989016, -6.556436815106873, 0.0 ], [ 134.8073301928342, -6.554588711000146, 0.0 ] ] ], [ [ [ 134.804617100099108, -6.551363566775129, 0.0 ], [ 134.804634946245869, -6.552178532413303, 0.0 ], [ 134.804373205758907, -6.551527155253981, 0.0 ], [ 134.804617100099108, -6.551363566775129, 0.0 ] ] ], [ [ [ 134.714331609416291, -6.547995066119387, 0.0 ], [ 134.712726161283371, -6.547955454580538, 0.0 ], [ 134.714303055042052, -6.547509656145659, 0.0 ], [ 134.714331609416291, -6.547995066119387, 0.0 ] ] ], [ [ [ 134.723446935327786, -6.545304618313422, 0.0 ], [ 134.735341678075997, -6.560911383853244, 0.0 ], [ 134.724828163588995, -6.571623241119688, 0.0 ], [ 134.707711484897146, -6.558038870097763, 0.0 ], [ 134.723446935327786, -6.545304618313422, 0.0 ] ] ], [ [ [ 134.552930220653252, -6.543253635247019, 0.0 ], [ 134.550524204128834, -6.544460565902347, 0.0 ], [ 134.551788755246861, -6.542248483680505, 0.0 ], [ 134.552930220653252, -6.543253635247019, 0.0 ] ] ], [ [ [ 134.213464589319443, -6.541259129605129, 0.0 ], [ 134.217078989803582, -6.542886681275276, 0.0 ], [ 134.215626329291695, -6.545425566336752, 0.0 ], [ 134.213464589319443, -6.541259129605129, 0.0 ] ] ], [ [ [ 134.221630899346565, -6.537927407623715, 0.0 ], [ 134.218504286643622, -6.537183113409898, 0.0 ], [ 134.219251438003511, -6.535788748751673, 0.0 ], [ 134.221630899346565, -6.537927407623715, 0.0 ] ] ], [ [ [ 134.558931003662934, -6.535730665138021, 0.0 ], [ 134.558386060368434, -6.541930133568811, 0.0 ], [ 134.548868034232385, -6.537934756883494, 0.0 ], [ 134.550961271045963, -6.536138763093361, 0.0 ], [ 134.558931003662934, -6.535730665138021, 0.0 ] ] ], [ [ [ 134.562861993386349, -6.534933701229288, 0.0 ], [ 134.560645857920122, -6.535095727585708, 0.0 ], [ 134.563869154038287, -6.533871682831797, 0.0 ], [ 134.562861993386349, -6.534933701229288, 0.0 ] ] ], [ [ [ 134.770169400997162, -6.535349262658289, 0.0 ], [ 134.768613233913698, -6.534963789847018, 0.0 ], [ 134.768998175225704, -6.533758676721461, 0.0 ], [ 134.770169400997162, -6.535349262658289, 0.0 ] ] ], [ [ [ 134.771909615236638, -6.533604525728246, 0.0 ], [ 134.771785042046133, -6.534056773201494, 0.0 ], [ 134.77157036038389, -6.533751370629196, 0.0 ], [ 134.771909615236638, -6.533604525728246, 0.0 ] ] ], [ [ [ 134.770213724084243, -6.533490678751778, 0.0 ], [ 134.769523996235534, -6.53358647813345, 0.0 ], [ 134.769563682418038, -6.533337729252756, 0.0 ], [ 134.770213724084243, -6.533490678751778, 0.0 ] ] ], [ [ [ 134.560968620105797, -6.540958866658356, 0.0 ], [ 134.559643861175346, -6.53670614896951, 0.0 ], [ 134.563811615413783, -6.535036291391697, 0.0 ], [ 134.567499728829489, -6.532325707765167, 0.0 ], [ 134.560968620105797, -6.540958866658356, 0.0 ] ] ], [ [ [ 134.766836965853344, -6.532725906974938, 0.0 ], [ 134.765951807230124, -6.532675937944158, 0.0 ], [ 134.766697767887734, -6.532190527970431, 0.0 ], [ 134.766836965853344, -6.532725906974938, 0.0 ] ] ], [ [ [ 134.77486284404506, -6.532175607318339, 0.0 ], [ 134.773692149772955, -6.532494454755237, 0.0 ], [ 134.773982443734894, -6.531523634807871, 0.0 ], [ 134.77486284404506, -6.532175607318339, 0.0 ] ] ], [ [ [ 134.774194073098101, -6.529537973098946, 0.0 ], [ 134.773453314119223, -6.529989943580964, 0.0 ], [ 134.77361751773438, -6.529402022585166, 0.0 ], [ 134.774194073098101, -6.529537973098946, 0.0 ] ] ], [ [ [ 134.568279609216717, -6.53063237158669, 0.0 ], [ 134.566782569859782, -6.531426156391954, 0.0 ], [ 134.567808475980456, -6.528448027154691, 0.0 ], [ 134.568279609216717, -6.53063237158669, 0.0 ] ] ], [ [ [ 134.566575518045795, -6.528640842700709, 0.0 ], [ 134.565923546434504, -6.529393942176646, 0.0 ], [ 134.566262618725005, -6.527984110977928, 0.0 ], [ 134.566575518045795, -6.528640842700709, 0.0 ] ] ], [ [ [ 134.21142772470975, -6.527825786231015, 0.0 ], [ 134.211149327879269, -6.527797231856684, 0.0 ], [ 134.211309942300062, -6.527634238729067, 0.0 ], [ 134.21142772470975, -6.527825786231015, 0.0 ] ] ], [ [ [ 134.772629191583945, -6.52725879066061, 0.0 ], [ 134.771939208327893, -6.52794258837968, 0.0 ], [ 134.771572006143344, -6.527394002830959, 0.0 ], [ 134.772629191583945, -6.52725879066061, 0.0 ] ] ], [ [ [ 134.770867231737384, -6.523300337440555, 0.0 ], [ 134.770499631153086, -6.523639397140427, 0.0 ], [ 134.7705223866989, -6.523322795310697, 0.0 ], [ 134.770867231737384, -6.523300337440555, 0.0 ] ] ], [ [ [ 134.771415586160401, -6.523277971301304, 0.0 ], [ 134.771257173279992, -6.523560587750835, 0.0 ], [ 134.771262972108531, -6.523238324688822, 0.0 ], [ 134.771415586160401, -6.523277971301304, 0.0 ] ] ], [ [ [ 134.5544931470412, -6.524800642235799, 0.0 ], [ 134.555598748383574, -6.527624793149637, 0.0 ], [ 134.554104933096284, -6.529114048874155, 0.0 ], [ 134.5544931470412, -6.524800642235799, 0.0 ] ] ], [ [ [ 134.216944802860439, -6.521405404735584, 0.0 ], [ 134.212075235683642, -6.527404025775122, 0.0 ], [ 134.211350689682604, -6.526904339063914, 0.0 ], [ 134.216944802860439, -6.521405404735584, 0.0 ] ] ], [ [ [ 134.216219166881132, -6.520968773989714, 0.0 ], [ 134.216013937992926, -6.520971748047692, 0.0 ], [ 134.216225114997087, -6.520891441286984, 0.0 ], [ 134.216219166881132, -6.520968773989714, 0.0 ] ] ], [ [ [ 134.219851870367592, -6.521607064214566, 0.0 ], [ 134.218044669226146, -6.52209961300663, 0.0 ], [ 134.220384868866631, -6.520398298042966, 0.0 ], [ 134.219851870367592, -6.521607064214566, 0.0 ] ] ], [ [ [ 134.217205652119247, -6.520361614696738, 0.0 ], [ 134.21710452425441, -6.520394332032779, 0.0 ], [ 134.217146164663859, -6.520311051214004, 0.0 ], [ 134.217205652119247, -6.520361614696738, 0.0 ] ] ], [ [ [ 134.214549081774749, -6.52079299070392, 0.0 ], [ 134.21050399866067, -6.522529997960972, 0.0 ], [ 134.214196921650654, -6.519414092586277, 0.0 ], [ 134.214549081774749, -6.52079299070392, 0.0 ] ] ], [ [ [ 134.223818430975825, -6.518715780708621, 0.0 ], [ 134.223271154839949, -6.518373139009074, 0.0 ], [ 134.223899333087871, -6.517978147773266, 0.0 ], [ 134.223818430975825, -6.518715780708621, 0.0 ] ] ], [ [ [ 134.215110634648113, -6.51881327980897, 0.0 ], [ 134.213849520738904, -6.518741896121564, 0.0 ], [ 134.214201680862971, -6.517890049286271, 0.0 ], [ 134.215110634648113, -6.51881327980897, 0.0 ] ] ], [ [ [ 134.226681875068522, -6.51702921912312, 0.0 ], [ 134.218263961712552, -6.535074435236935, 0.0 ], [ 134.217740479839307, -6.538058278766527, 0.0 ], [ 134.219183623725399, -6.541449248983592, 0.0 ], [ 134.217494205893018, -6.543414683141061, 0.0 ], [ 134.213326580257558, -6.531513808815229, 0.0 ], [ 134.226681875068522, -6.51702921912312, 0.0 ] ] ], [ [ [ 134.560308097740631, -6.516278270825441, 0.0 ], [ 134.559817844018312, -6.516373028792159, 0.0 ], [ 134.560189906139243, -6.515390338693087, 0.0 ], [ 134.560308097740631, -6.516278270825441, 0.0 ] ] ], [ [ [ 134.770106271287432, -6.512266609216581, 0.0 ], [ 134.771249913053083, -6.51463324263, 0.0 ], [ 134.769141798755129, -6.513693753264053, 0.0 ], [ 134.770106271287432, -6.512266609216581, 0.0 ] ] ], [ [ [ 134.766794691422007, -6.511345537966199, 0.0 ], [ 134.766028505011604, -6.511488305340921, 0.0 ], [ 134.766344884708701, -6.510922108368592, 0.0 ], [ 134.766794691422007, -6.511345537966199, 0.0 ] ] ], [ [ [ 134.574770746672698, -6.510740474093594, 0.0 ], [ 134.573916838591401, -6.511141166131899, 0.0 ], [ 134.574612673735913, -6.510497231761806, 0.0 ], [ 134.574770746672698, -6.510740474093594, 0.0 ] ] ], [ [ [ 134.56496988375315, -6.510477050975076, 0.0 ], [ 134.564290584443, -6.510641084618366, 0.0 ], [ 134.564836399180507, -6.510117850058687, 0.0 ], [ 134.56496988375315, -6.510477050975076, 0.0 ] ] ], [ [ [ 134.773009164141627, -6.511988060400568, 0.0 ], [ 134.77636734237899, -6.510451296190282, 0.0 ], [ 134.773358989625763, -6.515348227039012, 0.0 ], [ 134.773009164141627, -6.511988060400568, 0.0 ] ] ], [ [ [ 134.212226034903694, -6.509890597672888, 0.0 ], [ 134.212051143745327, -6.509958412850451, 0.0 ], [ 134.212033297598651, -6.509865613607139, 0.0 ], [ 134.212226034903694, -6.509890597672888, 0.0 ] ] ], [ [ [ 134.779075666009248, -6.509847959915386, 0.0 ], [ 134.778651584403121, -6.510113502735918, 0.0 ], [ 134.778685637232485, -6.50980255944054, 0.0 ], [ 134.779075666009248, -6.509847959915386, 0.0 ] ] ], [ [ [ 134.212425313877304, -6.50925052319307, 0.0 ], [ 134.21234679227075, -6.509286214587088, 0.0 ], [ 134.212353931089069, -6.509238626061701, 0.0 ], [ 134.212425313877304, -6.50925052319307, 0.0 ] ] ], [ [ [ 134.566157075188983, -6.509387573577622, 0.0 ], [ 134.565382330830005, -6.509754398047, 0.0 ], [ 134.566129136850208, -6.509008753051474, 0.0 ], [ 134.566157075188983, -6.509387573577622, 0.0 ] ] ], [ [ [ 134.773690532791846, -6.507939229811547, 0.0 ], [ 134.77357804289241, -6.508216989022823, 0.0 ], [ 134.773434741320386, -6.508098654429321, 0.0 ], [ 134.773690532791846, -6.507939229811547, 0.0 ] ] ], [ [ [ 134.57719246715871, -6.507955236844668, 0.0 ], [ 134.576813506338397, -6.508226297005918, 0.0 ], [ 134.576723270162802, -6.507977459092444, 0.0 ], [ 134.57719246715871, -6.507955236844668, 0.0 ] ] ], [ [ [ 134.578752283691017, -6.508549677925294, 0.0 ], [ 134.592347955593681, -6.528241489752932, 0.0 ], [ 134.576141746944131, -6.547031239300231, 0.0 ], [ 134.563112984276813, -6.545353638559507, 0.0 ], [ 134.578752283691017, -6.508549677925294, 0.0 ] ] ], [ [ [ 134.564504481896364, -6.507617911037737, 0.0 ], [ 134.564350999998766, -6.507769067288542, 0.0 ], [ 134.564355391388347, -6.507593807408244, 0.0 ], [ 134.564504481896364, -6.507617911037737, 0.0 ] ] ], [ [ [ 134.57813122897312, -6.507469804387948, 0.0 ], [ 134.57724931600319, -6.507570833327207, 0.0 ], [ 134.577984573829099, -6.507090884037029, 0.0 ], [ 134.57813122897312, -6.507469804387948, 0.0 ] ] ], [ [ [ 134.495871621877939, -6.507526808815082, 0.0 ], [ 134.504167421689203, -6.523218430785941, 0.0 ], [ 134.489519572670247, -6.530626267887899, 0.0 ], [ 134.485238890562414, -6.52509097666714, 0.0 ], [ 134.494988782606271, -6.512040580808146, 0.0 ], [ 134.496074935210146, -6.509702636667284, 0.0 ], [ 134.495871621877939, -6.507526808815082, 0.0 ] ] ], [ [ [ 134.56292014894575, -6.506953702351463, 0.0 ], [ 134.563733854633739, -6.513301944728926, 0.0 ], [ 134.560809236856812, -6.516269132814116, 0.0 ], [ 134.56292014894575, -6.506953702351463, 0.0 ] ] ], [ [ [ 134.772646460365905, -6.509193989111298, 0.0 ], [ 134.767477080802649, -6.512328928637049, 0.0 ], [ 134.771153348348406, -6.506775266964907, 0.0 ], [ 134.772646460365905, -6.509193989111298, 0.0 ] ] ], [ [ [ 134.77295737578234, -6.507020747709261, 0.0 ], [ 134.772344645189236, -6.507154433730093, 0.0 ], [ 134.772985930156665, -6.506773283959858, 0.0 ], [ 134.77295737578234, -6.507020747709261, 0.0 ] ] ], [ [ [ 134.567227948311228, -6.506465537754273, 0.0 ], [ 134.566565969044291, -6.507177334966022, 0.0 ], [ 134.566719334030154, -6.506312453357025, 0.0 ], [ 134.567227948311228, -6.506465537754273, 0.0 ] ] ], [ [ [ 134.576844816235365, -6.506755194996198, 0.0 ], [ 134.576487896899067, -6.506689760324117, 0.0 ], [ 134.576981634594858, -6.506196020829672, 0.0 ], [ 134.576844816235365, -6.506755194996198, 0.0 ] ] ], [ [ [ 134.776275572859532, -6.498991193089036, 0.0 ], [ 134.775648034029558, -6.499177491248157, 0.0 ], [ 134.776145635212941, -6.498821521595914, 0.0 ], [ 134.776275572859532, -6.498991193089036, 0.0 ] ] ], [ [ [ 134.77467334789668, -6.497906794163181, 0.0 ], [ 134.774109416316605, -6.497835409576495, 0.0 ], [ 134.774630265874208, -6.497744894611194, 0.0 ], [ 134.77467334789668, -6.497906794163181, 0.0 ] ] ], [ [ [ 134.493568808853581, -6.497007819255422, 0.0 ], [ 134.492985835927726, -6.500588808126987, 0.0 ], [ 134.491695692802068, -6.496302064588536, 0.0 ], [ 134.493568808853581, -6.497007819255422, 0.0 ] ] ], [ [ [ 134.585878729219985, -6.493514945957982, 0.0 ], [ 134.58540616965908, -6.493723229843144, 0.0 ], [ 134.585725139403735, -6.493256727216127, 0.0 ], [ 134.585878729219985, -6.493514945957982, 0.0 ] ] ], [ [ [ 134.489317916788536, -6.490523162314047, 0.0 ], [ 134.48926080983864, -6.490770626063539, 0.0 ], [ 134.48921797962609, -6.490542198263753, 0.0 ], [ 134.489317916788536, -6.490523162314047, 0.0 ] ] ], [ [ [ 134.76697769626378, -6.486901231806356, 0.0 ], [ 134.772117330750234, -6.490263410228162, 0.0 ], [ 134.766410194374998, -6.497457947925937, 0.0 ], [ 134.755315585645775, -6.498099502689828, 0.0 ], [ 134.76697769626378, -6.486901231806356, 0.0 ] ] ], [ [ [ 134.15880351117309, -6.486344308642859, 0.0 ], [ 134.156084947862155, -6.486297392810395, 0.0 ], [ 134.159110342768145, -6.485366805833407, 0.0 ], [ 134.15880351117309, -6.486344308642859, 0.0 ] ] ], [ [ [ 134.484974494377582, -6.485485548719065, 0.0 ], [ 134.484733312392621, -6.486350763077179, 0.0 ], [ 134.484511414570193, -6.485072364198156, 0.0 ], [ 134.484974494377582, -6.485485548719065, 0.0 ] ] ], [ [ [ 134.484817506023091, -6.48374579043585, 0.0 ], [ 134.484129094781906, -6.483942417308678, 0.0 ], [ 134.484378771762948, -6.482987207793371, 0.0 ], [ 134.484817506023091, -6.48374579043585, 0.0 ] ] ], [ [ [ 134.575494900569282, -6.484727875291155, 0.0 ], [ 134.573243047628523, -6.485631148958308, 0.0 ], [ 134.575455073193126, -6.482437472910955, 0.0 ], [ 134.575494900569282, -6.484727875291155, 0.0 ] ] ], [ [ [ 134.57277499816766, -6.483387285594659, 0.0 ], [ 134.572742866290326, -6.48403802693334, 0.0 ], [ 134.571934957632322, -6.482374505079295, 0.0 ], [ 134.57277499816766, -6.483387285594659, 0.0 ] ] ], [ [ [ 134.824183156127788, -6.481618954950789, 0.0 ], [ 134.850413526663061, -6.495355491262859, 0.0 ], [ 134.811716887924121, -6.562321197964919, 0.0 ], [ 134.802602490112889, -6.548022207658714, 0.0 ], [ 134.778217103936328, -6.546851676163871, 0.0 ], [ 134.774709074364438, -6.515607250673997, 0.0 ], [ 134.797622194808469, -6.511320063769847, 0.0 ], [ 134.824183156127788, -6.481618954950789, 0.0 ] ] ], [ [ [ 134.84559074311835, -6.481466617890045, 0.0 ], [ 134.845894973873982, -6.481616066328381, 0.0 ], [ 134.845663079187858, -6.481814971183989, 0.0 ], [ 134.84559074311835, -6.481466617890045, 0.0 ] ] ], [ [ [ 134.484890777387534, -6.487215472016387, 0.0 ], [ 134.481012565277751, -6.487836241649151, 0.0 ], [ 134.482412651422806, -6.481211630412335, 0.0 ], [ 134.484890777387534, -6.487215472016387, 0.0 ] ] ], [ [ [ 134.845673548195833, -6.480875084317609, 0.0 ], [ 134.845647278998683, -6.480952749769545, 0.0 ], [ 134.845623294079843, -6.480868230584384, 0.0 ], [ 134.845673548195833, -6.480875084317609, 0.0 ] ] ], [ [ [ 134.577288818724014, -6.48173818976561, 0.0 ], [ 134.576032302149031, -6.482552223706132, 0.0 ], [ 134.577554226646214, -6.480857384760411, 0.0 ], [ 134.577288818724014, -6.48173818976561, 0.0 ] ] ], [ [ [ 134.574042541330272, -6.482663631721123, 0.0 ], [ 134.573405734986807, -6.482318989929396, 0.0 ], [ 134.572832883930431, -6.481560561970293, 0.0 ], [ 134.572739122412599, -6.480832589552302, 0.0 ], [ 134.574042541330272, -6.482663631721123, 0.0 ] ] ], [ [ [ 134.147143029227465, -6.481044344820556, 0.0 ], [ 134.146668153912316, -6.481108559112662, 0.0 ], [ 134.147056011725653, -6.480693698255528, 0.0 ], [ 134.147143029227465, -6.481044344820556, 0.0 ] ] ], [ [ [ 134.573016004784904, -6.480615723436837, 0.0 ], [ 134.572909555631583, -6.480682409965225, 0.0 ], [ 134.572914231206795, -6.480566219355469, 0.0 ], [ 134.573016004784904, -6.480615723436837, 0.0 ] ] ], [ [ [ 134.483768570962837, -6.481851870367431, 0.0 ], [ 134.483597070248607, -6.483748485703948, 0.0 ], [ 134.48250105298132, -6.480437173836399, 0.0 ], [ 134.483768570962837, -6.481851870367431, 0.0 ] ] ], [ [ [ 134.571179853567429, -6.480800926221678, 0.0 ], [ 134.57108670538716, -6.481102130758724, 0.0 ], [ 134.570720739770422, -6.480312829973015, 0.0 ], [ 134.571179853567429, -6.480800926221678, 0.0 ] ] ], [ [ [ 134.145957941306079, -6.479956932266599, 0.0 ], [ 134.14577094077643, -6.480244932057903, 0.0 ], [ 134.145692084622027, -6.480083681816477, 0.0 ], [ 134.145957941306079, -6.479956932266599, 0.0 ] ] ], [ [ [ 134.571170454752718, -6.479946947993191, 0.0 ], [ 134.570780441264475, -6.479894066058271, 0.0 ], [ 134.570717816973655, -6.479398028795983, 0.0 ], [ 134.571170454752718, -6.479946947993191, 0.0 ] ] ], [ [ [ 134.483977292817826, -6.479480387809548, 0.0 ], [ 134.483208031625395, -6.480011046272675, 0.0 ], [ 134.483276583347674, -6.47930158639907, 0.0 ], [ 134.483977292817826, -6.479480387809548, 0.0 ] ] ], [ [ [ 134.586457602136591, -6.478370168448481, 0.0 ], [ 134.586275916600385, -6.478520489229104, 0.0 ], [ 134.58638119123907, -6.47832472570549, 0.0 ], [ 134.586457602136591, -6.478370168448481, 0.0 ] ] ], [ [ [ 134.185286071395183, -6.478299497923405, 0.0 ], [ 134.185185787094497, -6.478281453925908, 0.0 ], [ 134.185266324081681, -6.47823295168937, 0.0 ], [ 134.185286071395183, -6.478299497923405, 0.0 ] ] ], [ [ [ 134.135705985642744, -6.477225486167163, 0.0 ], [ 134.135304699152584, -6.477224802682428, 0.0 ], [ 134.135641210173759, -6.477095351569132, 0.0 ], [ 134.135705985642744, -6.477225486167163, 0.0 ] ] ], [ [ [ 134.572393660439161, -6.480607687994303, 0.0 ], [ 134.570933093087916, -6.479047831891886, 0.0 ], [ 134.574347164190357, -6.476648356136731, 0.0 ], [ 134.572393660439161, -6.480607687994303, 0.0 ] ] ], [ [ [ 134.196848750269623, -6.476311660754489, 0.0 ], [ 134.198063307175971, -6.476706484716458, 0.0 ], [ 134.196656362800923, -6.476449863170578, 0.0 ], [ 134.196848750269623, -6.476311660754489, 0.0 ] ] ], [ [ [ 134.58319612440161, -6.476066556826047, 0.0 ], [ 134.562930027998533, -6.532376945739386, 0.0 ], [ 134.552286023681035, -6.533957628341883, 0.0 ], [ 134.56460413307434, -6.514129676243456, 0.0 ], [ 134.567453563031563, -6.507042406981415, 0.0 ], [ 134.572274731393804, -6.487693930230679, 0.0 ], [ 134.575390026128844, -6.486791957882491, 0.0 ], [ 134.58319612440161, -6.476066556826047, 0.0 ] ] ], [ [ [ 134.573519549587559, -6.479463201765316, 0.0 ], [ 134.577024571826598, -6.480363707319174, 0.0 ], [ 134.5743932310628, -6.482381241001426, 0.0 ], [ 134.573519549587559, -6.479463201765316, 0.0 ] ] ], [ [ [ 134.580821525692926, -6.477945852119297, 0.0 ], [ 134.579886369260635, -6.476828233136426, 0.0 ], [ 134.582222902365061, -6.475591212964086, 0.0 ], [ 134.580821525692926, -6.477945852119297, 0.0 ] ] ], [ [ [ 134.578927175748646, -6.475349137053036, 0.0 ], [ 134.578324737896423, -6.475525516589257, 0.0 ], [ 134.578180506425298, -6.475427529157133, 0.0 ], [ 134.578927175748646, -6.475349137053036, 0.0 ] ] ], [ [ [ 134.193935324555696, -6.473491445273875, 0.0 ], [ 134.193841079202485, -6.473597299076043, 0.0 ], [ 134.193877741864355, -6.473453894081941, 0.0 ], [ 134.193935324555696, -6.473491445273875, 0.0 ] ] ], [ [ [ 134.199415108720359, -6.47250255794665, 0.0 ], [ 134.19890094202492, -6.472399987569303, 0.0 ], [ 134.199474814711095, -6.472273693076395, 0.0 ], [ 134.199415108720359, -6.47250255794665, 0.0 ] ] ], [ [ [ 134.195432513199961, -6.471505270951442, 0.0 ], [ 134.195266879662853, -6.471331162203312, 0.0 ], [ 134.195371368294104, -6.471061910578672, 0.0 ], [ 134.195432513199961, -6.471505270951442, 0.0 ] ] ], [ [ [ 134.480563715443225, -6.473515163094205, 0.0 ], [ 134.479155218838258, -6.474565295152227, 0.0 ], [ 134.479142146293071, -6.470774528621596, 0.0 ], [ 134.480563715443225, -6.473515163094205, 0.0 ] ] ], [ [ [ 134.832400113274588, -6.470240584934998, 0.0 ], [ 134.832140014050395, -6.470500575341268, 0.0 ], [ 134.831964901658949, -6.47015563407514, 0.0 ], [ 134.832400113274588, -6.470240584934998, 0.0 ] ] ], [ [ [ 134.478140144152349, -6.470187819911891, 0.0 ], [ 134.478135384940231, -6.471092015384165, 0.0 ], [ 134.47803068856544, -6.470030774900319, 0.0 ], [ 134.478140144152349, -6.470187819911891, 0.0 ] ] ], [ [ [ 134.478617567246914, -6.475231869954782, 0.0 ], [ 134.474405650900195, -6.470682021657907, 0.0 ], [ 134.476812807764986, -6.468618108139149, 0.0 ], [ 134.478617567246914, -6.475231869954782, 0.0 ] ] ], [ [ [ 134.732027437116642, -6.469613159419722, 0.0 ], [ 134.729241508289078, -6.470144132645554, 0.0 ], [ 134.731526095652811, -6.468228709787097, 0.0 ], [ 134.732027437116642, -6.469613159419722, 0.0 ] ] ], [ [ [ 134.483625951076903, -6.466158123298697, 0.0 ], [ 134.483440352590264, -6.466593565140925, 0.0 ], [ 134.48341893793372, -6.466115293086253, 0.0 ], [ 134.483625951076903, -6.466158123298697, 0.0 ] ] ], [ [ [ 134.490752693382177, -6.465817470899519, 0.0 ], [ 134.485120654894331, -6.490128652215502, 0.0 ], [ 134.485814004312914, -6.48364465087992, 0.0 ], [ 134.482913866981477, -6.475763380975223, 0.0 ], [ 134.490752693382177, -6.465817470899519, 0.0 ] ] ], [ [ [ 134.81224592401017, -6.46387830863702, 0.0 ], [ 134.811945035135295, -6.464025799251231, 0.0 ], [ 134.812051337699103, -6.463841431936483, 0.0 ], [ 134.81224592401017, -6.46387830863702, 0.0 ] ] ], [ [ [ 134.173474622955496, -6.463216210659509, 0.0 ], [ 134.182498344822932, -6.467967492705532, 0.0 ], [ 134.173168143894799, -6.469375708721951, 0.0 ], [ 134.173474622955496, -6.463216210659509, 0.0 ] ] ], [ [ [ 134.182582782169732, -6.460691482725681, 0.0 ], [ 134.182009042583303, -6.460741440964649, 0.0 ], [ 134.182267052682363, -6.460210446155105, 0.0 ], [ 134.182582782169732, -6.460691482725681, 0.0 ] ] ], [ [ [ 134.493376087736351, -6.458271882841053, 0.0 ], [ 134.495014346734791, -6.460102878245237, 0.0 ], [ 134.494607459266973, -6.462244393363984, 0.0 ], [ 134.495979217666815, -6.465365056152431, 0.0 ], [ 134.49390278198797, -6.469922438069967, 0.0 ], [ 134.493376087736351, -6.458271882841053, 0.0 ] ] ], [ [ [ 134.608160181147497, -6.457463073961626, 0.0 ], [ 134.607255819300661, -6.457473685062513, 0.0 ], [ 134.607685742902703, -6.457010411001622, 0.0 ], [ 134.608160181147497, -6.457463073961626, 0.0 ] ] ], [ [ [ 134.485317788085439, -6.458838186832753, 0.0 ], [ 134.481378318654492, -6.461764938700902, 0.0 ], [ 134.48379724584629, -6.456382318189372, 0.0 ], [ 134.485317788085439, -6.458838186832753, 0.0 ] ] ], [ [ [ 134.204614912348376, -6.45623199830803, 0.0 ], [ 134.204566470366302, -6.456489147755899, 0.0 ], [ 134.204379984248931, -6.456474724428921, 0.0 ], [ 134.204614912348376, -6.45623199830803, 0.0 ] ] ], [ [ [ 134.166326310410938, -6.455904861819909, 0.0 ], [ 134.166229941758502, -6.456044059785508, 0.0 ], [ 134.166254925824148, -6.455908431229122, 0.0 ], [ 134.166326310410938, -6.455904861819909, 0.0 ] ] ], [ [ [ 134.483724738905579, -6.456017336430867, 0.0 ], [ 134.483363061256313, -6.456055408330367, 0.0 ], [ 134.483420168206322, -6.455860292318575, 0.0 ], [ 134.483724738905579, -6.456017336430867, 0.0 ] ] ], [ [ [ 134.474234726651389, -6.458314555672099, 0.0 ], [ 134.473452891138095, -6.468295210155776, 0.0 ], [ 134.472069694260966, -6.455850165952341, 0.0 ], [ 134.474234726651389, -6.458314555672099, 0.0 ] ] ], [ [ [ 134.607999246568056, -6.455655964551069, 0.0 ], [ 134.606171983350436, -6.455369828154981, 0.0 ], [ 134.607867349298772, -6.454215790226473, 0.0 ], [ 134.607999246568056, -6.455655964551069, 0.0 ] ] ], [ [ [ 134.611972222939869, -6.454243368836358, 0.0 ], [ 134.611474736869752, -6.454367370957374, 0.0 ], [ 134.611655899000624, -6.453983055573501, 0.0 ], [ 134.611972222939869, -6.454243368836358, 0.0 ] ] ], [ [ [ 134.482862915890934, -6.455304354812056, 0.0 ], [ 134.479950004589057, -6.457348002108602, 0.0 ], [ 134.481841377777442, -6.453839027349221, 0.0 ], [ 134.482862915890934, -6.455304354812056, 0.0 ] ] ], [ [ [ 134.608226052890132, -6.454081508854496, 0.0 ], [ 134.611551851037149, -6.457013374267787, 0.0 ], [ 134.608552633597242, -6.458295970282694, 0.0 ], [ 134.608226052890132, -6.454081508854496, 0.0 ] ] ], [ [ [ 134.48111652690622, -6.471836601877604, 0.0 ], [ 134.477569560287037, -6.466495950927324, 0.0 ], [ 134.476315184997816, -6.452346475609331, 0.0 ], [ 134.480168153137811, -6.454046507240533, 0.0 ], [ 134.479034962393712, -6.459526537819452, 0.0 ], [ 134.48111652690622, -6.471836601877604, 0.0 ] ] ], [ [ [ 134.216522084626604, -6.451476209759192, 0.0 ], [ 134.216414353939371, -6.451702177913158, 0.0 ], [ 134.216420453141495, -6.45141104128644, 0.0 ], [ 134.216522084626604, -6.451476209759192, 0.0 ] ] ], [ [ [ 134.484808817672842, -6.467707558057326, 0.0 ], [ 134.485711192018073, -6.458295076356605, 0.0 ], [ 134.483858676736617, -6.454324459805941, 0.0 ], [ 134.485097731175415, -6.450289021920756, 0.0 ], [ 134.491201672719086, -6.459044148668428, 0.0 ], [ 134.484808817672842, -6.467707558057326, 0.0 ] ] ], [ [ [ 134.635465978971837, -6.449658571985476, 0.0 ], [ 134.643127015699349, -6.461003775004118, 0.0 ], [ 134.628059786729864, -6.499030257840114, 0.0 ], [ 134.590140475202844, -6.517950334440385, 0.0 ], [ 134.57897431641166, -6.506475457276543, 0.0 ], [ 134.588282832886534, -6.476624768718046, 0.0 ], [ 134.616167863356281, -6.466956125924454, 0.0 ], [ 134.626727049913484, -6.450647307327343, 0.0 ], [ 134.635465978971837, -6.449658571985476, 0.0 ] ] ], [ [ [ 134.214005061184736, -6.449570354788018, 0.0 ], [ 134.212566895945571, -6.449440936949617, 0.0 ], [ 134.213986765376944, -6.448606434439323, 0.0 ], [ 134.214005061184736, -6.449570354788018, 0.0 ] ] ], [ [ [ 134.419659706430366, -6.448488141214685, 0.0 ], [ 134.419321823043759, -6.448378685627779, 0.0 ], [ 134.419659706430366, -6.448338235021448, 0.0 ], [ 134.419659706430366, -6.448488141214685, 0.0 ] ] ], [ [ [ 134.424285378367586, -6.445171172611523, 0.0 ], [ 134.423576298907193, -6.445271109773802, 0.0 ], [ 134.424271101630097, -6.444752388012257, 0.0 ], [ 134.424285378367586, -6.445171172611523, 0.0 ] ] ], [ [ [ 134.440011164683568, -6.44382389555627, 0.0 ], [ 134.439843413243011, -6.443988077587707, 0.0 ], [ 134.4399326430771, -6.443809618818789, 0.0 ], [ 134.440011164683568, -6.44382389555627, 0.0 ] ] ], [ [ [ 134.419771722387139, -6.44439627986431, 0.0 ], [ 134.418918638084733, -6.444084362603134, 0.0 ], [ 134.419458992138857, -6.44355919540052, 0.0 ], [ 134.419771722387139, -6.44439627986431, 0.0 ] ] ], [ [ [ 134.691584737645599, -6.442809304705558, 0.0 ], [ 134.728711658316485, -6.472034378983408, 0.0 ], [ 134.745316385342988, -6.482641672075466, 0.0 ], [ 134.749671046581625, -6.510745375398733, 0.0 ], [ 134.763845892673885, -6.529977765861154, 0.0 ], [ 134.744134152769021, -6.552700352339328, 0.0 ], [ 134.733809637105111, -6.554146642053897, 0.0 ], [ 134.722792743290455, -6.541176588029066, 0.0 ], [ 134.704641658086075, -6.558099263170351, 0.0 ], [ 134.681295450224837, -6.563416454405838, 0.0 ], [ 134.667094422169924, -6.550365158325348, 0.0 ], [ 134.66392398910088, -6.510305183337532, 0.0 ], [ 134.65202315524445, -6.496223093321055, 0.0 ], [ 134.641823675921984, -6.499150269669122, 0.0 ], [ 134.639656397025192, -6.478518248118607, 0.0 ], [ 134.691584737645599, -6.442809304705558, 0.0 ] ] ], [ [ [ 134.433415345242025, -6.441421602225076, 0.0 ], [ 134.433931774631759, -6.442069510699326, 0.0 ], [ 134.434128360135816, -6.443180658160744, 0.0 ], [ 134.433580504836556, -6.442838009266686, 0.0 ], [ 134.433310217192826, -6.441933134806258, 0.0 ], [ 134.433415345242025, -6.441421602225076, 0.0 ] ] ], [ [ [ 134.436022976279446, -6.442952940825534, 0.0 ], [ 134.439753984658751, -6.444795944876861, 0.0 ], [ 134.436333370089102, -6.448490972280555, 0.0 ], [ 134.436022976279446, -6.442952940825534, 0.0 ] ] ], [ [ [ 134.441382923083523, -6.442297843170834, 0.0 ], [ 134.439970961390799, -6.4413719335678, 0.0 ], [ 134.441426657114562, -6.441068235210849, 0.0 ], [ 134.441382923083523, -6.442297843170834, 0.0 ] ] ], [ [ [ 134.443650204793101, -6.441372593670262, 0.0 ], [ 134.44313307303301, -6.441357896949355, 0.0 ], [ 134.443543346448337, -6.440889095655126, 0.0 ], [ 134.443650204793101, -6.441372593670262, 0.0 ] ] ], [ [ [ 134.433778939346723, -6.439731583645595, 0.0 ], [ 134.43295598682937, -6.440276240955693, 0.0 ], [ 134.433332685854765, -6.439510598635215, 0.0 ], [ 134.433778939346723, -6.439731583645595, 0.0 ] ] ], [ [ [ 134.435000816734345, -6.438760519981982, 0.0 ], [ 134.437212395335848, -6.43957487857774, 0.0 ], [ 134.435865951952195, -6.440957894691016, 0.0 ], [ 134.435000816734345, -6.438760519981982, 0.0 ] ] ], [ [ [ 134.461602687314183, -6.436772841093656, 0.0 ], [ 134.461277451992856, -6.437012775718979, 0.0 ], [ 134.461263616822521, -6.43673290759759, 0.0 ], [ 134.461602687314183, -6.436772841093656, 0.0 ] ] ], [ [ [ 134.434289298312478, -6.435650259651719, 0.0 ], [ 134.432845715557363, -6.435235948280375, 0.0 ], [ 134.433216978181008, -6.434272422734092, 0.0 ], [ 134.434289298312478, -6.435650259651719, 0.0 ] ] ], [ [ [ 134.463855194062063, -6.432964515300092, 0.0 ], [ 134.463386104085515, -6.433203058674123, 0.0 ], [ 134.463782565712876, -6.432855684742015, 0.0 ], [ 134.463855194062063, -6.432964515300092, 0.0 ] ] ], [ [ [ 134.424758661882805, -6.431412668559736, 0.0 ], [ 134.424303281171547, -6.43177963871933, 0.0 ], [ 134.42444542801411, -6.431022218900199, 0.0 ], [ 134.424758661882805, -6.431412668559736, 0.0 ] ] ], [ [ [ 134.433249431116479, -6.43097671140607, 0.0 ], [ 134.432975655002593, -6.431104730798668, 0.0 ], [ 134.433216781229589, -6.430930592372856, 0.0 ], [ 134.433249431116479, -6.43097671140607, 0.0 ] ] ], [ [ [ 134.428133462289594, -6.431107864036693, 0.0 ], [ 134.433520046113273, -6.438744745873296, 0.0 ], [ 134.431720027857068, -6.441196402092223, 0.0 ], [ 134.431360034637919, -6.439644092201017, 0.0 ], [ 134.430879620398144, -6.43964921114211, 0.0 ], [ 134.418839819701901, -6.44826865267614, 0.0 ], [ 134.428133462289594, -6.431107864036693, 0.0 ] ] ], [ [ [ 134.45323734742567, -6.431743125344872, 0.0 ], [ 134.45007708928631, -6.432582121767431, 0.0 ], [ 134.45323630421214, -6.430075310127385, 0.0 ], [ 134.45323734742567, -6.431743125344872, 0.0 ] ] ], [ [ [ 134.212539392878739, -6.43014570276195, 0.0 ], [ 134.212324632076161, -6.430148199279965, 0.0 ], [ 134.212370021759199, -6.43003237559359, 0.0 ], [ 134.212539392878739, -6.43014570276195, 0.0 ] ] ], [ [ [ 134.425974673892114, -6.431318825203539, 0.0 ], [ 134.425088144702158, -6.430608305029199, 0.0 ], [ 134.424786227002869, -6.430206560784128, 0.0 ], [ 134.425074685448436, -6.430011836876729, 0.0 ], [ 134.425974673892114, -6.431318825203539, 0.0 ] ] ], [ [ [ 134.211883290681357, -6.430956312084105, 0.0 ], [ 134.209258961032305, -6.430437807958426, 0.0 ], [ 134.21149188774055, -6.430062482197733, 0.0 ], [ 134.211883290681357, -6.430956312084105, 0.0 ] ] ], [ [ [ 134.467661597105149, -6.433400250321223, 0.0 ], [ 134.463169523954434, -6.435221229975755, 0.0 ], [ 134.468349019991393, -6.429642375595072, 0.0 ], [ 134.467661597105149, -6.433400250321223, 0.0 ] ] ], [ [ [ 134.812394564857271, -6.42940337626479, 0.0 ], [ 134.812117112314922, -6.42960510768951, 0.0 ], [ 134.812159593590366, -6.429250496013576, 0.0 ], [ 134.812394564857271, -6.42940337626479, 0.0 ] ] ], [ [ [ 134.437460681065659, -6.428481793300093, 0.0 ], [ 134.437288078681917, -6.428826771438326, 0.0 ], [ 134.437368595884067, -6.428335033834712, 0.0 ], [ 134.437460681065659, -6.428481793300093, 0.0 ] ] ], [ [ [ 134.500148768750705, -6.428646214551107, 0.0 ], [ 134.499147245948762, -6.428241341564592, 0.0 ], [ 134.500273737642885, -6.428001820627464, 0.0 ], [ 134.500148768750705, -6.428646214551107, 0.0 ] ] ], [ [ [ 134.805439877248546, -6.427596056412791, 0.0 ], [ 134.811123933422891, -6.428309419344184, 0.0 ], [ 134.811915530177714, -6.429511842597416, 0.0 ], [ 134.805439877248546, -6.427596056412791, 0.0 ] ] ], [ [ [ 134.427774164246358, -6.428396468322343, 0.0 ], [ 134.427624258053129, -6.427771860383017, 0.0 ], [ 134.42808825337022, -6.426608303130691, 0.0 ], [ 134.427774164246358, -6.428396468322343, 0.0 ] ] ], [ [ [ 134.427719680618793, -6.426813975384586, 0.0 ], [ 134.427280892399352, -6.427095393037944, 0.0 ], [ 134.427545011593139, -6.426542167886654, 0.0 ], [ 134.427719680618793, -6.426813975384586, 0.0 ] ] ], [ [ [ 134.427357034399677, -6.42628161720287, 0.0 ], [ 134.426478832032615, -6.427078304120374, 0.0 ], [ 134.427090534700483, -6.425815243178849, 0.0 ], [ 134.427357034399677, -6.42628161720287, 0.0 ] ] ], [ [ [ 134.431792472744462, -6.426217169087049, 0.0 ], [ 134.430805124157246, -6.426255963142128, 0.0 ], [ 134.431593759444439, -6.424814239285651, 0.0 ], [ 134.431792472744462, -6.426217169087049, 0.0 ] ] ], [ [ [ 134.436309789864936, -6.427989051153719, 0.0 ], [ 134.438284162384178, -6.43396989619374, 0.0 ], [ 134.439439005205912, -6.437417029072615, 0.0 ], [ 134.438723739309268, -6.437696095898086, 0.0 ], [ 134.434278986685968, -6.432198732685349, 0.0 ], [ 134.437051196355696, -6.42448464135306, 0.0 ], [ 134.436309789864936, -6.427989051153719, 0.0 ] ] ], [ [ [ 134.501818575966581, -6.426213534926698, 0.0 ], [ 134.500879151351739, -6.425635323011728, 0.0 ], [ 134.502519416737755, -6.4243478877448, 0.0 ], [ 134.501818575966581, -6.426213534926698, 0.0 ] ] ], [ [ [ 134.426286556079759, -6.422830323160848, 0.0 ], [ 134.424914461333401, -6.424222390950511, 0.0 ], [ 134.426004839851544, -6.422055466386637, 0.0 ], [ 134.426286556079759, -6.422830323160848, 0.0 ] ] ], [ [ [ 134.426405952772654, -6.421500964198116, 0.0 ], [ 134.426371634643232, -6.421865580831802, 0.0 ], [ 134.426324013742232, -6.421492391860343, 0.0 ], [ 134.426405952772654, -6.421500964198116, 0.0 ] ] ], [ [ [ 134.503830079694495, -6.421499466826911, 0.0 ], [ 134.50197838729278, -6.422764339902257, 0.0 ], [ 134.504242206612616, -6.419538300851872, 0.0 ], [ 134.503830079694495, -6.421499466826911, 0.0 ] ] ], [ [ [ 134.773981926624629, -6.425258839823548, 0.0 ], [ 134.769086185579113, -6.431977724292518, 0.0 ], [ 134.763170845358331, -6.430646415599543, 0.0 ], [ 134.768166817644499, -6.417968486556428, 0.0 ], [ 134.773981926624629, -6.425258839823548, 0.0 ] ] ], [ [ [ 134.430274534042638, -6.419643326378369, 0.0 ], [ 134.428195484933752, -6.421210020026339, 0.0 ], [ 134.428833911855577, -6.416614227164778, 0.0 ], [ 134.430274534042638, -6.419643326378369, 0.0 ] ] ], [ [ [ 134.428553980781714, -6.416075922665669, 0.0 ], [ 134.427787079410223, -6.417070098905845, 0.0 ], [ 134.428277645197227, -6.415544177821512, 0.0 ], [ 134.428553980781714, -6.416075922665669, 0.0 ] ] ], [ [ [ 134.431258910370445, -6.416204211854807, 0.0 ], [ 134.429662881736675, -6.415707749213232, 0.0 ], [ 134.430564506047176, -6.415533491177675, 0.0 ], [ 134.431258910370445, -6.416204211854807, 0.0 ] ] ], [ [ [ 134.506734211814432, -6.415303548919641, 0.0 ], [ 134.504683116332814, -6.420219514818707, 0.0 ], [ 134.504253795276412, -6.41924432236756, 0.0 ], [ 134.506734211814432, -6.415303548919641, 0.0 ] ] ], [ [ [ 134.421464637682902, -6.412299295276184, 0.0 ], [ 134.421185087022167, -6.412332046786488, 0.0 ], [ 134.421230641281113, -6.412134969353271, 0.0 ], [ 134.421464637682902, -6.412299295276184, 0.0 ] ] ], [ [ [ 134.409299550633818, -6.411354052947153, 0.0 ], [ 134.4078417289127, -6.413565743064601, 0.0 ], [ 134.4093151790523, -6.410050923611247, 0.0 ], [ 134.409299550633818, -6.411354052947153, 0.0 ] ] ], [ [ [ 134.420705224066836, -6.410589694858419, 0.0 ], [ 134.422465743199609, -6.410380616871939, 0.0 ], [ 134.421774509885836, -6.412103940944095, 0.0 ], [ 134.420705224066836, -6.410589694858419, 0.0 ] ] ], [ [ [ 134.430804006299951, -6.413611537442491, 0.0 ], [ 134.428714732798738, -6.414522267388704, 0.0 ], [ 134.431415053362144, -6.407899262341025, 0.0 ], [ 134.430804006299951, -6.413611537442491, 0.0 ] ] ], [ [ [ 134.507156565822925, -6.413056147623112, 0.0 ], [ 134.50696930269126, -6.410568578776824, 0.0 ], [ 134.513430015183104, -6.407936737090728, 0.0 ], [ 134.507156565822925, -6.413056147623112, 0.0 ] ] ], [ [ [ 134.431943136166836, -6.407422947211198, 0.0 ], [ 134.431726604599135, -6.409671537411458, 0.0 ], [ 134.431648082992751, -6.40792739223535, 0.0 ], [ 134.431943136166836, -6.407422947211198, 0.0 ] ] ], [ [ [ 134.768694049690708, -6.412338604642879, 0.0 ], [ 134.758990315350843, -6.413475124677229, 0.0 ], [ 134.764029082776005, -6.406930348956389, 0.0 ], [ 134.768694049690708, -6.412338604642879, 0.0 ] ] ], [ [ [ 134.420580836136736, -6.407445262988424, 0.0 ], [ 134.419561503160935, -6.409270216747113, 0.0 ], [ 134.420561726442571, -6.406851616009205, 0.0 ], [ 134.420580836136736, -6.407445262988424, 0.0 ] ] ], [ [ [ 134.382864945860689, -6.407244751044398, 0.0 ], [ 134.38207676832829, -6.4070770229862, 0.0 ], [ 134.382603219762814, -6.406356829703856, 0.0 ], [ 134.382864945860689, -6.407244751044398, 0.0 ] ] ], [ [ [ 134.410529515624745, -6.406219871949474, 0.0 ], [ 134.412002315554417, -6.40772473900542, 0.0 ], [ 134.409908477094632, -6.408825382385412, 0.0 ], [ 134.410529515624745, -6.406219871949474, 0.0 ] ] ], [ [ [ 134.420756989043866, -6.405310210397789, 0.0 ], [ 134.419108040703577, -6.406918902385409, 0.0 ], [ 134.420414041574844, -6.404304059684555, 0.0 ], [ 134.420756989043866, -6.405310210397789, 0.0 ] ] ], [ [ [ 134.384807698216747, -6.403654256338846, 0.0 ], [ 134.384448443341029, -6.403978904402922, 0.0 ], [ 134.384420789188113, -6.403475705839127, 0.0 ], [ 134.384807698216747, -6.403654256338846, 0.0 ] ] ], [ [ [ 134.381083487812845, -6.405019911039992, 0.0 ], [ 134.383573910207815, -6.404217276905725, 0.0 ], [ 134.382958530212079, -6.406048285799741, 0.0 ], [ 134.381083487812845, -6.405019911039992, 0.0 ] ] ], [ [ [ 134.38379642856242, -6.403373193018406, 0.0 ], [ 134.383629523383831, -6.403531292035395, 0.0 ], [ 134.38369475480917, -6.403330670374067, 0.0 ], [ 134.38379642856242, -6.403373193018406, 0.0 ] ] ], [ [ [ 134.383944105336241, -6.40275713403449, 0.0 ], [ 134.383816774824339, -6.402901146970289, 0.0 ], [ 134.383805615137106, -6.402782408581213, 0.0 ], [ 134.383944105336241, -6.40275713403449, 0.0 ] ] ], [ [ [ 134.406737292192304, -6.403399355195986, 0.0 ], [ 134.406203236989853, -6.403393084223445, 0.0 ], [ 134.406433528184863, -6.40217500557199, 0.0 ], [ 134.406737292192304, -6.403399355195986, 0.0 ] ] ], [ [ [ 134.375080702012866, -6.402070828106136, 0.0 ], [ 134.375831323856573, -6.402905637285342, 0.0 ], [ 134.374862682966494, -6.402432388843663, 0.0 ], [ 134.375080702012866, -6.402070828106136, 0.0 ] ] ], [ [ [ 134.384072440390923, -6.401773570693673, 0.0 ], [ 134.383800923373968, -6.401982427446987, 0.0 ], [ 134.384001883180446, -6.401702817431047, 0.0 ], [ 134.384072440390923, -6.401773570693673, 0.0 ] ] ], [ [ [ 134.381213316641265, -6.402801052426613, 0.0 ], [ 134.381946795608229, -6.401453565829377, 0.0 ], [ 134.38281500470876, -6.40320720784631, 0.0 ], [ 134.381213316641265, -6.402801052426613, 0.0 ] ] ], [ [ [ 134.362963547030176, -6.401642381190856, 0.0 ], [ 134.362462815306799, -6.402113830089177, 0.0 ], [ 134.362427596056818, -6.400892625394298, 0.0 ], [ 134.362963547030176, -6.401642381190856, 0.0 ] ] ], [ [ [ 134.377114007105774, -6.400727756280914, 0.0 ], [ 134.377755165268695, -6.400954675018137, 0.0 ], [ 134.377446681619148, -6.401352875035097, 0.0 ], [ 134.377114007105774, -6.400727756280914, 0.0 ] ] ], [ [ [ 134.412362447269174, -6.400674508321894, 0.0 ], [ 134.414081221671182, -6.402502576432737, 0.0 ], [ 134.412389587009926, -6.404123220410244, 0.0 ], [ 134.412362447269174, -6.400674508321894, 0.0 ] ] ], [ [ [ 134.407192832982929, -6.415116897326882, 0.0 ], [ 134.405870531000261, -6.409778206898657, 0.0 ], [ 134.40726497479892, -6.406478331709557, 0.0 ], [ 134.407410936565498, -6.399974070446905, 0.0 ], [ 134.407192832982929, -6.415116897326882, 0.0 ] ] ], [ [ [ 134.388101399560043, -6.399813777983424, 0.0 ], [ 134.387674751288841, -6.39978782894504, 0.0 ], [ 134.388076217643402, -6.399604566897191, 0.0 ], [ 134.388101399560043, -6.399813777983424, 0.0 ] ] ], [ [ [ 134.36456157575617, -6.400417545932927, 0.0 ], [ 134.363357270221826, -6.400873989642867, 0.0 ], [ 134.363240233350098, -6.399548093969346, 0.0 ], [ 134.36456157575617, -6.400417545932927, 0.0 ] ] ], [ [ [ 134.372382517339418, -6.399464085599042, 0.0 ], [ 134.372221441566325, -6.399472370153684, 0.0 ], [ 134.372193444771767, -6.399260328001669, 0.0 ], [ 134.372382517339418, -6.399464085599042, 0.0 ] ] ], [ [ [ 134.384956620551634, -6.399631936864373, 0.0 ], [ 134.384363132752469, -6.399710375733195, 0.0 ], [ 134.384722570190519, -6.399230254672509, 0.0 ], [ 134.384956620551634, -6.399631936864373, 0.0 ] ] ], [ [ [ 134.38750014431622, -6.399295762189609, 0.0 ], [ 134.386977086023734, -6.399552374742238, 0.0 ], [ 134.38745518181122, -6.399086526821733, 0.0 ], [ 134.38750014431622, -6.399295762189609, 0.0 ] ] ], [ [ [ 134.364348418444791, -6.399128278747027, 0.0 ], [ 134.363339352129486, -6.399370130726893, 0.0 ], [ 134.363475862021517, -6.398660783268521, 0.0 ], [ 134.364348418444791, -6.399128278747027, 0.0 ] ] ], [ [ [ 134.372646659915489, -6.398353490321255, 0.0 ], [ 134.372555537907857, -6.398927211921261, 0.0 ], [ 134.372595862609046, -6.398299718956827, 0.0 ], [ 134.372646659915489, -6.398353490321255, 0.0 ] ] ], [ [ [ 134.378797656686515, -6.39817080294021, 0.0 ], [ 134.378591495201391, -6.39850183888873, 0.0 ], [ 134.378373835883878, -6.397736755946485, 0.0 ], [ 134.378797656686515, -6.39817080294021, 0.0 ] ] ], [ [ [ 134.370347535010694, -6.397556357339943, 0.0 ], [ 134.370149197627484, -6.397997088994404, 0.0 ], [ 134.370158295169318, -6.397491108827572, 0.0 ], [ 134.370347535010694, -6.397556357339943, 0.0 ] ] ], [ [ [ 134.377078111565652, -6.397703070040598, 0.0 ], [ 134.37673861029873, -6.398050351342625, 0.0 ], [ 134.377036093441006, -6.397400555191427, 0.0 ], [ 134.377078111565652, -6.397703070040598, 0.0 ] ] ], [ [ [ 134.36804170206301, -6.396660158639359, 0.0 ], [ 134.367916779935541, -6.397049200859931, 0.0 ], [ 134.367945333410489, -6.396599483179592, 0.0 ], [ 134.36804170206301, -6.396660158639359, 0.0 ] ] ], [ [ [ 134.374663746634639, -6.39639699812287, 0.0 ], [ 134.374185982696986, -6.396582983317937, 0.0 ], [ 134.374624434570023, -6.396193423087907, 0.0 ], [ 134.374663746634639, -6.39639699812287, 0.0 ] ] ], [ [ [ 134.363378486128369, -6.396038281041764, 0.0 ], [ 134.363312712411755, -6.396671394768986, 0.0 ], [ 134.363268340761323, -6.395992917439112, 0.0 ], [ 134.363378486128369, -6.396038281041764, 0.0 ] ] ], [ [ [ 134.517917510784514, -6.397434206923051, 0.0 ], [ 134.516949606439226, -6.399033286057224, 0.0 ], [ 134.517325839615836, -6.395584902221411, 0.0 ], [ 134.517917510784514, -6.397434206923051, 0.0 ] ] ], [ [ [ 134.363802896886199, -6.395583698029198, 0.0 ], [ 134.363774178835342, -6.395956795269856, 0.0 ], [ 134.363743637858647, -6.395518608696785, 0.0 ], [ 134.363802896886199, -6.395583698029198, 0.0 ] ] ], [ [ [ 134.366204372733705, -6.397253600573175, 0.0 ], [ 134.36369119029618, -6.398194634974423, 0.0 ], [ 134.365590901998615, -6.395206266955603, 0.0 ], [ 134.366204372733705, -6.397253600573175, 0.0 ] ] ], [ [ [ 134.364937020227302, -6.394745552365303, 0.0 ], [ 134.3643716911007, -6.394905978827818, 0.0 ], [ 134.364923122104386, -6.39455896822179, 0.0 ], [ 134.364937020227302, -6.394745552365303, 0.0 ] ] ], [ [ [ 134.363549993137781, -6.394447026908682, 0.0 ], [ 134.363459398132846, -6.394588252845582, 0.0 ], [ 134.36349071792236, -6.394396072220924, 0.0 ], [ 134.363549993137781, -6.394447026908682, 0.0 ] ] ], [ [ [ 134.363795796738714, -6.394469945231744, 0.0 ], [ 134.363685579426004, -6.394483943179433, 0.0 ], [ 134.363697181579738, -6.394240854631653, 0.0 ], [ 134.363795796738714, -6.394469945231744, 0.0 ] ] ], [ [ [ 134.351229565292186, -6.396293607563911, 0.0 ], [ 134.347184092771755, -6.395612892720751, 0.0 ], [ 134.349048001564029, -6.394184918599048, 0.0 ], [ 134.351229565292186, -6.396293607563911, 0.0 ] ] ], [ [ [ 134.362832885429356, -6.393957108633667, 0.0 ], [ 134.362750737756414, -6.394120958815178, 0.0 ], [ 134.362799043041548, -6.393903358852863, 0.0 ], [ 134.362832885429356, -6.393957108633667, 0.0 ] ] ], [ [ [ 134.366488883155512, -6.394275395792785, 0.0 ], [ 134.365926384195291, -6.394433001981418, 0.0 ], [ 134.366144682930752, -6.393845304017524, 0.0 ], [ 134.366488883155512, -6.394275395792785, 0.0 ] ] ], [ [ [ 134.365599333142768, -6.39384463222397, 0.0 ], [ 134.365245769177022, -6.394135351565192, 0.0 ], [ 134.36557682221266, -6.393768280681548, 0.0 ], [ 134.365599333142768, -6.39384463222397, 0.0 ] ] ], [ [ [ 134.364522599138667, -6.393976159871854, 0.0 ], [ 134.363861533582963, -6.393865098995092, 0.0 ], [ 134.364003210979519, -6.39354584956127, 0.0 ], [ 134.364522599138667, -6.393976159871854, 0.0 ] ] ], [ [ [ 134.375522557819835, -6.393318837294507, 0.0 ], [ 134.37532148020216, -6.393694553360855, 0.0 ], [ 134.375423782581606, -6.393216953999196, 0.0 ], [ 134.375522557819835, -6.393318837294507, 0.0 ] ] ], [ [ [ 134.366606628693006, -6.393485452891293, 0.0 ], [ 134.366409133974486, -6.393599666791142, 0.0 ], [ 134.366606628693006, -6.393126153948784, 0.0 ], [ 134.366606628693006, -6.393485452891293, 0.0 ] ] ], [ [ [ 134.340207337598599, -6.39799824372396, 0.0 ], [ 134.344715221730183, -6.395027441263394, 0.0 ], [ 134.345113505383978, -6.397351539441924, 0.0 ], [ 134.340207337598599, -6.39799824372396, 0.0 ] ] ], [ [ [ 134.364489863816203, -6.393026328302368, 0.0 ], [ 134.364240855031511, -6.393311523108273, 0.0 ], [ 134.364247260003168, -6.392700949988831, 0.0 ], [ 134.364489863816203, -6.393026328302368, 0.0 ] ] ], [ [ [ 134.376230321572166, -6.392203122176258, 0.0 ], [ 134.375729669888386, -6.392626530190152, 0.0 ], [ 134.376044107949213, -6.391973928154186, 0.0 ], [ 134.376230321572166, -6.392203122176258, 0.0 ] ] ], [ [ [ 134.390417983902893, -6.392138154252417, 0.0 ], [ 134.38956319718389, -6.393352653602039, 0.0 ], [ 134.390305323132225, -6.391829901728555, 0.0 ], [ 134.390417983902893, -6.392138154252417, 0.0 ] ] ], [ [ [ 134.365379629666194, -6.393279008119705, 0.0 ], [ 134.364817216141631, -6.393368770352462, 0.0 ], [ 134.365124358902108, -6.391769201087686, 0.0 ], [ 134.365379629666194, -6.393279008119705, 0.0 ] ] ], [ [ [ 134.374775734712472, -6.391692538379949, 0.0 ], [ 134.374565878812263, -6.392316998830409, 0.0 ], [ 134.374631757749512, -6.391584946188259, 0.0 ], [ 134.374775734712472, -6.391692538379949, 0.0 ] ] ], [ [ [ 134.366208757827962, -6.392293489652782, 0.0 ], [ 134.365552868769868, -6.392569703828669, 0.0 ], [ 134.36570408707405, -6.391385476558468, 0.0 ], [ 134.366208757827962, -6.392293489652782, 0.0 ] ] ], [ [ [ 134.364367039807121, -6.391807841358758, 0.0 ], [ 134.36393757485925, -6.39178186893801, 0.0 ], [ 134.364107643852805, -6.391352412084109, 0.0 ], [ 134.364367039807121, -6.391807841358758, 0.0 ] ] ], [ [ [ 134.390974231675528, -6.394869478943192, 0.0 ], [ 134.388008262171667, -6.398795175257081, 0.0 ], [ 134.391579740712501, -6.391301490671156, 0.0 ], [ 134.390974231675528, -6.394869478943192, 0.0 ] ] ], [ [ [ 134.359900500208056, -6.410712470304229, 0.0 ], [ 134.357099407012157, -6.39779068379294, 0.0 ], [ 134.362258825684279, -6.391151395620368, 0.0 ], [ 134.361974350336027, -6.401807932889784, 0.0 ], [ 134.364207660155415, -6.405556160588314, 0.0 ], [ 134.359900500208056, -6.410712470304229, 0.0 ] ] ], [ [ [ 134.367870380313889, -6.394576941172828, 0.0 ], [ 134.369061848025922, -6.396663495124137, 0.0 ], [ 134.368583582266467, -6.397256528765708, 0.0 ], [ 134.367870380313889, -6.394576941172828, 0.0 ] ] ], [ [ [ 134.374496852247972, -6.390988334144224, 0.0 ], [ 134.375542635184502, -6.39074367538031, 0.0 ], [ 134.375337463852929, -6.392165291295075, 0.0 ], [ 134.374496852247972, -6.390988334144224, 0.0 ] ] ], [ [ [ 134.362937151028717, -6.393294921623286, 0.0 ], [ 134.362631204366579, -6.391640886717446, 0.0 ], [ 134.36284177342921, -6.390451080952601, 0.0 ], [ 134.362937151028717, -6.393294921623286, 0.0 ] ] ], [ [ [ 134.365574944428232, -6.390706894007873, 0.0 ], [ 134.364455762423489, -6.390894906274872, 0.0 ], [ 134.365290764057619, -6.3897256572133, 0.0 ], [ 134.365574944428232, -6.390706894007873, 0.0 ] ] ], [ [ [ 134.363156049612058, -6.390831110167542, 0.0 ], [ 134.363057793282593, -6.390313690624242, 0.0 ], [ 134.363315886119295, -6.389536651195441, 0.0 ], [ 134.363156049612058, -6.390831110167542, 0.0 ] ] ], [ [ [ 134.374766448313011, -6.390033213661787, 0.0 ], [ 134.374126012305766, -6.389223979403073, 0.0 ], [ 134.374268072813379, -6.388582475900487, 0.0 ], [ 134.374766448313011, -6.390033213661787, 0.0 ] ] ], [ [ [ 134.515635728406181, -6.38795240637842, 0.0 ], [ 134.515134282621119, -6.388300914355653, 0.0 ], [ 134.51537227920727, -6.387622697829246, 0.0 ], [ 134.515635728406181, -6.38795240637842, 0.0 ] ] ], [ [ [ 134.376220977616043, -6.388254113636353, 0.0 ], [ 134.374570808895811, -6.388257764883924, 0.0 ], [ 134.375770405579829, -6.386992828855912, 0.0 ], [ 134.376220977616043, -6.388254113636353, 0.0 ] ] ], [ [ [ 134.515864665222267, -6.386859916252056, 0.0 ], [ 134.515242611357507, -6.387289009779876, 0.0 ], [ 134.515474821705766, -6.386752129806864, 0.0 ], [ 134.515864665222267, -6.386859916252056, 0.0 ] ] ], [ [ [ 134.375880895387098, -6.386572602643507, 0.0 ], [ 134.376530488291451, -6.386801031342485, 0.0 ], [ 134.376491226588854, -6.387771851289851, 0.0 ], [ 134.375880895387098, -6.386572602643507, 0.0 ] ] ], [ [ [ 134.369280460624879, -6.388898638861099, 0.0 ], [ 134.366738609599224, -6.387202466220802, 0.0 ], [ 134.368223392995191, -6.385624882682154, 0.0 ], [ 134.368546819780022, -6.385760030101276, 0.0 ], [ 134.368465940151054, -6.387198753819393, 0.0 ], [ 134.369280460624879, -6.388898638861099, 0.0 ] ] ], [ [ [ 134.377037312921715, -6.386454820233726, 0.0 ], [ 134.376758916091148, -6.387293580134549, 0.0 ], [ 134.376487658079014, -6.385262710405718, 0.0 ], [ 134.377037312921715, -6.386454820233726, 0.0 ] ] ], [ [ [ 134.375888034205445, -6.385962271441573, 0.0 ], [ 134.375748835340545, -6.386122884963167, 0.0 ], [ 134.37555253042504, -6.385087819247452, 0.0 ], [ 134.375888034205445, -6.385962271441573, 0.0 ] ] ], [ [ [ 134.375601609127017, -6.386382041697817, 0.0 ], [ 134.374585169270205, -6.385739131655547, 0.0 ], [ 134.374993499250621, -6.384549557915679, 0.0 ], [ 134.375601609127017, -6.386382041697817, 0.0 ] ] ], [ [ [ 134.368403280786879, -6.385342669128828, 0.0 ], [ 134.370451887844382, -6.387574319699033, 0.0 ], [ 134.36963647164589, -6.388913208777484, 0.0 ], [ 134.368403280786879, -6.385342669128828, 0.0 ] ] ], [ [ [ 134.517591461576785, -6.383514563246421, 0.0 ], [ 134.516899342430719, -6.386780184158151, 0.0 ], [ 134.516591007169296, -6.389894638027086, 0.0 ], [ 134.51619218931819, -6.387131599643573, 0.0 ], [ 134.517007135171241, -6.385905518824567, 0.0 ], [ 134.517087434737419, -6.384644824898692, 0.0 ], [ 134.517591461576785, -6.383514563246421, 0.0 ] ] ], [ [ [ 134.375340996389951, -6.383879291396148, 0.0 ], [ 134.37509472064491, -6.384018489361746, 0.0 ], [ 134.375405241258932, -6.383511663832201, 0.0 ], [ 134.375340996389951, -6.383879291396148, 0.0 ] ] ], [ [ [ 134.375629862228379, -6.384007543713181, 0.0 ], [ 134.376293731870305, -6.384728521204223, 0.0 ], [ 134.375876136174867, -6.385121131934638, 0.0 ], [ 134.375629862228379, -6.384007543713181, 0.0 ] ] ], [ [ [ 134.371445421069382, -6.382211299012201, 0.0 ], [ 134.370850556408044, -6.382425450074417, 0.0 ], [ 134.371451370084714, -6.382056633606651, 0.0 ], [ 134.371445421069382, -6.382211299012201, 0.0 ] ] ], [ [ [ 134.518098958000536, -6.381834143131097, 0.0 ], [ 134.517428002600411, -6.383056462985318, 0.0 ], [ 134.517954937870229, -6.381598307615802, 0.0 ], [ 134.518098958000536, -6.381834143131097, 0.0 ] ] ], [ [ [ 134.374705729685729, -6.384184554573461, 0.0 ], [ 134.373563918939766, -6.389053690075722, 0.0 ], [ 134.374921018390268, -6.395378820775902, 0.0 ], [ 134.372883981110988, -6.397479455412539, 0.0 ], [ 134.37308340397604, -6.398463412656311, 0.0 ], [ 134.369036217347542, -6.390569899381297, 0.0 ], [ 134.374705729685729, -6.384184554573461, 0.0 ] ] ], [ [ [ 134.37696430775668, -6.380440919712597, 0.0 ], [ 134.376112985226172, -6.381121141727223, 0.0 ], [ 134.376464819795672, -6.379911710057299, 0.0 ], [ 134.37696430775668, -6.380440919712597, 0.0 ] ] ], [ [ [ 134.354489065418079, -6.379284181120041, 0.0 ], [ 134.355045859079127, -6.379041475683493, 0.0 ], [ 134.355045859079127, -6.38006583407094, 0.0 ], [ 134.354489065418079, -6.379284181120041, 0.0 ] ] ], [ [ [ 134.353709301043523, -6.394990769608259, 0.0 ], [ 134.355145796241572, -6.380601213075447, 0.0 ], [ 134.359492286240084, -6.382257795760608, 0.0 ], [ 134.360628849441952, -6.383989185852172, 0.0 ], [ 134.353709301043523, -6.394990769608259, 0.0 ] ] ], [ [ [ 134.517628537926697, -6.380128048270776, 0.0 ], [ 134.516576901302955, -6.380658507983731, 0.0 ], [ 134.517528368739249, -6.378465773776369, 0.0 ], [ 134.517628537926697, -6.380128048270776, 0.0 ] ] ], [ [ [ 134.343809896709445, -6.379022070112387, 0.0 ], [ 134.342340087924725, -6.379430076336926, 0.0 ], [ 134.343189815957288, -6.377811429753669, 0.0 ], [ 134.343809896709445, -6.379022070112387, 0.0 ] ] ], [ [ [ 134.51897560004403, -6.37792437381071, 0.0 ], [ 134.518081754869172, -6.378935547237655, 0.0 ], [ 134.518749881002236, -6.37756798237639, 0.0 ], [ 134.51897560004403, -6.37792437381071, 0.0 ] ] ], [ [ [ 134.51803200797093, -6.377742574959803, 0.0 ], [ 134.517630852781764, -6.377651740735216, 0.0 ], [ 134.517902346416264, -6.377403232872839, 0.0 ], [ 134.51803200797093, -6.377742574959803, 0.0 ] ] ], [ [ [ 134.799038294281871, -6.378380375953511, 0.0 ], [ 134.798561212030307, -6.378077945640629, 0.0 ], [ 134.799178682050666, -6.377310570326492, 0.0 ], [ 134.799038294281871, -6.378380375953511, 0.0 ] ] ], [ [ [ 134.379925105259417, -6.376728185557282, 0.0 ], [ 134.377722792372964, -6.387088476252138, 0.0 ], [ 134.376200932627086, -6.382993893553283, 0.0 ], [ 134.379925105259417, -6.376728185557282, 0.0 ] ] ], [ [ [ 134.518256915824054, -6.37688472874716, 0.0 ], [ 134.517998834678536, -6.376956682604788, 0.0 ], [ 134.518247958576495, -6.37645373944851, 0.0 ], [ 134.518256915824054, -6.37688472874716, 0.0 ] ] ], [ [ [ 134.517455931945733, -6.376812318933371, 0.0 ], [ 134.516218299335208, -6.377373387971445, 0.0 ], [ 134.516841096039798, -6.376135817413945, 0.0 ], [ 134.517455931945733, -6.376812318933371, 0.0 ] ] ], [ [ [ 134.382000243216709, -6.375746959554433, 0.0 ], [ 134.383052921255398, -6.379160136730881, 0.0 ], [ 134.381510112701619, -6.3815525653985, 0.0 ], [ 134.382000243216709, -6.375746959554433, 0.0 ] ] ], [ [ [ 134.345610381713755, -6.37631632843572, 0.0 ], [ 134.344912547376225, -6.376258906723179, 0.0 ], [ 134.345510244002639, -6.375069602779852, 0.0 ], [ 134.345610381713755, -6.37631632843572, 0.0 ] ] ], [ [ [ 134.51627672918778, -6.375326813381647, 0.0 ], [ 134.515728772265106, -6.375100151850503, 0.0 ], [ 134.516345323178115, -6.374495786751115, 0.0 ], [ 134.51627672918778, -6.375326813381647, 0.0 ] ] ], [ [ [ 134.120701853108102, -6.373195403944702, 0.0 ], [ 134.121368239952403, -6.373361988065244, 0.0 ], [ 134.121299990402377, -6.373691079679559, 0.0 ], [ 134.120701853108102, -6.373195403944702, 0.0 ] ] ], [ [ [ 134.518224747074441, -6.374551331578608, 0.0 ], [ 134.516716430219219, -6.375144102618239, 0.0 ], [ 134.517821357070034, -6.372911675033758, 0.0 ], [ 134.518224747074441, -6.374551331578608, 0.0 ] ] ], [ [ [ 134.518049614897961, -6.37243270870245, 0.0 ], [ 134.517855831681345, -6.372572977760686, 0.0 ], [ 134.517941004673759, -6.372314962265672, 0.0 ], [ 134.518049614897961, -6.37243270870245, 0.0 ] ] ], [ [ [ 134.350580442733303, -6.371759729827601, 0.0 ], [ 134.350059341365551, -6.371920344248475, 0.0 ], [ 134.350037925809715, -6.371727607842796, 0.0 ], [ 134.350580442733303, -6.371759729827601, 0.0 ] ] ], [ [ [ 134.518369548715782, -6.371619198167426, 0.0 ], [ 134.51818311565836, -6.371844113215256, 0.0 ], [ 134.518307685251557, -6.37158415968118, 0.0 ], [ 134.518369548715782, -6.371619198167426, 0.0 ] ] ], [ [ [ 134.52083668136774, -6.37155808024115, 0.0 ], [ 134.520524891810368, -6.371461404020521, 0.0 ], [ 134.520734333123102, -6.371088456067379, 0.0 ], [ 134.52083668136774, -6.37155808024115, 0.0 ] ] ], [ [ [ 134.360861262137632, -6.371411733564595, 0.0 ], [ 134.360647110176046, -6.372000651009183, 0.0 ], [ 134.360572157079417, -6.371054815127567, 0.0 ], [ 134.360861262137632, -6.371411733564595, 0.0 ] ] ], [ [ [ 134.519939961060487, -6.372432379550633, 0.0 ], [ 134.518370375192717, -6.372445398136576, 0.0 ], [ 134.520001469292424, -6.370172439906145, 0.0 ], [ 134.519939961060487, -6.372432379550633, 0.0 ] ] ], [ [ [ 134.357206190713242, -6.375614888716078, 0.0 ], [ 134.360092934441468, -6.371879298290909, 0.0 ], [ 134.360142871996004, -6.377136511940388, 0.0 ], [ 134.357206190713242, -6.375614888716078, 0.0 ] ] ], [ [ [ 134.353818324955796, -6.368871661398038, 0.0 ], [ 134.352442472841886, -6.368737078753187, 0.0 ], [ 134.354172742378154, -6.367888392135582, 0.0 ], [ 134.353818324955796, -6.368871661398038, 0.0 ] ] ], [ [ [ 134.322742768763845, -6.367279947711405, 0.0 ], [ 134.322457236712154, -6.367401123263131, 0.0 ], [ 134.322689411087453, -6.367031125086323, 0.0 ], [ 134.322742768763845, -6.367279947711405, 0.0 ] ] ], [ [ [ 134.771093350078161, -6.366990693365774, 0.0 ], [ 134.779409318085612, -6.368142091784072, 0.0 ], [ 134.774187590784749, -6.376661751738392, 0.0 ], [ 134.787096731928699, -6.398113804808218, 0.0 ], [ 134.774095591938163, -6.418027672738872, 0.0 ], [ 134.764832064048591, -6.393621629134819, 0.0 ], [ 134.771093350078161, -6.366990693365774, 0.0 ] ] ], [ [ [ 134.522625397843825, -6.366693906298674, 0.0 ], [ 134.52221247772377, -6.367111896796533, 0.0 ], [ 134.522551979890068, -6.366642955208216, 0.0 ], [ 134.522625397843825, -6.366693906298674, 0.0 ] ] ], [ [ [ 134.520439978722152, -6.368208860150729, 0.0 ], [ 134.519058581388492, -6.367708258829089, 0.0 ], [ 134.521178940855521, -6.365479565229729, 0.0 ], [ 134.520439978722152, -6.368208860150729, 0.0 ] ] ], [ [ [ 134.521617746162093, -6.366552252284555, 0.0 ], [ 134.521175372345681, -6.366191381327172, 0.0 ], [ 134.521877878661257, -6.365333503638197, 0.0 ], [ 134.521617746162093, -6.366552252284555, 0.0 ] ] ], [ [ [ 134.345917573037582, -6.367148697954032, 0.0 ], [ 134.343831294278857, -6.367988423726771, 0.0 ], [ 134.345209077237172, -6.364363446315994, 0.0 ], [ 134.345917573037582, -6.367148697954032, 0.0 ] ] ], [ [ [ 134.522441161830187, -6.36425699986061, 0.0 ], [ 134.521898205138143, -6.364742713805142, 0.0 ], [ 134.521881439976511, -6.364539165749842, 0.0 ], [ 134.522441161830187, -6.36425699986061, 0.0 ] ] ], [ [ [ 134.524599575210402, -6.363393799084508, 0.0 ], [ 134.523842867654224, -6.364009531614538, 0.0 ], [ 134.524569965931278, -6.362998191813033, 0.0 ], [ 134.524599575210402, -6.363393799084508, 0.0 ] ] ], [ [ [ 134.52216364004002, -6.363712090740385, 0.0 ], [ 134.521221765672095, -6.36291029477423, 0.0 ], [ 134.522964114902038, -6.360849193435473, 0.0 ], [ 134.52216364004002, -6.363712090740385, 0.0 ] ] ], [ [ [ 134.327045843990675, -6.360868861608608, 0.0 ], [ 134.323676879284506, -6.361658780228455, 0.0 ], [ 134.326587625019016, -6.359078936443722, 0.0 ], [ 134.327045843990675, -6.360868861608608, 0.0 ] ] ], [ [ [ 134.523406335833755, -6.361003131289404, 0.0 ], [ 134.524385568938925, -6.361378609035543, 0.0 ], [ 134.52271667993088, -6.363873179103922, 0.0 ], [ 134.523406335833755, -6.361003131289404, 0.0 ] ] ], [ [ [ 134.357077148791404, -6.358965102057804, 0.0 ], [ 134.356510775551897, -6.359996165790419, 0.0 ], [ 134.356439008753341, -6.358633576878051, 0.0 ], [ 134.357077148791404, -6.358965102057804, 0.0 ] ] ], [ [ [ 134.52389947008453, -6.358795165264634, 0.0 ], [ 134.523010844574884, -6.359299246962617, 0.0 ], [ 134.523478912921547, -6.358574421272482, 0.0 ], [ 134.52389947008453, -6.358795165264634, 0.0 ] ] ], [ [ [ 134.633258598405604, -6.358902978689488, 0.0 ], [ 134.632263065088409, -6.360213944717755, 0.0 ], [ 134.631438988418637, -6.358822533433076, 0.0 ], [ 134.633258598405604, -6.358902978689488, 0.0 ] ] ], [ [ [ 134.753540740312928, -6.358447753560962, 0.0 ], [ 134.754848333883615, -6.416328222969073, 0.0 ], [ 134.742198129140405, -6.434085291802719, 0.0 ], [ 134.728548191246091, -6.424003158718764, 0.0 ], [ 134.731733738321395, -6.38477874834054, 0.0 ], [ 134.753540740312928, -6.358447753560962, 0.0 ] ] ], [ [ [ 134.526478596210239, -6.358140117972048, 0.0 ], [ 134.525898007387269, -6.358083011022035, 0.0 ], [ 134.52654432226268, -6.3575950820473, 0.0 ], [ 134.526478596210239, -6.358140117972048, 0.0 ] ] ], [ [ [ 134.527978052944832, -6.35676280715776, 0.0 ], [ 134.527539041693416, -6.356752098930211, 0.0 ], [ 134.528011993358888, -6.356253673068561, 0.0 ], [ 134.527978052944832, -6.35676280715776, 0.0 ] ] ], [ [ [ 134.527539041693416, -6.355866939407732, 0.0 ], [ 134.526582499382897, -6.356985285942133, 0.0 ], [ 134.527445201035221, -6.355006518436016, 0.0 ], [ 134.527539041693416, -6.355866939407732, 0.0 ] ] ], [ [ [ 134.529186223765208, -6.354765001003918, 0.0 ], [ 134.528248122053242, -6.355461240843566, 0.0 ], [ 134.529174326633949, -6.354425927814215, 0.0 ], [ 134.529186223765208, -6.354765001003918, 0.0 ] ] ], [ [ [ 134.36302115220451, -6.357282053224171, 0.0 ], [ 134.357846933389311, -6.362502338911805, 0.0 ], [ 134.357040997843825, -6.353947554136211, 0.0 ], [ 134.36302115220451, -6.357282053224171, 0.0 ] ] ], [ [ [ 134.344600348627353, -6.356427970674242, 0.0 ], [ 134.342295134412979, -6.353937500615173, 0.0 ], [ 134.343892277306821, -6.353320468564742, 0.0 ], [ 134.344600348627353, -6.356427970674242, 0.0 ] ] ], [ [ [ 134.356709103942137, -6.36410087125812, 0.0 ], [ 134.347873633561449, -6.366498191338436, 0.0 ], [ 134.353281626645838, -6.35293088765028, 0.0 ], [ 134.356128274999946, -6.354036874801831, 0.0 ], [ 134.356709103942137, -6.36410087125812, 0.0 ] ] ], [ [ [ 134.335311204448601, -6.352299229026118, 0.0 ], [ 134.34203046213625, -6.357662827077774, 0.0 ], [ 134.334586700715676, -6.36766282328061, 0.0 ], [ 134.330800455976345, -6.361184679229463, 0.0 ], [ 134.335311204448601, -6.352299229026118, 0.0 ] ] ], [ [ [ 134.529097654033592, -6.352418634712168, 0.0 ], [ 134.528085699095783, -6.352886970157527, 0.0 ], [ 134.528866215303623, -6.352141394409808, 0.0 ], [ 134.529097654033592, -6.352418634712168, 0.0 ] ] ], [ [ [ 134.328734489305248, -6.352902458281821, 0.0 ], [ 134.32769758177804, -6.35288980482052, 0.0 ], [ 134.328592075364099, -6.351604795924607, 0.0 ], [ 134.328734489305248, -6.352902458281821, 0.0 ] ] ], [ [ [ 134.300465868305253, -6.35120290239202, 0.0 ], [ 134.30019060381332, -6.352092950629088, 0.0 ], [ 134.300392587947641, -6.35106994662065, 0.0 ], [ 134.300465868305253, -6.35120290239202, 0.0 ] ] ], [ [ [ 134.34999200912398, -6.35359388225181, 0.0 ], [ 134.347481890676846, -6.35450376593603, 0.0 ], [ 134.350608454816438, -6.350937501664315, 0.0 ], [ 134.34999200912398, -6.35359388225181, 0.0 ] ] ], [ [ [ 134.347044851638628, -6.351546426326474, 0.0 ], [ 134.348308167987597, -6.351344995275258, 0.0 ], [ 134.347295589819623, -6.352120574205137, 0.0 ], [ 134.347044851638628, -6.351546426326474, 0.0 ] ] ], [ [ [ 134.346040379959646, -6.349833368914818, 0.0 ], [ 134.345285778615931, -6.3500076737151, 0.0 ], [ 134.345240854781679, -6.349784302803289, 0.0 ], [ 134.346040379959646, -6.349833368914818, 0.0 ] ] ], [ [ [ 134.300992969949704, -6.350030520991704, 0.0 ], [ 134.300718135333852, -6.350603976392292, 0.0 ], [ 134.300928439995602, -6.349694053138037, 0.0 ], [ 134.300992969949704, -6.350030520991704, 0.0 ] ] ], [ [ [ 134.357262303012931, -6.350291222761654, 0.0 ], [ 134.356570307973357, -6.35010662342184, 0.0 ], [ 134.356977701759547, -6.34967463497638, 0.0 ], [ 134.357262303012931, -6.350291222761654, 0.0 ] ] ], [ [ [ 134.310598542388931, -6.350560692921618, 0.0 ], [ 134.308928277418062, -6.350908982363616, 0.0 ], [ 134.309143220783142, -6.348628092112722, 0.0 ], [ 134.310598542388931, -6.350560692921618, 0.0 ] ] ], [ [ [ 134.353771292211349, -6.349337085238264, 0.0 ], [ 134.352771530282013, -6.348993797825456, 0.0 ], [ 134.35367089279751, -6.34828257707916, 0.0 ], [ 134.353771292211349, -6.349337085238264, 0.0 ] ] ], [ [ [ 134.300041195844585, -6.349752214992658, 0.0 ], [ 134.298669524678871, -6.348673374776385, 0.0 ], [ 134.299944635636479, -6.34802777935846, 0.0 ], [ 134.300041195844585, -6.349752214992658, 0.0 ] ] ], [ [ [ 134.546910053656148, -6.348059928323017, 0.0 ], [ 134.546463112182892, -6.348126767736132, 0.0 ], [ 134.546831909764961, -6.347880098088047, 0.0 ], [ 134.546910053656148, -6.348059928323017, 0.0 ] ] ], [ [ [ 134.352368557562897, -6.348145265891318, 0.0 ], [ 134.351772250389132, -6.348266070922363, 0.0 ], [ 134.35214618579792, -6.347477871806254, 0.0 ], [ 134.352368557562897, -6.348145265891318, 0.0 ] ] ], [ [ [ 134.351354418171951, -6.348005486064227, 0.0 ], [ 134.350792332000566, -6.347871924149987, 0.0 ], [ 134.351222434567745, -6.347357992177542, 0.0 ], [ 134.351354418171951, -6.348005486064227, 0.0 ] ] ], [ [ [ 134.550879831139326, -6.347819056604091, 0.0 ], [ 134.54762472869831, -6.35180227535466, 0.0 ], [ 134.547253532624524, -6.347219432730603, 0.0 ], [ 134.550879831139326, -6.347819056604091, 0.0 ] ] ], [ [ [ 134.546421630953517, -6.347002188000576, 0.0 ], [ 134.546128674099094, -6.347313501816546, 0.0 ], [ 134.546154077248985, -6.347055455744658, 0.0 ], [ 134.546421630953517, -6.347002188000576, 0.0 ] ] ], [ [ [ 134.34375531595515, -6.347063082894947, 0.0 ], [ 134.34329130624883, -6.347574137936077, 0.0 ], [ 134.343379677230388, -6.346955190329665, 0.0 ], [ 134.34375531595515, -6.347063082894947, 0.0 ] ] ], [ [ [ 134.348447364154623, -6.348416145288808, 0.0 ], [ 134.346929740215387, -6.348725175726226, 0.0 ], [ 134.348215018008744, -6.346697182928621, 0.0 ], [ 134.348447364154623, -6.348416145288808, 0.0 ] ] ], [ [ [ 134.307714180964751, -6.352411182030408, 0.0 ], [ 134.30220754034579, -6.35028373770428, 0.0 ], [ 134.303060595869852, -6.34623417866436, 0.0 ], [ 134.307714180964751, -6.352411182030408, 0.0 ] ] ], [ [ [ 134.361400216846647, -6.346765712167794, 0.0 ], [ 134.360546421180402, -6.34719432725637, 0.0 ], [ 134.360779472394825, -6.346083696005759, 0.0 ], [ 134.361400216846647, -6.346765712167794, 0.0 ] ] ], [ [ [ 134.302068559116663, -6.354876989981032, 0.0 ], [ 134.301241861822518, -6.349838638941988, 0.0 ], [ 134.302450594719289, -6.346029832910442, 0.0 ], [ 134.301677714654829, -6.349285188060953, 0.0 ], [ 134.302068559116663, -6.354876989981032, 0.0 ] ] ], [ [ [ 134.305211459441381, -6.347769157720399, 0.0 ], [ 134.303072421954766, -6.345844105820823, 0.0 ], [ 134.303394561809654, -6.344842627085504, 0.0 ], [ 134.305211459441381, -6.347769157720399, 0.0 ] ] ], [ [ [ 134.298076167281323, -6.344522930688682, 0.0 ], [ 134.299403027927497, -6.345299250659834, 0.0 ], [ 134.298111194076483, -6.345780873588395, 0.0 ], [ 134.298076167281323, -6.344522930688682, 0.0 ] ] ], [ [ [ 134.533118103817515, -6.344263121945452, 0.0 ], [ 134.532832568168601, -6.343937135690218, 0.0 ], [ 134.533228749207524, -6.343642083415339, 0.0 ], [ 134.533118103817515, -6.344263121945452, 0.0 ] ] ], [ [ [ 134.330199103605764, -6.343338637767885, 0.0 ], [ 134.330950763267225, -6.343249153425638, 0.0 ], [ 134.330815633834504, -6.345060924921667, 0.0 ], [ 134.33343115192622, -6.347212510648762, 0.0 ], [ 134.331090898326323, -6.350697817949839, 0.0 ], [ 134.330199103605764, -6.343338637767885, 0.0 ] ] ], [ [ [ 134.332195591353525, -6.343531831928465, 0.0 ], [ 134.331030166209302, -6.344601667233078, 0.0 ], [ 134.331699072953967, -6.342954534624016, 0.0 ], [ 134.332195591353525, -6.343531831928465, 0.0 ] ] ], [ [ [ 134.537056827710416, -6.344105068793819, 0.0 ], [ 134.546326217381079, -6.363867484596745, 0.0 ], [ 134.59884268494207, -6.388021951851534, 0.0 ], [ 134.601036664710307, -6.41623059616501, 0.0 ], [ 134.611289408179658, -6.430898073787076, 0.0 ], [ 134.598560705212435, -6.461376890231278, 0.0 ], [ 134.568665808680123, -6.477114587168468, 0.0 ], [ 134.565368367955926, -6.508474728425976, 0.0 ], [ 134.564427573673726, -6.507016608129915, 0.0 ], [ 134.56237919144661, -6.506237940928176, 0.0 ], [ 134.546273927200019, -6.537214408917772, 0.0 ], [ 134.535886448201012, -6.528006440244986, 0.0 ], [ 134.515855513721021, -6.530690030720247, 0.0 ], [ 134.506257161938493, -6.498148549016295, 0.0 ], [ 134.488823426360113, -6.488635273099312, 0.0 ], [ 134.496200508446833, -6.465561600287532, 0.0 ], [ 134.494825179738314, -6.462406435008886, 0.0 ], [ 134.495381974298738, -6.460331545264601, 0.0 ], [ 134.494268386077266, -6.458056780296121, 0.0 ], [ 134.48470624729552, -6.447245477796474, 0.0 ], [ 134.487999570024158, -6.437759168051097, 0.0 ], [ 134.499732430307517, -6.429598447310506, 0.0 ], [ 134.517559925050591, -6.405100245679733, 0.0 ], [ 134.51991675495438, -6.37465177326069, 0.0 ], [ 134.537056827710416, -6.344105068793819, 0.0 ] ] ], [ [ [ 134.307432467434552, -6.343334157345452, 0.0 ], [ 134.305738756238725, -6.348550044448923, 0.0 ], [ 134.304132794592931, -6.343092291875755, 0.0 ], [ 134.307432467434552, -6.343334157345452, 0.0 ] ] ], [ [ [ 134.340037003305184, -6.34048898118145, 0.0 ], [ 134.339326889624346, -6.341237166761785, 0.0 ], [ 134.339333379132199, -6.340578541066736, 0.0 ], [ 134.340037003305184, -6.34048898118145, 0.0 ] ] ], [ [ [ 134.296859104863898, -6.339865656574676, 0.0 ], [ 134.299195744088308, -6.34397323357783, 0.0 ], [ 134.297714790904934, -6.344324569922914, 0.0 ], [ 134.296859104863898, -6.339865656574676, 0.0 ] ] ], [ [ [ 134.365233745241198, -6.337939637004623, 0.0 ], [ 134.363322637329901, -6.338898396143992, 0.0 ], [ 134.364096058786117, -6.33729978915392, 0.0 ], [ 134.365233745241198, -6.337939637004623, 0.0 ] ] ], [ [ [ 134.36955259277795, -6.337188891953786, 0.0 ], [ 134.369095107653152, -6.337007422254696, 0.0 ], [ 134.369387038381205, -6.336250202085107, 0.0 ], [ 134.36955259277795, -6.337188891953786, 0.0 ] ] ], [ [ [ 134.311315710351806, -6.350920642973249, 0.0 ], [ 134.306611864845735, -6.340042740280153, 0.0 ], [ 134.308411747304376, -6.339929246737323, 0.0 ], [ 134.311015188400233, -6.343191942154362, 0.0 ], [ 134.311315710351806, -6.350920642973249, 0.0 ] ] ], [ [ [ 134.522100581376748, -6.333784415718195, 0.0 ], [ 134.522121400682238, -6.33448933221679, 0.0 ], [ 134.52169904667366, -6.333760622354826, 0.0 ], [ 134.522100581376748, -6.333784415718195, 0.0 ] ] ], [ [ [ 134.30047129121715, -6.334607165887966, 0.0 ], [ 134.29936070673125, -6.336884013686265, 0.0 ], [ 134.299630614861059, -6.333673210050587, 0.0 ], [ 134.30047129121715, -6.334607165887966, 0.0 ] ] ], [ [ [ 134.335780307015597, -6.333017438803682, 0.0 ], [ 134.335216902438106, -6.333439995159632, 0.0 ], [ 134.335218466359123, -6.332897778609573, 0.0 ], [ 134.335780307015597, -6.333017438803682, 0.0 ] ] ], [ [ [ 134.299581143155308, -6.332647038629861, 0.0 ], [ 134.299018371700527, -6.333047675809559, 0.0 ], [ 134.29933573255812, -6.332358382333395, 0.0 ], [ 134.299581143155308, -6.332647038629861, 0.0 ] ] ], [ [ [ 134.330183833117417, -6.335466120065351, 0.0 ], [ 134.325679634407692, -6.333795332588447, 0.0 ], [ 134.327784834002955, -6.331338792151512, 0.0 ], [ 134.330183833117417, -6.335466120065351, 0.0 ] ] ], [ [ [ 134.302820368964916, -6.331560279882956, 0.0 ], [ 134.307616382390165, -6.334659147601566, 0.0 ], [ 134.306968118683812, -6.33984534358765, 0.0 ], [ 134.302820368964916, -6.331560279882956, 0.0 ] ] ], [ [ [ 134.298599344284384, -6.331611130249452, 0.0 ], [ 134.297175319085824, -6.331677046058796, 0.0 ], [ 134.297230970932674, -6.330218528262392, 0.0 ], [ 134.298599344284384, -6.331611130249452, 0.0 ] ] ], [ [ [ 134.366046188281075, -6.331283168183591, 0.0 ], [ 134.364626608431308, -6.33206201884711, 0.0 ], [ 134.365807381405631, -6.329917943358313, 0.0 ], [ 134.366046188281075, -6.331283168183591, 0.0 ] ] ], [ [ [ 134.298534529245188, -6.33358127505577, 0.0 ], [ 134.296315209279612, -6.336755515854334, 0.0 ], [ 134.296005747167584, -6.329524319091976, 0.0 ], [ 134.296567714628395, -6.331803425987274, 0.0 ], [ 134.298534529245188, -6.33358127505577, 0.0 ] ] ], [ [ [ 134.370263275729542, -6.333602580894374, 0.0 ], [ 134.367587932936743, -6.330423919927934, 0.0 ], [ 134.37106515533273, -6.328959575423968, 0.0 ], [ 134.370263275729542, -6.333602580894374, 0.0 ] ] ], [ [ [ 134.30389127716083, -6.329354036059857, 0.0 ], [ 134.304439584819136, -6.33131087179926, 0.0 ], [ 134.30191663124765, -6.329195916358436, 0.0 ], [ 134.30389127716083, -6.329354036059857, 0.0 ] ] ], [ [ [ 134.525654451192054, -6.329597206445906, 0.0 ], [ 134.533942985380577, -6.33240850334971, 0.0 ], [ 134.538280814907694, -6.338029827314599, 0.0 ], [ 134.526082149871371, -6.336190229895137, 0.0 ], [ 134.525654451192054, -6.329597206445906, 0.0 ] ] ], [ [ [ 134.325807581854548, -6.328814769286132, 0.0 ], [ 134.323543822789276, -6.329365868440088, 0.0 ], [ 134.323802962436901, -6.32779736085947, 0.0 ], [ 134.325807581854548, -6.328814769286132, 0.0 ] ] ], [ [ [ 134.519073906735429, -6.330740609891165, 0.0 ], [ 134.517319054231052, -6.329378368117115, 0.0 ], [ 134.516913355666986, -6.327065532148505, 0.0 ], [ 134.519073906735429, -6.330740609891165, 0.0 ] ] ], [ [ [ 134.51993753199153, -6.332680584241571, 0.0 ], [ 134.520601401633456, -6.328568875752953, 0.0 ], [ 134.522435966446778, -6.333901248443822, 0.0 ], [ 134.51993753199153, -6.332680584241571, 0.0 ] ] ], [ [ [ 134.516474346214181, -6.325738031185128, 0.0 ], [ 134.51601272960383, -6.326470904908258, 0.0 ], [ 134.516350613889813, -6.325533396748798, 0.0 ], [ 134.516474346214181, -6.325738031185128, 0.0 ] ] ], [ [ [ 134.79171527134281, -6.327212655839335, 0.0 ], [ 134.787946179372739, -6.326871179661157, 0.0 ], [ 134.791981449983979, -6.325493272596442, 0.0 ], [ 134.79171527134281, -6.327212655839335, 0.0 ] ] ], [ [ [ 134.300697101989698, -6.328464977976259, 0.0 ], [ 134.298448554057586, -6.327760358253868, 0.0 ], [ 134.298759073772317, -6.324670151905901, 0.0 ], [ 134.300697101989698, -6.328464977976259, 0.0 ] ] ], [ [ [ 134.521310040426101, -6.324217354946952, 0.0 ], [ 134.521038782413939, -6.324374399958614, 0.0 ], [ 134.52091505008957, -6.324084105996589, 0.0 ], [ 134.521310040426101, -6.324217354946952, 0.0 ] ] ], [ [ [ 134.37318883329803, -6.322452894985079, 0.0 ], [ 134.372719414169666, -6.322805675641322, 0.0 ], [ 134.373183389701694, -6.322280456278032, 0.0 ], [ 134.37318883329803, -6.322452894985079, 0.0 ] ] ], [ [ [ 134.54014167859566, -6.322259931050914, 0.0 ], [ 134.539806174815226, -6.322438390719113, 0.0 ], [ 134.539870420583497, -6.322074332564379, 0.0 ], [ 134.54014167859566, -6.322259931050914, 0.0 ] ] ], [ [ [ 134.544216457323785, -6.331016725141651, 0.0 ], [ 134.535574304310813, -6.328396323731304, 0.0 ], [ 134.538818699423473, -6.320804652612625, 0.0 ], [ 134.544216457323785, -6.331016725141651, 0.0 ] ] ], [ [ [ 134.360474746112658, -6.321135874720766, 0.0 ], [ 134.36009551009974, -6.321666840752086, 0.0 ], [ 134.360173031660111, -6.320657779832643, 0.0 ], [ 134.360474746112658, -6.321135874720766, 0.0 ] ] ], [ [ [ 134.377452798807667, -6.320404378759007, 0.0 ], [ 134.376075143553095, -6.321869825831764, 0.0 ], [ 134.377297937350079, -6.319970561092506, 0.0 ], [ 134.377452798807667, -6.320404378759007, 0.0 ] ] ], [ [ [ 134.359329154616859, -6.320085012413371, 0.0 ], [ 134.359629045244304, -6.320669873915533, 0.0 ], [ 134.359451010056091, -6.320706404377034, 0.0 ], [ 134.359329154616859, -6.320085012413371, 0.0 ] ] ], [ [ [ 134.325980008870403, -6.322206053566485, 0.0 ], [ 134.323368079972965, -6.325464729013922, 0.0 ], [ 134.323296848270928, -6.31940691639599, 0.0 ], [ 134.325980008870403, -6.322206053566485, 0.0 ] ] ], [ [ [ 134.517003751022344, -6.319327623171204, 0.0 ], [ 134.516708954154979, -6.319388999202928, 0.0 ], [ 134.516718216272722, -6.318575712598999, 0.0 ], [ 134.517003751022344, -6.319327623171204, 0.0 ] ] ], [ [ [ 134.375173467981199, -6.318435610814691, 0.0 ], [ 134.374800499343706, -6.318466257911463, 0.0 ], [ 134.3752358809312, -6.318220850911497, 0.0 ], [ 134.375173467981199, -6.318435610814691, 0.0 ] ] ], [ [ [ 134.337150415159613, -6.31832502118275, 0.0 ], [ 134.336441994902202, -6.31776724726059, 0.0 ], [ 134.336710739309211, -6.317493393805033, 0.0 ], [ 134.337150415159613, -6.31832502118275, 0.0 ] ] ], [ [ [ 134.358286950982091, -6.319585324802882, 0.0 ], [ 134.356070031307041, -6.319295368086734, 0.0 ], [ 134.356846675034063, -6.31724692290712, 0.0 ], [ 134.358286950982091, -6.319585324802882, 0.0 ] ] ], [ [ [ 134.539705841051813, -6.316328570307198, 0.0 ], [ 134.540091313863087, -6.318034642684526, 0.0 ], [ 134.539406028665326, -6.318834141782207, 0.0 ], [ 134.539705841051813, -6.316328570307198, 0.0 ] ] ], [ [ [ 134.531521299068828, -6.322911903561471, 0.0 ], [ 134.52285584282302, -6.325060383929574, 0.0 ], [ 134.5290430903664, -6.315645029794296, 0.0 ], [ 134.530078156082112, -6.319957803309943, 0.0 ], [ 134.531521299068828, -6.322911903561471, 0.0 ] ] ], [ [ [ 134.540403024280209, -6.315670887101702, 0.0 ], [ 134.540003273832099, -6.315804136951345, 0.0 ], [ 134.540288808581806, -6.315437700089691, 0.0 ], [ 134.540403024280209, -6.315670887101702, 0.0 ] ] ], [ [ [ 134.382856878042531, -6.315068132688121, 0.0 ], [ 134.38329588929389, -6.315317976943006, 0.0 ], [ 134.382924693220019, -6.315342961008844, 0.0 ], [ 134.382856878042531, -6.315068132688121, 0.0 ] ] ], [ [ [ 134.529529690143136, -6.315395187337972, 0.0 ], [ 134.529215601019274, -6.315128686739494, 0.0 ], [ 134.529558242718736, -6.314895499727483, 0.0 ], [ 134.529529690143136, -6.315395187337972, 0.0 ] ] ], [ [ [ 134.382014972313243, -6.314875184941807, 0.0 ], [ 134.379460004675593, -6.318041967662661, 0.0 ], [ 134.379188341069153, -6.317921525957607, 0.0 ], [ 134.382014972313243, -6.314875184941807, 0.0 ] ] ], [ [ [ 134.36031115673461, -6.325508684278328, 0.0 ], [ 134.35293416278148, -6.341561218575346, 0.0 ], [ 134.338516035686581, -6.338660666656341, 0.0 ], [ 134.348635857558889, -6.314959652865663, 0.0 ], [ 134.36031115673461, -6.325508684278328, 0.0 ] ] ], [ [ [ 134.340496453448623, -6.3174587537185, 0.0 ], [ 134.345486626906364, -6.321289660589339, 0.0 ], [ 134.339815347400446, -6.324324082890057, 0.0 ], [ 134.340496453448623, -6.3174587537185, 0.0 ] ] ], [ [ [ 134.528906271107616, -6.313877090355361, 0.0 ], [ 134.528339959021963, -6.314176902741834, 0.0 ], [ 134.528425620346212, -6.313662939293144, 0.0 ], [ 134.528906271107616, -6.313877090355361, 0.0 ] ] ], [ [ [ 134.527854925864148, -6.313640830359971, 0.0 ], [ 134.522616543119057, -6.32393199916235, 0.0 ], [ 134.518341264138172, -6.322513231400499, 0.0 ], [ 134.517112503339376, -6.317734144115476, 0.0 ], [ 134.520943436290594, -6.31911423113685, 0.0 ], [ 134.527854925864148, -6.313640830359971, 0.0 ] ] ], [ [ [ 134.387507784057078, -6.313554903735755, 0.0 ], [ 134.386768713105624, -6.313857491430034, 0.0 ], [ 134.38751254326931, -6.313181328055765, 0.0 ], [ 134.387507784057078, -6.313554903735755, 0.0 ] ] ], [ [ [ 134.532211095265865, -6.312308213153432, 0.0 ], [ 134.532463317328308, -6.312431944578537, 0.0 ], [ 134.532049291041972, -6.312536640953129, 0.0 ], [ 134.532211095265865, -6.312308213153432, 0.0 ] ] ], [ [ [ 134.345930179734069, -6.312611561674223, 0.0 ], [ 134.343315014176653, -6.314089493135525, 0.0 ], [ 134.343774844733389, -6.312382710293799, 0.0 ], [ 134.345930179734069, -6.312611561674223, 0.0 ] ] ], [ [ [ 134.533034387726843, -6.311494437318358, 0.0 ], [ 134.531825621555328, -6.311442088681377, 0.0 ], [ 134.533120049051007, -6.311242214356642, 0.0 ], [ 134.533034387726843, -6.311494437318358, 0.0 ] ] ], [ [ [ 134.543225063585822, -6.31082547121851, 0.0 ], [ 134.542552867121202, -6.311075314574025, 0.0 ], [ 134.543034706786329, -6.309867738205525, 0.0 ], [ 134.543225063585822, -6.31082547121851, 0.0 ] ] ], [ [ [ 134.496940658584549, -6.311861706052894, 0.0 ], [ 134.493380798385118, -6.316570409696602, 0.0 ], [ 134.495784241049932, -6.309777297883982, 0.0 ], [ 134.496940658584549, -6.311861706052894, 0.0 ] ] ], [ [ [ 134.361923517056766, -6.316080909606185, 0.0 ], [ 134.357199094162979, -6.31326161593078, 0.0 ], [ 134.360476237188635, -6.308731513148728, 0.0 ], [ 134.360092831019415, -6.312206131108037, 0.0 ], [ 134.361923517056766, -6.316080909606185, 0.0 ] ] ], [ [ [ 134.496799081012853, -6.308624448859205, 0.0 ], [ 134.495936525949986, -6.309498901053415, 0.0 ], [ 134.496581910027203, -6.308245891834455, 0.0 ], [ 134.496799081012853, -6.308624448859205, 0.0 ] ] ], [ [ [ 134.313095921939293, -6.307350531301984, 0.0 ], [ 134.32196709720381, -6.338197392595538, 0.0 ], [ 134.324903089605982, -6.342169974164928, 0.0 ], [ 134.324314843055561, -6.344781120652136, 0.0 ], [ 134.327106426820251, -6.353386543554133, 0.0 ], [ 134.328804627431595, -6.355466409247316, 0.0 ], [ 134.320610203698067, -6.362468858950691, 0.0 ], [ 134.316183709111016, -6.361722415357089, 0.0 ], [ 134.311356966750651, -6.343257411000617, 0.0 ], [ 134.307727403696731, -6.338271866353543, 0.0 ], [ 134.307558429178243, -6.331504431983851, 0.0 ], [ 134.299497697760529, -6.322267657126605, 0.0 ], [ 134.313095921939293, -6.307350531301984, 0.0 ] ] ], [ [ [ 134.532842841124335, -6.307053648906694, 0.0 ], [ 134.531492497380952, -6.311310505275606, 0.0 ], [ 134.529279598574703, -6.314005243746993, 0.0 ], [ 134.528613349326662, -6.313148637699476, 0.0 ], [ 134.532842841124335, -6.307053648906694, 0.0 ] ] ], [ [ [ 134.505786518832764, -6.306746457582938, 0.0 ], [ 134.505300669989992, -6.307364109266159, 0.0 ], [ 134.505006201375181, -6.305778063107041, 0.0 ], [ 134.505786518832764, -6.306746457582938, 0.0 ] ] ], [ [ [ 134.310857501272693, -6.306526085910117, 0.0 ], [ 134.309500873966272, -6.306948302322261, 0.0 ], [ 134.31061855500235, -6.305624038918171, 0.0 ], [ 134.310857501272693, -6.306526085910117, 0.0 ] ] ], [ [ [ 134.544140759588487, -6.303819247959889, 0.0 ], [ 134.534796617370034, -6.328232516717217, 0.0 ], [ 134.530007495449553, -6.327418837109614, 0.0 ], [ 134.531951970906846, -6.322747860025649, 0.0 ], [ 134.52992562206984, -6.315170703964749, 0.0 ], [ 134.544140759588487, -6.303819247959889, 0.0 ] ] ], [ [ [ 134.542460622759535, -6.303744533183568, 0.0 ], [ 134.541718230611878, -6.303965823064209, 0.0 ], [ 134.542103704322585, -6.30353038122207, 0.0 ], [ 134.542460622759535, -6.303744533183568, 0.0 ] ] ], [ [ [ 134.357290781844227, -6.312221478938066, 0.0 ], [ 134.349328028865557, -6.314096327983147, 0.0 ], [ 134.356830721060987, -6.303481133447501, 0.0 ], [ 134.36055762223657, -6.306871598245571, 0.0 ], [ 134.357290781844227, -6.312221478938066, 0.0 ] ] ], [ [ [ 134.340312214736969, -6.30238794634657, 0.0 ], [ 134.339970112630681, -6.302707243444487, 0.0 ], [ 134.339907347146408, -6.302103131054596, 0.0 ], [ 134.340312214736969, -6.30238794634657, 0.0 ] ] ], [ [ [ 134.497094773605028, -6.302436495347922, 0.0 ], [ 134.496559933294321, -6.302188394878509, 0.0 ], [ 134.496661545893716, -6.302001471690558, 0.0 ], [ 134.497094773605028, -6.302436495347922, 0.0 ] ] ], [ [ [ 134.497554560094983, -6.316644423001686, 0.0 ], [ 134.494435087109622, -6.318307666065851, 0.0 ], [ 134.497083426858723, -6.312147240802427, 0.0 ], [ 134.498241455079068, -6.301739952436839, 0.0 ], [ 134.500479453963777, -6.304914420763889, 0.0 ], [ 134.496969212059525, -6.314160265284023, 0.0 ], [ 134.497554560094983, -6.316644423001686, 0.0 ] ] ], [ [ [ 134.353818324056419, -6.304851702044338, 0.0 ], [ 134.34515586615035, -6.311230731812748, 0.0 ], [ 134.352169932396549, -6.301570234178903, 0.0 ], [ 134.353818324056419, -6.304851702044338, 0.0 ] ] ], [ [ [ 134.338825981633789, -6.305007093202767, 0.0 ], [ 134.339756785347362, -6.302715299571363, 0.0 ], [ 134.34063321784879, -6.305687804448538, 0.0 ], [ 134.338825981633789, -6.305007093202767, 0.0 ] ] ], [ [ [ 134.746000701071608, -6.301000501971536, 0.0 ], [ 134.745484706054413, -6.301156249261445, 0.0 ], [ 134.745702655852966, -6.300846604587099, 0.0 ], [ 134.746000701071608, -6.301000501971536, 0.0 ] ] ], [ [ [ 134.498512460381789, -6.300905831239038, 0.0 ], [ 134.503135721236674, -6.303355873174946, 0.0 ], [ 134.50152381777005, -6.305291687261486, 0.0 ], [ 134.498512460381789, -6.300905831239038, 0.0 ] ] ], [ [ [ 134.3424735895845, -6.312167802901739, 0.0 ], [ 134.336750379626466, -6.310980221160171, 0.0 ], [ 134.335973536249725, -6.300613949973747, 0.0 ], [ 134.3424735895845, -6.312167802901739, 0.0 ] ] ], [ [ [ 134.717064670698051, -6.308320085903211, 0.0 ], [ 134.72796479294098, -6.306511080721736, 0.0 ], [ 134.714999651912478, -6.312960744142941, 0.0 ], [ 134.696198596987728, -6.305379667038017, 0.0 ], [ 134.706457260694066, -6.30034799616304, 0.0 ], [ 134.717064670698051, -6.308320085903211, 0.0 ] ] ], [ [ [ 134.329158890170646, -6.300507734644238, 0.0 ], [ 134.328519984809503, -6.300840470311434, 0.0 ], [ 134.328616784237255, -6.300261109962228, 0.0 ], [ 134.329158890170646, -6.300507734644238, 0.0 ] ] ], [ [ [ 134.333365889024634, -6.30201284002048, 0.0 ], [ 134.331948493628119, -6.302260680585884, 0.0 ], [ 134.331987901020852, -6.300118873187425, 0.0 ], [ 134.333365889024634, -6.30201284002048, 0.0 ] ] ], [ [ [ 134.746103365877786, -6.299951496764126, 0.0 ], [ 134.745843297230437, -6.300245370027805, 0.0 ], [ 134.745984735407347, -6.299889246591376, 0.0 ], [ 134.746103365877786, -6.299951496764126, 0.0 ] ] ], [ [ [ 134.495300851852903, -6.300031083167904, 0.0 ], [ 134.494866800362587, -6.299968952604988, 0.0 ], [ 134.495379744879415, -6.299834869983182, 0.0 ], [ 134.495300851852903, -6.300031083167904, 0.0 ] ] ], [ [ [ 134.355650093776887, -6.302461450635447, 0.0 ], [ 134.35249621992466, -6.300998933553873, 0.0 ], [ 134.354127982220689, -6.299658242234044, 0.0 ], [ 134.355650093776887, -6.302461450635447, 0.0 ] ] ], [ [ [ 134.495992151716479, -6.299680852089543, 0.0 ], [ 134.497492468203006, -6.302476626694879, 0.0 ], [ 134.494846792245738, -6.300875496207129, 0.0 ], [ 134.495992151716479, -6.299680852089543, 0.0 ] ] ], [ [ [ 134.495521838661944, -6.299309181173721, 0.0 ], [ 134.494978561811223, -6.299276795687518, 0.0 ], [ 134.495538072324251, -6.299042149075865, 0.0 ], [ 134.495521838661944, -6.299309181173721, 0.0 ] ] ], [ [ [ 134.500142103875106, -6.299776348399692, 0.0 ], [ 134.498921187862635, -6.300329971950606, 0.0 ], [ 134.499066797994402, -6.298815974077935, 0.0 ], [ 134.500142103875106, -6.299776348399692, 0.0 ] ] ], [ [ [ 134.486839166694295, -6.298368120692181, 0.0 ], [ 134.486090778766595, -6.298076221440389, 0.0 ], [ 134.486782953670371, -6.298071248189511, 0.0 ], [ 134.486839166694295, -6.298368120692181, 0.0 ] ] ], [ [ [ 134.497157819677653, -6.297929337868594, 0.0 ], [ 134.497738007403171, -6.299804089786835, 0.0 ], [ 134.495789125267947, -6.299279245440807, 0.0 ], [ 134.497157819677653, -6.297929337868594, 0.0 ] ] ], [ [ [ 134.33532515293345, -6.299480069449607, 0.0 ], [ 134.334013517809723, -6.299330496005576, 0.0 ], [ 134.334122845692832, -6.297781572961173, 0.0 ], [ 134.33532515293345, -6.299480069449607, 0.0 ] ] ], [ [ [ 134.505573648405175, -6.297787850229034, 0.0 ], [ 134.504646620944868, -6.298171421873614, 0.0 ], [ 134.505421339223545, -6.297521982753266, 0.0 ], [ 134.505573648405175, -6.297787850229034, 0.0 ] ] ], [ [ [ 134.508433551867029, -6.29795074533062, 0.0 ], [ 134.510426218395338, -6.301137403068661, 0.0 ], [ 134.510628472326204, -6.302874410325713, 0.0 ], [ 134.511354263888251, -6.306129591007784, 0.0 ], [ 134.512424965240001, -6.308763575778346, 0.0 ], [ 134.512344751109481, -6.309446059587901, 0.0 ], [ 134.508433551867029, -6.29795074533062, 0.0 ] ] ], [ [ [ 134.507302157968297, -6.29759570917459, 0.0 ], [ 134.507013053809459, -6.297902660379399, 0.0 ], [ 134.506995207662754, -6.297363711965679, 0.0 ], [ 134.507302157968297, -6.29759570917459, 0.0 ] ] ], [ [ [ 134.329495415581022, -6.297707807869005, 0.0 ], [ 134.328339988200071, -6.299874441951906, 0.0 ], [ 134.327752620287271, -6.297479425934752, 0.0 ], [ 134.329495415581022, -6.297707807869005, 0.0 ] ] ], [ [ [ 134.506895746241781, -6.298315020221938, 0.0 ], [ 134.505637674738978, -6.298959325112711, 0.0 ], [ 134.505975728097383, -6.296832759424279, 0.0 ], [ 134.506895746241781, -6.298315020221938, 0.0 ] ] ], [ [ [ 134.484300109862232, -6.297571279091211, 0.0 ], [ 134.482980409618222, -6.29791484709246, 0.0 ], [ 134.484066308613365, -6.296872819724778, 0.0 ], [ 134.484300109862232, -6.297571279091211, 0.0 ] ] ], [ [ [ 134.507749496941784, -6.296813461771825, 0.0 ], [ 134.507202220805908, -6.297081151274123, 0.0 ], [ 134.507431243956859, -6.296593360794914, 0.0 ], [ 134.507749496941784, -6.296813461771825, 0.0 ] ] ], [ [ [ 134.333606482852986, -6.297286231774172, 0.0 ], [ 134.332225322940388, -6.297038539596914, 0.0 ], [ 134.332488757750099, -6.296490486446763, 0.0 ], [ 134.333606482852986, -6.297286231774172, 0.0 ] ] ], [ [ [ 134.329576951715069, -6.29595040308855, 0.0 ], [ 134.329483542731396, -6.296133086872472, 0.0 ], [ 134.329433442399505, -6.295892288897934, 0.0 ], [ 134.329576951715069, -6.29595040308855, 0.0 ] ] ], [ [ [ 134.48132713284096, -6.296261296921272, 0.0 ], [ 134.479789902781789, -6.296598987852934, 0.0 ], [ 134.480545259556152, -6.295556639427317, 0.0 ], [ 134.48132713284096, -6.296261296921272, 0.0 ] ] ], [ [ [ 134.505648070901771, -6.295522672932989, 0.0 ], [ 134.506913420617991, -6.295874396885796, 0.0 ], [ 134.507144483431318, -6.296513481212144, 0.0 ], [ 134.505648070901771, -6.295522672932989, 0.0 ] ] ], [ [ [ 134.330657249732326, -6.296224154021405, 0.0 ], [ 134.330200207973206, -6.295737365387114, 0.0 ], [ 134.330421162406822, -6.295271234180059, 0.0 ], [ 134.330657249732326, -6.296224154021405, 0.0 ] ] ], [ [ [ 134.827095662734706, -6.295606403412783, 0.0 ], [ 134.833803363234637, -6.305881153292584, 0.0 ], [ 134.829621987864414, -6.320964904606611, 0.0 ], [ 134.803128473899989, -6.356076231432865, 0.0 ], [ 134.791003037959882, -6.36119147810417, 0.0 ], [ 134.787073032094781, -6.333983357445997, 0.0 ], [ 134.827095662734706, -6.295606403412783, 0.0 ] ] ], [ [ [ 134.321972181071345, -6.295213878117937, 0.0 ], [ 134.333994081661558, -6.325294714879152, 0.0 ], [ 134.320350930950809, -6.314473230255294, 0.0 ], [ 134.321972181071345, -6.295213878117937, 0.0 ] ] ], [ [ [ 134.327723210657695, -6.294132051253135, 0.0 ], [ 134.327590196430492, -6.294315619969807, 0.0 ], [ 134.327547993944819, -6.294179880796839, 0.0 ], [ 134.327723210657695, -6.294132051253135, 0.0 ] ] ], [ [ [ 134.339068479326926, -6.300911426820814, 0.0 ], [ 134.336974868395458, -6.299954737021433, 0.0 ], [ 134.336789735757691, -6.296683943209373, 0.0 ], [ 134.335937059747636, -6.294092175313607, 0.0 ], [ 134.339068479326926, -6.300911426820814, 0.0 ] ] ], [ [ [ 134.323757518794537, -6.293688767322684, 0.0 ], [ 134.323559431422694, -6.293945745000044, 0.0 ], [ 134.323483332589859, -6.293807136090449, 0.0 ], [ 134.323757518794537, -6.293688767322684, 0.0 ] ] ], [ [ [ 134.491089311422741, -6.295031605324279, 0.0 ], [ 134.493509928440488, -6.295604978886597, 0.0 ], [ 134.489146103110244, -6.297401421438379, 0.0 ], [ 134.491089311422741, -6.295031605324279, 0.0 ] ] ], [ [ [ 134.483725634630503, -6.29336096083957, 0.0 ], [ 134.482681620660287, -6.297764130610143, 0.0 ], [ 134.481492366179879, -6.297615955611827, 0.0 ], [ 134.483725634630503, -6.29336096083957, 0.0 ] ] ], [ [ [ 134.47790929717641, -6.295686454766062, 0.0 ], [ 134.475827327968886, -6.295410448333508, 0.0 ], [ 134.477022947850855, -6.293205867356803, 0.0 ], [ 134.47790929717641, -6.295686454766062, 0.0 ] ] ], [ [ [ 134.324201612114791, -6.293155248116093, 0.0 ], [ 134.323887781096261, -6.29334706091809, 0.0 ], [ 134.324162122883763, -6.293107141581248, 0.0 ], [ 134.324201612114791, -6.293155248116093, 0.0 ] ] ], [ [ [ 134.479747431398835, -6.297423461123834, 0.0 ], [ 134.477893950245686, -6.296628932579188, 0.0 ], [ 134.480633779825069, -6.293045252936017, 0.0 ], [ 134.480877675064704, -6.293402172272414, 0.0 ], [ 134.479717687221523, -6.296465728110848, 0.0 ], [ 134.479747431398835, -6.297423461123834, 0.0 ] ] ], [ [ [ 134.488369936923192, -6.293086271913832, 0.0 ], [ 134.487841871205461, -6.292842647370182, 0.0 ], [ 134.488161370650857, -6.292580064218515, 0.0 ], [ 134.488369936923192, -6.293086271913832, 0.0 ] ] ], [ [ [ 134.325700439323867, -6.293366345080712, 0.0 ], [ 134.324683370840944, -6.29339612613025, 0.0 ], [ 134.325461484959675, -6.292452996308632, 0.0 ], [ 134.325700439323867, -6.293366345080712, 0.0 ] ] ], [ [ [ 134.328554272361856, -6.292024288589974, 0.0 ], [ 134.328132785299886, -6.292453412694758, 0.0 ], [ 134.328475290302464, -6.291930903888047, 0.0 ], [ 134.328554272361856, -6.292024288589974, 0.0 ] ] ], [ [ [ 134.492277325738087, -6.293545846163776, 0.0 ], [ 134.488897374014613, -6.291736203363011, 0.0 ], [ 134.492309475601928, -6.292440584765106, 0.0 ], [ 134.492277325738087, -6.293545846163776, 0.0 ] ] ], [ [ [ 134.329541412306384, -6.291409174793542, 0.0 ], [ 134.329480628927968, -6.291579608012458, 0.0 ], [ 134.329455017135388, -6.291404100818524, 0.0 ], [ 134.329541412306384, -6.291409174793542, 0.0 ] ] ], [ [ [ 134.326498023764856, -6.291400240029058, 0.0 ], [ 134.326356438998545, -6.291657292350087, 0.0 ], [ 134.326455716957923, -6.291346477657792, 0.0 ], [ 134.326498023764856, -6.291400240029058, 0.0 ] ] ], [ [ [ 134.338198082175865, -6.292189772839744, 0.0 ], [ 134.337206179421713, -6.292425963587237, 0.0 ], [ 134.337820595344283, -6.29134126698581, 0.0 ], [ 134.338198082175865, -6.292189772839744, 0.0 ] ] ], [ [ [ 134.328385725920612, -6.291277809922916, 0.0 ], [ 134.32815694019078, -6.29124359431639, 0.0 ], [ 134.328239348667068, -6.290867741552989, 0.0 ], [ 134.328385725920612, -6.291277809922916, 0.0 ] ] ], [ [ [ 134.741835714047085, -6.290720367850681, 0.0 ], [ 134.741448134124198, -6.291098935667331, 0.0 ], [ 134.741584221334847, -6.290671091297798, 0.0 ], [ 134.741835714047085, -6.290720367850681, 0.0 ] ] ], [ [ [ 134.489884395248794, -6.290012157135364, 0.0 ], [ 134.48912119908411, -6.290429783407684, 0.0 ], [ 134.489667181994889, -6.289681204823675, 0.0 ], [ 134.489884395248794, -6.290012157135364, 0.0 ] ] ], [ [ [ 134.494750279701748, -6.289652862689436, 0.0 ], [ 134.495415516313045, -6.291205438779882, 0.0 ], [ 134.493667060686363, -6.290881488589743, 0.0 ], [ 134.494750279701748, -6.289652862689436, 0.0 ] ] ], [ [ [ 134.475821324094881, -6.294073673561122, 0.0 ], [ 134.473546431422761, -6.291903209265629, 0.0 ], [ 134.474642178893589, -6.289365316156363, 0.0 ], [ 134.475282081602785, -6.290862887012575, 0.0 ], [ 134.475388903974817, -6.293322048973308, 0.0 ], [ 134.475821324094881, -6.294073673561122, 0.0 ] ] ], [ [ [ 134.483097049888983, -6.292362281693879, 0.0 ], [ 134.48371379775358, -6.291486574046149, 0.0 ], [ 134.481499868324363, -6.296191055372872, 0.0 ], [ 134.48274199484726, -6.28857962974612, 0.0 ], [ 134.482657215757996, -6.291462914681726, 0.0 ], [ 134.483097049888983, -6.292362281693879, 0.0 ] ] ], [ [ [ 134.329557339299896, -6.29244162438141, 0.0 ], [ 134.33692743455353, -6.289876066327319, 0.0 ], [ 134.335279745264074, -6.294436166895493, 0.0 ], [ 134.335978649794953, -6.300234736443925, 0.0 ], [ 134.33363303263846, -6.296404317904861, 0.0 ], [ 134.329557339299896, -6.29244162438141, 0.0 ] ] ], [ [ [ 134.328718624365138, -6.288816668554346, 0.0 ], [ 134.327547295171598, -6.29018331161049, 0.0 ], [ 134.327097218661748, -6.288678899611425, 0.0 ], [ 134.328718624365138, -6.288816668554346, 0.0 ] ] ], [ [ [ 134.468747920580057, -6.288815139706897, 0.0 ], [ 134.468423149308933, -6.288698910426297, 0.0 ], [ 134.468462947906772, -6.288455842563038, 0.0 ], [ 134.468747920580057, -6.288815139706897, 0.0 ] ] ], [ [ [ 134.482979736026095, -6.287867819044538, 0.0 ], [ 134.482719477621941, -6.288218087894374, 0.0 ], [ 134.482790437728625, -6.287881764831552, 0.0 ], [ 134.482979736026095, -6.287867819044538, 0.0 ] ] ], [ [ [ 134.46452475191586, -6.28735133569556, 0.0 ], [ 134.46619726339307, -6.290080931889434, 0.0 ], [ 134.466018569901166, -6.29077614830054, 0.0 ], [ 134.464845534693723, -6.288603947414177, 0.0 ], [ 134.463960591008515, -6.289267344012631, 0.0 ], [ 134.46452475191586, -6.28735133569556, 0.0 ] ] ], [ [ [ 134.468065329751198, -6.28774307858018, 0.0 ], [ 134.467740651110262, -6.287536390092256, 0.0 ], [ 134.467995107088512, -6.287344425304901, 0.0 ], [ 134.468065329751198, -6.28774307858018, 0.0 ] ] ], [ [ [ 134.31421084385542, -6.288015279981155, 0.0 ], [ 134.316636932348615, -6.290372536163583, 0.0 ], [ 134.316665485823592, -6.291371909585911, 0.0 ], [ 134.31421084385542, -6.288015279981155, 0.0 ] ] ], [ [ [ 134.501904904587718, -6.287647316070703, 0.0 ], [ 134.504351453556723, -6.289656504044387, 0.0 ], [ 134.501898273886212, -6.294612642659273, 0.0 ], [ 134.500802205357559, -6.294509830364329, 0.0 ], [ 134.501904904587718, -6.287647316070703, 0.0 ] ] ], [ [ [ 134.464847900809986, -6.286922581212088, 0.0 ], [ 134.464724452671334, -6.287072800369379, 0.0 ], [ 134.464722300593706, -6.286867306181224, 0.0 ], [ 134.464847900809986, -6.286922581212088, 0.0 ] ] ], [ [ [ 134.485145099366889, -6.287097048789717, 0.0 ], [ 134.484550233806374, -6.287111326426568, 0.0 ], [ 134.484845286980431, -6.286678264190452, 0.0 ], [ 134.485145099366889, -6.287097048789717, 0.0 ] ] ], [ [ [ 134.475276335834309, -6.285355187891621, 0.0 ], [ 134.474829665057058, -6.285657210811538, 0.0 ], [ 134.475005541872292, -6.284939372853752, 0.0 ], [ 134.475276335834309, -6.285355187891621, 0.0 ] ] ], [ [ [ 134.483107103410106, -6.284444535287007, 0.0 ], [ 134.483914587588202, -6.290681324683404, 0.0 ], [ 134.483127830085323, -6.292065695175689, 0.0 ], [ 134.483458714048396, -6.288857567922416, 0.0 ], [ 134.483202481009698, -6.287992304101556, 0.0 ], [ 134.482829837926744, -6.2877149064178, 0.0 ], [ 134.480722798318538, -6.292900051995768, 0.0 ], [ 134.483107103410106, -6.284444535287007, 0.0 ] ] ], [ [ [ 134.464222511359822, -6.287305796725099, 0.0 ], [ 134.461675262603364, -6.289072771191399, 0.0 ], [ 134.463496716200552, -6.284294486101575, 0.0 ], [ 134.464222511359822, -6.287305796725099, 0.0 ] ] ], [ [ [ 134.492387748096121, -6.284559441664842, 0.0 ], [ 134.491935618434127, -6.284674903823698, 0.0 ], [ 134.492266691254827, -6.284123991728822, 0.0 ], [ 134.492387748096121, -6.284559441664842, 0.0 ] ] ], [ [ [ 134.495018678769071, -6.286713211845178, 0.0 ], [ 134.4899043017422, -6.290532955431497, 0.0 ], [ 134.492899950672268, -6.283675139196258, 0.0 ], [ 134.495018678769071, -6.286713211845178, 0.0 ] ] ], [ [ [ 134.303795026319477, -6.284171802386743, 0.0 ], [ 134.304830431079637, -6.283705434658041, 0.0 ], [ 134.304713762030644, -6.285040747132679, 0.0 ], [ 134.303795026319477, -6.284171802386743, 0.0 ] ] ], [ [ [ 134.31633947798457, -6.28280426000856, 0.0 ], [ 134.315486736323891, -6.283335741351318, 0.0 ], [ 134.315714843965026, -6.282572287081293, 0.0 ], [ 134.31633947798457, -6.28280426000856, 0.0 ] ] ], [ [ [ 134.335051914614269, -6.286978891362675, 0.0 ], [ 134.328141640024654, -6.287139662265488, 0.0 ], [ 134.331882421336758, -6.282384198372063, 0.0 ], [ 134.335051914614269, -6.286978891362675, 0.0 ] ] ], [ [ [ 134.325646717422188, -6.281961390205896, 0.0 ], [ 134.326405102213783, -6.287687941145562, 0.0 ], [ 134.323185754119379, -6.283046289154885, 0.0 ], [ 134.325646717422188, -6.281961390205896, 0.0 ] ] ], [ [ [ 134.466482512158223, -6.284625451003726, 0.0 ], [ 134.467166306280092, -6.290059305892174, 0.0 ], [ 134.464078314063045, -6.281897935841022, 0.0 ], [ 134.466482512158223, -6.284625451003726, 0.0 ] ] ], [ [ [ 134.851991587741594, -6.283749508632822, 0.0 ], [ 134.875975582207417, -6.289780053806363, 0.0 ], [ 134.892590565102523, -6.287931450575871, 0.0 ], [ 134.908373530314293, -6.320944251675868, 0.0 ], [ 134.900918677555012, -6.351533413136482, 0.0 ], [ 134.854346565041965, -6.429781433266494, 0.0 ], [ 134.856808229816011, -6.448845237717452, 0.0 ], [ 134.844311565426409, -6.477307903636812, 0.0 ], [ 134.805676354879864, -6.456970106085506, 0.0 ], [ 134.802779124157269, -6.438181881788355, 0.0 ], [ 134.814033242040551, -6.429323117168088, 0.0 ], [ 134.805090770322863, -6.425888516341941, 0.0 ], [ 134.796749251676715, -6.389954311642113, 0.0 ], [ 134.844523200185563, -6.325415528903448, 0.0 ], [ 134.851991587741594, -6.283749508632822, 0.0 ] ] ], [ [ [ 134.314800557199987, -6.300711017399489, 0.0 ], [ 134.307295668860121, -6.284698922916902, 0.0 ], [ 134.309938097365375, -6.281771082869073, 0.0 ], [ 134.317812320182526, -6.294586708010089, 0.0 ], [ 134.314800557199987, -6.300711017399489, 0.0 ] ] ], [ [ [ 134.30725703128698, -6.282814324321587, 0.0 ], [ 134.304603932325648, -6.283135552263878, 0.0 ], [ 134.306079119955484, -6.281622021139269, 0.0 ], [ 134.30725703128698, -6.282814324321587, 0.0 ] ] ], [ [ [ 134.381835708651096, -6.285324895127768, 0.0 ], [ 134.386963442408955, -6.28440330766649, 0.0 ], [ 134.38494471622576, -6.286454562328085, 0.0 ], [ 134.383415064753535, -6.285355062885837, 0.0 ], [ 134.381835708651096, -6.285324895127768, 0.0 ] ] ], [ [ [ 134.308248567117744, -6.281595709674174, 0.0 ], [ 134.30690579566604, -6.281434032254722, 0.0 ], [ 134.307802382873803, -6.280632425146297, 0.0 ], [ 134.308248567117744, -6.281595709674174, 0.0 ] ] ], [ [ [ 134.365153539204556, -6.325622039325633, 0.0 ], [ 134.36161961994955, -6.305052572817952, 0.0 ], [ 134.366410449682547, -6.299426804403455, 0.0 ], [ 134.372430470090251, -6.289147622664596, 0.0 ], [ 134.374588657740446, -6.283629835848251, 0.0 ], [ 134.380282460767006, -6.279043199883708, 0.0 ], [ 134.365153539204556, -6.325622039325633, 0.0 ] ] ], [ [ [ 134.325992906947135, -6.280980950210661, 0.0 ], [ 134.322706232007022, -6.280295238734261, 0.0 ], [ 134.324516700385544, -6.278383867321561, 0.0 ], [ 134.325992906947135, -6.280980950210661, 0.0 ] ] ], [ [ [ 134.474210212031721, -6.27975172895903, 0.0 ], [ 134.473369402575884, -6.278690823922321, 0.0 ], [ 134.473415083639196, -6.278213134628422, 0.0 ], [ 134.474210212031721, -6.27975172895903, 0.0 ] ] ], [ [ [ 134.3234100324471, -6.277997865708843, 0.0 ], [ 134.323221443714715, -6.278190457323677, 0.0 ], [ 134.323177021702264, -6.278038375670451, 0.0 ], [ 134.3234100324471, -6.277997865708843, 0.0 ] ] ], [ [ [ 134.312624202345063, -6.27800147828557, 0.0 ], [ 134.312209881980465, -6.278238447846078, 0.0 ], [ 134.312393918344668, -6.277924921697745, 0.0 ], [ 134.312624202345063, -6.27800147828557, 0.0 ] ] ], [ [ [ 134.31547511978107, -6.28392950973902, 0.0 ], [ 134.321362542347487, -6.287702780858576, 0.0 ], [ 134.318885194296456, -6.292405727042619, 0.0 ], [ 134.311130788155424, -6.283011486291005, 0.0 ], [ 134.31393260530561, -6.276850082565203, 0.0 ], [ 134.31547511978107, -6.28392950973902, 0.0 ] ] ], [ [ [ 134.4706413963834, -6.281503206307874, 0.0 ], [ 134.469718652393908, -6.280456345983491, 0.0 ], [ 134.469670304840747, -6.278790996707055, 0.0 ], [ 134.46905640422969, -6.27638179298529, 0.0 ], [ 134.4706413963834, -6.281503206307874, 0.0 ] ] ], [ [ [ 134.470395214167894, -6.281898712855209, 0.0 ], [ 134.466971559889686, -6.280291708895262, 0.0 ], [ 134.468536944124708, -6.275694772096045, 0.0 ], [ 134.469557395857265, -6.280679501957457, 0.0 ], [ 134.470395214167894, -6.281898712855209, 0.0 ] ] ], [ [ [ 134.472604495900754, -6.275441427679666, 0.0 ], [ 134.472307600015796, -6.275704024321253, 0.0 ], [ 134.472325151184748, -6.275107581349707, 0.0 ], [ 134.472604495900754, -6.275441427679666, 0.0 ] ] ], [ [ [ 134.316433198133609, -6.281718058841327, 0.0 ], [ 134.322426217296254, -6.27837268605063, 0.0 ], [ 134.322021086204273, -6.281450493445443, 0.0 ], [ 134.324204048378249, -6.286428401049785, 0.0 ], [ 134.316433198133609, -6.281718058841327, 0.0 ] ] ], [ [ [ 134.455950661394013, -6.276337673145064, 0.0 ], [ 134.463493822182187, -6.281603346716994, 0.0 ], [ 134.461291351914412, -6.288775559644292, 0.0 ], [ 134.461630892751657, -6.291010511625731, 0.0 ], [ 134.466303681070144, -6.290999758432107, 0.0 ], [ 134.467389195155363, -6.29035069612767, 0.0 ], [ 134.467933376723948, -6.288624059852469, 0.0 ], [ 134.483136710890562, -6.302522146779647, 0.0 ], [ 134.496380491566441, -6.302400562036307, 0.0 ], [ 134.493054999188871, -6.316626576854993, 0.0 ], [ 134.495405907056977, -6.320833464192947, 0.0 ], [ 134.503792475442424, -6.3045952909399, 0.0 ], [ 134.515759080317366, -6.328275647303253, 0.0 ], [ 134.525180046222175, -6.339053691974232, 0.0 ], [ 134.533278838747492, -6.341219740598517, 0.0 ], [ 134.530203180732286, -6.3498013098825, 0.0 ], [ 134.520998881293394, -6.361655648789081, 0.0 ], [ 134.515024121066403, -6.375152728015968, 0.0 ], [ 134.516494865145972, -6.380078974065365, 0.0 ], [ 134.5141974138796, -6.387336967027383, 0.0 ], [ 134.515478231934935, -6.405357460778109, 0.0 ], [ 134.505552178889928, -6.410165814700512, 0.0 ], [ 134.478281129070865, -6.448830442071233, 0.0 ], [ 134.464862228808869, -6.441726905871973, 0.0 ], [ 134.471185193042288, -6.429555593715611, 0.0 ], [ 134.468392119101026, -6.427882054313353, 0.0 ], [ 134.456318425654928, -6.426648186264731, 0.0 ], [ 134.442521147333196, -6.438282575280566, 0.0 ], [ 134.437190373636895, -6.423837456833129, 0.0 ], [ 134.43200853306746, -6.430788473409236, 0.0 ], [ 134.432510560713922, -6.424024513120744, 0.0 ], [ 134.43028401469553, -6.423824163953976, 0.0 ], [ 134.431849014020855, -6.416645847327977, 0.0 ], [ 134.432226662730386, -6.40734045509788, 0.0 ], [ 134.431865701840678, -6.406675759878392, 0.0 ], [ 134.427036503431964, -6.416790308126145, 0.0 ], [ 134.421024888088141, -6.404010701732402, 0.0 ], [ 134.420017054743369, -6.403903158104266, 0.0 ], [ 134.417854703231995, -6.408281177434353, 0.0 ], [ 134.415621227038059, -6.407229467965506, 0.0 ], [ 134.414566976085098, -6.401268461969848, 0.0 ], [ 134.407801306185405, -6.397153390016878, 0.0 ], [ 134.397565294602714, -6.395914671924511, 0.0 ], [ 134.389945695937172, -6.399628550017481, 0.0 ], [ 134.392505634127843, -6.39017318594373, 0.0 ], [ 134.379293496098086, -6.399087186924105, 0.0 ], [ 134.384620355944719, -6.37268869532697, 0.0 ], [ 134.369838839790646, -6.380549055094757, 0.0 ], [ 134.361752866201869, -6.368454689832052, 0.0 ], [ 134.365047271714275, -6.357058402623109, 0.0 ], [ 134.362345201070156, -6.350940784189766, 0.0 ], [ 134.379213314342991, -6.319892181578871, 0.0 ], [ 134.396595272354062, -6.311729083930099, 0.0 ], [ 134.415621467157081, -6.29049890260223, 0.0 ], [ 134.455950661394013, -6.276337673145064, 0.0 ] ] ], [ [ [ 134.467591714386145, -6.273479074599545, 0.0 ], [ 134.466988047160697, -6.278063511721647, 0.0 ], [ 134.466459806974626, -6.275636461853188, 0.0 ], [ 134.467591714386145, -6.273479074599545, 0.0 ] ] ], [ [ [ 134.317628863881112, -6.273359849677255, 0.0 ], [ 134.319054510557265, -6.274028994742213, 0.0 ], [ 134.31712505018092, -6.274105455102656, 0.0 ], [ 134.317628863881112, -6.273359849677255, 0.0 ] ] ], [ [ [ 134.466921143895831, -6.273481607989754, 0.0 ], [ 134.466519878989288, -6.273588619219409, 0.0 ], [ 134.466783050297664, -6.273153555092462, 0.0 ], [ 134.466921143895831, -6.273481607989754, 0.0 ] ] ], [ [ [ 134.469108752866759, -6.273824467325254, 0.0 ], [ 134.468702915807, -6.275320467065874, 0.0 ], [ 134.469006436098198, -6.272184781102722, 0.0 ], [ 134.469108752866759, -6.273824467325254, 0.0 ] ] ], [ [ [ 134.468355012174158, -6.271631520877889, 0.0 ], [ 134.468194899574968, -6.273516853320053, 0.0 ], [ 134.467173456789595, -6.272311587309857, 0.0 ], [ 134.467760995573627, -6.272380028415529, 0.0 ], [ 134.468355012174158, -6.271631520877889, 0.0 ] ] ], [ [ [ 134.412410113136247, -6.271449551155754, 0.0 ], [ 134.412073515780207, -6.271825137719914, 0.0 ], [ 134.411986150240779, -6.271638471738043, 0.0 ], [ 134.412410113136247, -6.271449551155754, 0.0 ] ] ], [ [ [ 134.472305375992448, -6.271604349660968, 0.0 ], [ 134.471788093146102, -6.271903473166755, 0.0 ], [ 134.472102568079123, -6.271013337695289, 0.0 ], [ 134.472305375992448, -6.271604349660968, 0.0 ] ] ], [ [ [ 134.447928081915506, -6.272079239365417, 0.0 ], [ 134.441375383167525, -6.278757711898812, 0.0 ], [ 134.433019048190573, -6.281193918664377, 0.0 ], [ 134.435374607352259, -6.271209342237309, 0.0 ], [ 134.447928081915506, -6.272079239365417, 0.0 ] ] ], [ [ [ 134.439478879346893, -6.266365760071738, 0.0 ], [ 134.440761594971718, -6.268860379602773, 0.0 ], [ 134.435399032939131, -6.266884345136318, 0.0 ], [ 134.439478879346893, -6.266365760071738, 0.0 ] ] ], [ [ [ 134.432552237096161, -6.266420233806683, 0.0 ], [ 134.433115928557328, -6.267630717683374, 0.0 ], [ 134.431987123806863, -6.266527040890217, 0.0 ], [ 134.432552237096161, -6.266420233806683, 0.0 ] ] ], [ [ [ 134.466461450935327, -6.279272918210558, 0.0 ], [ 134.461024055415891, -6.270176283808374, 0.0 ], [ 134.463268424198532, -6.266141880143631, 0.0 ], [ 134.466242254676303, -6.272126112929736, 0.0 ], [ 134.466461450935327, -6.279272918210558, 0.0 ] ] ], [ [ [ 134.473554183578841, -6.265589122639862, 0.0 ], [ 134.473085098098863, -6.265724340206073, 0.0 ], [ 134.473153311676072, -6.265311690781842, 0.0 ], [ 134.473554183578841, -6.265589122639862, 0.0 ] ] ], [ [ [ 134.47177556738859, -6.265389829277161, 0.0 ], [ 134.471473075022431, -6.26560436434989, 0.0 ], [ 134.471560937887062, -6.2653189420155, 0.0 ], [ 134.47177556738859, -6.265389829277161, 0.0 ] ] ], [ [ [ 134.408874378150131, -6.26512512192681, 0.0 ], [ 134.407709194024136, -6.266274315207435, 0.0 ], [ 134.406859987598409, -6.265289630412044, 0.0 ], [ 134.408874378150131, -6.26512512192681, 0.0 ] ] ], [ [ [ 134.457980515788194, -6.265661536950321, 0.0 ], [ 134.456364379212772, -6.265891663569415, 0.0 ], [ 134.457650650757074, -6.265022333913509, 0.0 ], [ 134.457980515788194, -6.265661536950321, 0.0 ] ] ], [ [ [ 134.474785226856824, -6.266182896423426, 0.0 ], [ 134.472149974042196, -6.269702118957613, 0.0 ], [ 134.473764072753852, -6.265887192140144, 0.0 ], [ 134.473259523408359, -6.264764434431028, 0.0 ], [ 134.473910774662613, -6.264501807212567, 0.0 ], [ 134.474785226856824, -6.266182896423426, 0.0 ] ] ], [ [ [ 134.424062350996792, -6.264299626126827, 0.0 ], [ 134.434650614434361, -6.271940705099403, 0.0 ], [ 134.429519183563571, -6.283423293949823, 0.0 ], [ 134.419433419017111, -6.273433583293179, 0.0 ], [ 134.409038607845559, -6.269806487079669, 0.0 ], [ 134.424062350996792, -6.264299626126827, 0.0 ] ] ], [ [ [ 134.405695229751103, -6.263561137936139, 0.0 ], [ 134.404789652020867, -6.264965030012063, 0.0 ], [ 134.403997170333213, -6.263788182578515, 0.0 ], [ 134.405695229751103, -6.263561137936139, 0.0 ] ] ], [ [ [ 134.430752714366321, -6.26354368659177, 0.0 ], [ 134.435961112815221, -6.264340818673801, 0.0 ], [ 134.438157114259553, -6.266056224215325, 0.0 ], [ 134.430752714366321, -6.26354368659177, 0.0 ] ] ], [ [ [ 134.437679764009999, -6.263347625392583, 0.0 ], [ 134.435117608990481, -6.263257241728296, 0.0 ], [ 134.434804483939871, -6.262841362838571, 0.0 ], [ 134.437679764009999, -6.263347625392583, 0.0 ] ] ], [ [ [ 134.457820842058197, -6.264352553027822, 0.0 ], [ 134.456521406237925, -6.264294671761642, 0.0 ], [ 134.458735063172668, -6.262654576347585, 0.0 ], [ 134.457820842058197, -6.264352553027822, 0.0 ] ] ], [ [ [ 134.469043350570217, -6.263808474881198, 0.0 ], [ 134.471188141919271, -6.265998605551174, 0.0 ], [ 134.47313151660623, -6.266226707796267, 0.0 ], [ 134.471726279144434, -6.270236565365187, 0.0 ], [ 134.471577533976074, -6.272068200187223, 0.0 ], [ 134.473445132686777, -6.291498871375793, 0.0 ], [ 134.469043350570217, -6.263808474881198, 0.0 ] ] ], [ [ [ 134.743061577230065, -6.262736607108702, 0.0 ], [ 134.742727324406587, -6.262562131437192, 0.0 ], [ 134.743221866995697, -6.26225287886724, 0.0 ], [ 134.743061577230065, -6.262736607108702, 0.0 ] ] ], [ [ [ 134.431372667414792, -6.262357098601149, 0.0 ], [ 134.428394590338087, -6.262873997436972, 0.0 ], [ 134.427753808991184, -6.262426662960045, 0.0 ], [ 134.431372667414792, -6.262357098601149, 0.0 ] ] ], [ [ [ 134.464299916008372, -6.262041502213459, 0.0 ], [ 134.467723001015827, -6.262193948092224, 0.0 ], [ 134.46450881682847, -6.267260590903482, 0.0 ], [ 134.464299916008372, -6.262041502213459, 0.0 ] ] ], [ [ [ 134.469915150663752, -6.261792866647457, 0.0 ], [ 134.471196930094266, -6.265361956589003, 0.0 ], [ 134.468730179654159, -6.261350286886173, 0.0 ], [ 134.469915150663752, -6.261792866647457, 0.0 ] ] ], [ [ [ 134.463957972182669, -6.263921969323397, 0.0 ], [ 134.457393387994614, -6.267939348821886, 0.0 ], [ 134.461657663770211, -6.261122616315599, 0.0 ], [ 134.463957972182669, -6.263921969323397, 0.0 ] ] ], [ [ [ 134.459355059388628, -6.261366183302711, 0.0 ], [ 134.457648381767541, -6.261746044344444, 0.0 ], [ 134.459960813940484, -6.260188021060279, 0.0 ], [ 134.459355059388628, -6.261366183302711, 0.0 ] ] ], [ [ [ 134.46924076974571, -6.259709177936105, 0.0 ], [ 134.468338784807059, -6.260519566025095, 0.0 ], [ 134.468327807682243, -6.260200123237051, 0.0 ], [ 134.46924076974571, -6.259709177936105, 0.0 ] ] ], [ [ [ 134.466974137346597, -6.259240418910198, 0.0 ], [ 134.466669565747907, -6.259311802597515, 0.0 ], [ 134.466793298072275, -6.259173794435017, 0.0 ], [ 134.466974137346597, -6.259240418910198, 0.0 ] ] ], [ [ [ 134.330156806691349, -6.259255844981197, 0.0 ], [ 134.329784238252046, -6.25900661496324, 0.0 ], [ 134.330759483763245, -6.2584905623895, 0.0 ], [ 134.330156806691349, -6.259255844981197, 0.0 ] ] ], [ [ [ 134.382855779071065, -6.258141396108456, 0.0 ], [ 134.382084833448403, -6.258208020583637, 0.0 ], [ 134.382636867897133, -6.257846342934296, 0.0 ], [ 134.382855779071065, -6.258141396108456, 0.0 ] ] ], [ [ [ 134.397724537557451, -6.257714451061051, 0.0 ], [ 134.3968632055726, -6.257478838577483, 0.0 ], [ 134.397121132034727, -6.256730034263639, 0.0 ], [ 134.397724537557451, -6.257714451061051, 0.0 ] ] ], [ [ [ 134.465118362022878, -6.256533890326724, 0.0 ], [ 134.46413325814342, -6.258517319019034, 0.0 ], [ 134.461079956374931, -6.258047768589651, 0.0 ], [ 134.465118362022878, -6.256533890326724, 0.0 ] ] ], [ [ [ 134.398850550812341, -6.253761053829513, 0.0 ], [ 134.398330587986322, -6.253918759842828, 0.0 ], [ 134.398574108208521, -6.253413042278026, 0.0 ], [ 134.398850550812341, -6.253761053829513, 0.0 ] ] ], [ [ [ 134.390488632844153, -6.252178502435849, 0.0 ], [ 134.392324793054883, -6.259181579865984, 0.0 ], [ 134.42214636336405, -6.281270989664359, 0.0 ], [ 134.386441647664043, -6.311561748875575, 0.0 ], [ 134.374732129284411, -6.307821967609665, 0.0 ], [ 134.387360186423507, -6.284399527815924, 0.0 ], [ 134.379173563409239, -6.265279183887155, 0.0 ], [ 134.390488632844153, -6.252178502435849, 0.0 ] ] ], [ [ [ 134.444370303646707, -6.251711088795701, 0.0 ], [ 134.445365304565257, -6.251112854374678, 0.0 ], [ 134.445594220696734, -6.253702461199565, 0.0 ], [ 134.444370303646707, -6.251711088795701, 0.0 ] ] ], [ [ [ 134.401974917908234, -6.249463834088579, 0.0 ], [ 134.400879012156764, -6.249332553754331, 0.0 ], [ 134.402102351842132, -6.249186952615719, 0.0 ], [ 134.401974917908234, -6.249463834088579, 0.0 ] ] ], [ [ [ 134.40708717883038, -6.249456714156024, 0.0 ], [ 134.406417862894187, -6.2492948307918, 0.0 ], [ 134.406531148693603, -6.249037720014686, 0.0 ], [ 134.40708717883038, -6.249456714156024, 0.0 ] ] ], [ [ [ 134.397556733956208, -6.253511083669564, 0.0 ], [ 134.393296565384247, -6.25369840615642, 0.0 ], [ 134.394759623857567, -6.248993480564628, 0.0 ], [ 134.397556733956208, -6.253511083669564, 0.0 ] ] ], [ [ [ 134.398660774075552, -6.258888912593167, 0.0 ], [ 134.406803354591261, -6.250379612828797, 0.0 ], [ 134.414027735391755, -6.251904291949443, 0.0 ], [ 134.421487324880189, -6.260506045617457, 0.0 ], [ 134.398660774075552, -6.258888912593167, 0.0 ] ] ], [ [ [ 134.368073044335631, -6.249012978765903, 0.0 ], [ 134.36563007916493, -6.24856340767506, 0.0 ], [ 134.36676687079455, -6.24756692377442, 0.0 ], [ 134.368073044335631, -6.249012978765903, 0.0 ] ] ], [ [ [ 134.362136210317885, -6.246596850264367, 0.0 ], [ 134.366926344874997, -6.251199528335486, 0.0 ], [ 134.36291482266094, -6.253699206553146, 0.0 ], [ 134.362136210317885, -6.246596850264367, 0.0 ] ] ], [ [ [ 134.363701582861836, -6.246391445109082, 0.0 ], [ 134.363503651972024, -6.246549506354596, 0.0 ], [ 134.363520745386182, -6.246430802139783, 0.0 ], [ 134.363701582861836, -6.246391445109082, 0.0 ] ] ], [ [ [ 134.43632881592211, -6.253373177130398, 0.0 ], [ 134.433248866342183, -6.248855443623728, 0.0 ], [ 134.432017468731289, -6.245996209257568, 0.0 ], [ 134.434189496048504, -6.246281229595033, 0.0 ], [ 134.43632881592211, -6.253373177130398, 0.0 ] ] ], [ [ [ 134.362833874683531, -6.244451226143059, 0.0 ], [ 134.363053720253106, -6.244858547983582, 0.0 ], [ 134.362489107886034, -6.244563879719215, 0.0 ], [ 134.362833874683531, -6.244451226143059, 0.0 ] ] ], [ [ [ 134.749796102708046, -6.24281067207482, 0.0 ], [ 134.749598350783344, -6.242818494377981, 0.0 ], [ 134.749776376079012, -6.242709742060963, 0.0 ], [ 134.749796102708046, -6.24281067207482, 0.0 ] ] ], [ [ [ 134.427387161688188, -6.242097177842413, 0.0 ], [ 134.426385977031231, -6.24318723710127, 0.0 ], [ 134.42614366100122, -6.242615957160672, 0.0 ], [ 134.427387161688188, -6.242097177842413, 0.0 ] ] ], [ [ [ 134.752475952902955, -6.242038210195203, 0.0 ], [ 134.752341228165193, -6.24258430821916, 0.0 ], [ 134.751922270896131, -6.242012224284713, 0.0 ], [ 134.752475952902955, -6.242038210195203, 0.0 ] ] ], [ [ [ 134.749078729699676, -6.241858504966017, 0.0 ], [ 134.748983678553969, -6.242135498854199, 0.0 ], [ 134.748879051427195, -6.241761447432807, 0.0 ], [ 134.749078729699676, -6.241858504966017, 0.0 ] ] ], [ [ [ 134.440396312839596, -6.241466648766795, 0.0 ], [ 134.43997219526068, -6.241833684576807, 0.0 ], [ 134.439836787937452, -6.241658278107013, 0.0 ], [ 134.440396312839596, -6.241466648766795, 0.0 ] ] ], [ [ [ 134.391640171556816, -6.248168617887354, 0.0 ], [ 134.37860249211144, -6.265065031925658, 0.0 ], [ 134.378067113106738, -6.2732027893772, 0.0 ], [ 134.379813414857239, -6.278570852562718, 0.0 ], [ 134.37395535875288, -6.283983982574685, 0.0 ], [ 134.365838025804408, -6.299218856864711, 0.0 ], [ 134.361269212604185, -6.304181691831515, 0.0 ], [ 134.352976351777329, -6.298512476269717, 0.0 ], [ 134.342654032257826, -6.311443312658652, 0.0 ], [ 134.339355256939598, -6.30075792244014, 0.0 ], [ 134.338533379112221, -6.291643406817719, 0.0 ], [ 134.336714064102807, -6.285862106051336, 0.0 ], [ 134.320808986245737, -6.268184855646534, 0.0 ], [ 134.338152115128082, -6.25634310994652, 0.0 ], [ 134.343233966374555, -6.245118744334536, 0.0 ], [ 134.342792257157015, -6.248213502151393, 0.0 ], [ 134.34591003492028, -6.257992349667133, 0.0 ], [ 134.349682329376009, -6.261711408754493, 0.0 ], [ 134.354332005117953, -6.264131210986505, 0.0 ], [ 134.356626154073922, -6.263089636877143, 0.0 ], [ 134.362693779194643, -6.254694898151029, 0.0 ], [ 134.385826189427121, -6.241239053739259, 0.0 ], [ 134.391640171556816, -6.248168617887354, 0.0 ] ] ], [ [ [ 134.42739222127409, -6.240039264600376, 0.0 ], [ 134.427092702066602, -6.240118090177641, 0.0 ], [ 134.427234221182403, -6.23986383025155, 0.0 ], [ 134.42739222127409, -6.240039264600376, 0.0 ] ] ], [ [ [ 134.370391804138535, -6.239933310074156, 0.0 ], [ 134.371480056659351, -6.246455996646886, 0.0 ], [ 134.372467622882652, -6.247406974851958, 0.0 ], [ 134.371684150603244, -6.248234287282432, 0.0 ], [ 134.370391804138535, -6.239933310074156, 0.0 ] ] ], [ [ [ 134.439138279108306, -6.239723991968641, 0.0 ], [ 134.439119616377297, -6.241335256916506, 0.0 ], [ 134.437269021148495, -6.238981372292488, 0.0 ], [ 134.439138279108306, -6.239723991968641, 0.0 ] ] ], [ [ [ 134.391446444098108, -6.23885843227077, 0.0 ], [ 134.392453691085109, -6.242364818781335, 0.0 ], [ 134.389359240836342, -6.240001441813074, 0.0 ], [ 134.391446444098108, -6.23885843227077, 0.0 ] ] ], [ [ [ 134.395241498596334, -6.238654951664627, 0.0 ], [ 134.4028828041981, -6.248495274137581, 0.0 ], [ 134.400028398291994, -6.249617091155794, 0.0 ], [ 134.398418550675615, -6.251794711356843, 0.0 ], [ 134.395241498596334, -6.238654951664627, 0.0 ] ] ], [ [ [ 134.394487665273545, -6.238312043765752, 0.0 ], [ 134.393510148974372, -6.23842399137409, 0.0 ], [ 134.394420102805583, -6.238108437254545, 0.0 ], [ 134.394487665273545, -6.238312043765752, 0.0 ] ] ], [ [ [ 134.257069148622378, -6.243009781975743, 0.0 ], [ 134.250486040198666, -6.243769999585761, 0.0 ], [ 134.254643086209569, -6.237998707374429, 0.0 ], [ 134.257069148622378, -6.243009781975743, 0.0 ] ] ], [ [ [ 134.429315735333034, -6.237489789122445, 0.0 ], [ 134.428244978223233, -6.237696802265606, 0.0 ], [ 134.428823187440258, -6.237268499241803, 0.0 ], [ 134.429315735333034, -6.237489789122445, 0.0 ] ] ], [ [ [ 134.360242793869901, -6.238048260019084, 0.0 ], [ 134.357941723731642, -6.239430581855813, 0.0 ], [ 134.359137286056864, -6.236554379081286, 0.0 ], [ 134.360242793869901, -6.238048260019084, 0.0 ] ] ], [ [ [ 134.386974249562087, -6.236631186579959, 0.0 ], [ 134.386788177132701, -6.236599730992757, 0.0 ], [ 134.386820390848499, -6.236489778080737, 0.0 ], [ 134.386974249562087, -6.236631186579959, 0.0 ] ] ], [ [ [ 134.366314279780198, -6.236324274945274, 0.0 ], [ 134.365667373150785, -6.238697992318424, 0.0 ], [ 134.365749797814942, -6.235927846592818, 0.0 ], [ 134.366314279780198, -6.236324274945274, 0.0 ] ] ], [ [ [ 134.366462676011764, -6.235069362760796, 0.0 ], [ 134.365005801276794, -6.234473986385306, 0.0 ], [ 134.365029343729219, -6.233688169573329, 0.0 ], [ 134.366462676011764, -6.235069362760796, 0.0 ] ] ], [ [ [ 134.36034877357713, -6.233959628134293, 0.0 ], [ 134.359053076238553, -6.235563664331582, 0.0 ], [ 134.360400174328703, -6.233501751804375, 0.0 ], [ 134.36034877357713, -6.233959628134293, 0.0 ] ] ], [ [ [ 134.430845131397774, -6.233922955579877, 0.0 ], [ 134.428832704066053, -6.236297679294437, 0.0 ], [ 134.430403148786382, -6.23317820630909, 0.0 ], [ 134.430845131397774, -6.233922955579877, 0.0 ] ] ], [ [ [ 134.433817868300025, -6.23296221343537, 0.0 ], [ 134.433687653662361, -6.233216485952012, 0.0 ], [ 134.433682203770815, -6.23302990990238, 0.0 ], [ 134.433817868300025, -6.23296221343537, 0.0 ] ] ], [ [ [ 134.43321278194432, -6.233498657237194, 0.0 ], [ 134.438418630815249, -6.241730265239446, 0.0 ], [ 134.44244599368767, -6.242571282438706, 0.0 ], [ 134.445674873696476, -6.263976534789232, 0.0 ], [ 134.434340783600305, -6.245830435426195, 0.0 ], [ 134.428123333225329, -6.243126936658764, 0.0 ], [ 134.43321278194432, -6.233498657237194, 0.0 ] ] ], [ [ [ 134.433614560363765, -6.232888496906578, 0.0 ], [ 134.433292452884388, -6.232961647761818, 0.0 ], [ 134.433501761996837, -6.232707459781376, 0.0 ], [ 134.433614560363765, -6.232888496906578, 0.0 ] ] ], [ [ [ 134.368533345237807, -6.246783202382814, 0.0 ], [ 134.361734624353488, -6.243877553106517, 0.0 ], [ 134.361653367009353, -6.231654466980067, 0.0 ], [ 134.36519538376001, -6.236554725320235, 0.0 ], [ 134.365440519164707, -6.23942137459668, 0.0 ], [ 134.368533345237807, -6.246783202382814, 0.0 ] ] ], [ [ [ 134.860755529644081, -6.230726470050544, 0.0 ], [ 134.860632910680408, -6.230791740146628, 0.0 ], [ 134.860638873185565, -6.230678947175664, 0.0 ], [ 134.860755529644081, -6.230726470050544, 0.0 ] ] ], [ [ [ 134.363483571010079, -6.230414228134044, 0.0 ], [ 134.36277667870084, -6.230995691098221, 0.0 ], [ 134.363382452138467, -6.229939207128669, 0.0 ], [ 134.363483571010079, -6.230414228134044, 0.0 ] ] ], [ [ [ 134.860906571681028, -6.229987024081821, 0.0 ], [ 134.861246578366945, -6.230424440835217, 0.0 ], [ 134.861046105993012, -6.230530210101008, 0.0 ], [ 134.860906571681028, -6.229987024081821, 0.0 ] ] ], [ [ [ 134.381619204962334, -6.231361653117754, 0.0 ], [ 134.378469448206488, -6.233873791442227, 0.0 ], [ 134.380502398067279, -6.229822568656544, 0.0 ], [ 134.381619204962334, -6.231361653117754, 0.0 ] ] ], [ [ [ 134.359395238599404, -6.230055321296017, 0.0 ], [ 134.358970308033378, -6.229954788782414, 0.0 ], [ 134.35930660411654, -6.229770238905345, 0.0 ], [ 134.359395238599404, -6.230055321296017, 0.0 ] ] ], [ [ [ 134.361172379002141, -6.230858065147497, 0.0 ], [ 134.359669279113945, -6.231127612649149, 0.0 ], [ 134.360417684128805, -6.228923634218279, 0.0 ], [ 134.361172379002141, -6.230858065147497, 0.0 ] ] ], [ [ [ 134.382535746327733, -6.230237664236763, 0.0 ], [ 134.382119176758664, -6.233787623799784, 0.0 ], [ 134.381941110094232, -6.231463793619144, 0.0 ], [ 134.381107984446032, -6.228896093379958, 0.0 ], [ 134.382535746327733, -6.230237664236763, 0.0 ] ] ], [ [ [ 134.425193297033076, -6.228193120316198, 0.0 ], [ 134.428978776449412, -6.227942815608393, 0.0 ], [ 134.430703696818256, -6.231512118689312, 0.0 ], [ 134.425193297033076, -6.228193120316198, 0.0 ] ] ], [ [ [ 134.380753813437764, -6.227403133347912, 0.0 ], [ 134.380341287220745, -6.227498759160336, 0.0 ], [ 134.380595791762374, -6.227261607936788, 0.0 ], [ 134.380753813437764, -6.227403133347912, 0.0 ] ] ], [ [ [ 134.33532458276332, -6.227448664224403, 0.0 ], [ 134.334458827013378, -6.227208966120815, 0.0 ], [ 134.335187862429962, -6.227006358756419, 0.0 ], [ 134.33532458276332, -6.227448664224403, 0.0 ] ] ], [ [ [ 134.361649956780184, -6.226918592119261, 0.0 ], [ 134.360931509981242, -6.227714875241278, 0.0 ], [ 134.361560452652895, -6.226183521352339, 0.0 ], [ 134.361649956780184, -6.226918592119261, 0.0 ] ] ], [ [ [ 134.366958796011716, -6.226421223860327, 0.0 ], [ 134.382707854084288, -6.239261637014851, 0.0 ], [ 134.379216973684521, -6.244362052067024, 0.0 ], [ 134.371909450560764, -6.246442376414477, 0.0 ], [ 134.371165947750342, -6.239812683108762, 0.0 ], [ 134.363972449668864, -6.231696843034821, 0.0 ], [ 134.366958796011716, -6.226421223860327, 0.0 ] ] ], [ [ [ 134.861333668713854, -6.226036356292734, 0.0 ], [ 134.861677263694787, -6.226253839343147, 0.0 ], [ 134.861958991614159, -6.226333789073094, 0.0 ], [ 134.861781314356193, -6.22669504224234, 0.0 ], [ 134.861109524385171, -6.226483695266242, 0.0 ], [ 134.861333668713854, -6.226036356292734, 0.0 ] ] ], [ [ [ 134.435316846595299, -6.225964622769079, 0.0 ], [ 134.43278687201655, -6.230275630016261, 0.0 ], [ 134.431361060764374, -6.226989337288006, 0.0 ], [ 134.435316846595299, -6.225964622769079, 0.0 ] ] ], [ [ [ 134.348596910618994, -6.225980637896082, 0.0 ], [ 134.349775526119743, -6.227706423412619, 0.0 ], [ 134.347318536920994, -6.227273720905461, 0.0 ], [ 134.348596910618994, -6.225980637896082, 0.0 ] ] ], [ [ [ 134.860406512650457, -6.2260774022503, 0.0 ], [ 134.862005251840912, -6.228676789202473, 0.0 ], [ 134.860682271769463, -6.228933769577764, 0.0 ], [ 134.85995803963192, -6.231388642671635, 0.0 ], [ 134.860406512650457, -6.2260774022503, 0.0 ] ] ], [ [ [ 134.334529038884085, -6.226049382073277, 0.0 ], [ 134.333642462030014, -6.225742972260288, 0.0 ], [ 134.334399898936198, -6.225416022831157, 0.0 ], [ 134.334529038884085, -6.226049382073277, 0.0 ] ] ], [ [ [ 134.430460106448777, -6.226881534655052, 0.0 ], [ 134.431252213119251, -6.231043460387368, 0.0 ], [ 134.428826866566794, -6.227360328316482, 0.0 ], [ 134.426053294424065, -6.227029409279775, 0.0 ], [ 134.426156852257037, -6.2253108201382, 0.0 ], [ 134.430460106448777, -6.226881534655052, 0.0 ] ] ], [ [ [ 134.382021483404912, -6.225538936772494, 0.0 ], [ 134.380642028606758, -6.226374049922415, 0.0 ], [ 134.381982637189054, -6.224939612373229, 0.0 ], [ 134.382021483404912, -6.225538936772494, 0.0 ] ] ], [ [ [ 134.445373511778286, -6.230910913807612, 0.0 ], [ 134.443273325004043, -6.240231552244228, 0.0 ], [ 134.434064266352834, -6.229728600294563, 0.0 ], [ 134.440803721914364, -6.22486800385527, 0.0 ], [ 134.445373511778286, -6.230910913807612, 0.0 ] ] ], [ [ [ 134.423530266208928, -6.224900898357681, 0.0 ], [ 134.425443456950035, -6.226740411240942, 0.0 ], [ 134.423805330151936, -6.226518133904761, 0.0 ], [ 134.423530266208928, -6.224900898357681, 0.0 ] ] ], [ [ [ 134.425853335563033, -6.223874468831595, 0.0 ], [ 134.425672109580205, -6.224281332917129, 0.0 ], [ 134.425147086269163, -6.223930236691081, 0.0 ], [ 134.425853335563033, -6.223874468831595, 0.0 ] ] ], [ [ [ 134.354386227042852, -6.263684648127902, 0.0 ], [ 134.343419492015983, -6.247065097576136, 0.0 ], [ 134.35821830842832, -6.223786468370721, 0.0 ], [ 134.357112650428576, -6.239763911974964, 0.0 ], [ 134.362465054618553, -6.254248472888672, 0.0 ], [ 134.354386227042852, -6.263684648127902, 0.0 ] ] ], [ [ [ 134.427717053699126, -6.232246096779885, 0.0 ], [ 134.425648771273814, -6.243110109443943, 0.0 ], [ 134.440729848903544, -6.262549399734922, 0.0 ], [ 134.423052600297297, -6.261266684110093, 0.0 ], [ 134.414046888253296, -6.250899303160277, 0.0 ], [ 134.403150368694526, -6.246706214120382, 0.0 ], [ 134.39923003593745, -6.238755626271057, 0.0 ], [ 134.417348380423505, -6.223494254356313, 0.0 ], [ 134.427717053699126, -6.232246096779885, 0.0 ] ] ], [ [ [ 134.429870518109908, -6.22352829729305, 0.0 ], [ 134.436643082212527, -6.224666292215523, 0.0 ], [ 134.42896050132623, -6.22394002761009, 0.0 ], [ 134.429870518109908, -6.22352829729305, 0.0 ] ] ], [ [ [ 134.351688402098148, -6.2239254945659, 0.0 ], [ 134.350598539790923, -6.223534060148753, 0.0 ], [ 134.351700845118017, -6.222992674572295, 0.0 ], [ 134.351688402098148, -6.2239254945659, 0.0 ] ] ], [ [ [ 134.346821132689229, -6.222902916836119, 0.0 ], [ 134.346822291915259, -6.226538145618824, 0.0 ], [ 134.344034856723283, -6.223798377193272, 0.0 ], [ 134.346821132689229, -6.222902916836119, 0.0 ] ] ], [ [ [ 134.860516248825917, -6.222742110859673, 0.0 ], [ 134.861565204570667, -6.223521724148177, 0.0 ], [ 134.859914823610325, -6.223918104836627, 0.0 ], [ 134.860516248825917, -6.222742110859673, 0.0 ] ] ], [ [ [ 134.861842504228207, -6.22254398841429, 0.0 ], [ 134.862239679017989, -6.222453136203202, 0.0 ], [ 134.86252321997074, -6.222784599329748, 0.0 ], [ 134.861842504228207, -6.22254398841429, 0.0 ] ] ], [ [ [ 134.862451651922271, -6.222186707550462, 0.0 ], [ 134.863269323620443, -6.222079040715104, 0.0 ], [ 134.862953831554108, -6.222513350310769, 0.0 ], [ 134.862451651922271, -6.222186707550462, 0.0 ] ] ], [ [ [ 134.38323667073584, -6.229910576312018, 0.0 ], [ 134.382062978124026, -6.223871180010913, 0.0 ], [ 134.384127310726853, -6.221917451429152, 0.0 ], [ 134.385626576805151, -6.224921250915009, 0.0 ], [ 134.38323667073584, -6.229910576312018, 0.0 ] ] ], [ [ [ 134.359146418672339, -6.221141466905137, 0.0 ], [ 134.358829735903726, -6.221401146145914, 0.0 ], [ 134.358801749900863, -6.221186277424699, 0.0 ], [ 134.359146418672339, -6.221141466905137, 0.0 ] ] ], [ [ [ 134.357638575759779, -6.221149552709607, 0.0 ], [ 134.357197694817899, -6.221335583770119, 0.0 ], [ 134.357633296739351, -6.22084425355938, 0.0 ], [ 134.357638575759779, -6.221149552709607, 0.0 ] ] ], [ [ [ 134.853213934575479, -6.220188226005766, 0.0 ], [ 134.853913884118526, -6.220364717057939, 0.0 ], [ 134.853151498243193, -6.220276552021246, 0.0 ], [ 134.853213934575479, -6.220188226005766, 0.0 ] ] ], [ [ [ 134.370460139124134, -6.221427773273084, 0.0 ], [ 134.367390093777914, -6.223436775087058, 0.0 ], [ 134.37032105717114, -6.219618465020086, 0.0 ], [ 134.370460139124134, -6.221427773273084, 0.0 ] ] ], [ [ [ 134.365467837870483, -6.219929259927407, 0.0 ], [ 134.364482905761548, -6.221539341367492, 0.0 ], [ 134.365016557168417, -6.219369014668245, 0.0 ], [ 134.365467837870483, -6.219929259927407, 0.0 ] ] ], [ [ [ 134.424598703067829, -6.219084483562013, 0.0 ], [ 134.421718593638275, -6.223231099235774, 0.0 ], [ 134.420456307912303, -6.220306794422984, 0.0 ], [ 134.424598703067829, -6.219084483562013, 0.0 ] ] ], [ [ [ 134.859862964204495, -6.219102051818196, 0.0 ], [ 134.859601222818242, -6.219211507405102, 0.0 ], [ 134.859598844111474, -6.218906935806404, 0.0 ], [ 134.859862964204495, -6.219102051818196, 0.0 ] ] ], [ [ [ 134.338896430925615, -6.219189892199743, 0.0 ], [ 134.337223162219175, -6.220030171055483, 0.0 ], [ 134.33711230998523, -6.21905210616969, 0.0 ], [ 134.338896430925615, -6.219189892199743, 0.0 ] ] ], [ [ [ 134.854715001096423, -6.218811424207774, 0.0 ], [ 134.85488822581101, -6.218651523848687, 0.0 ], [ 134.854933911370949, -6.218763834783107, 0.0 ], [ 134.854715001096423, -6.218811424207774, 0.0 ] ] ], [ [ [ 134.362271719264527, -6.218726857358518, 0.0 ], [ 134.361615783441721, -6.219229232143312, 0.0 ], [ 134.362193030384134, -6.21839320168485, 0.0 ], [ 134.362271719264527, -6.218726857358518, 0.0 ] ] ], [ [ [ 134.860871379410668, -6.221212906350519, 0.0 ], [ 134.857803085044452, -6.220287840311548, 0.0 ], [ 134.857655025159374, -6.218313305914317, 0.0 ], [ 134.860871379410668, -6.221212906350519, 0.0 ] ] ], [ [ [ 134.353128655563097, -6.217881850766708, 0.0 ], [ 134.352699103380928, -6.218045278266952, 0.0 ], [ 134.35290286817289, -6.217728929146719, 0.0 ], [ 134.353128655563097, -6.217881850766708, 0.0 ] ] ], [ [ [ 134.364549075179752, -6.218186857637312, 0.0 ], [ 134.362326496970354, -6.220151620900508, 0.0 ], [ 134.363262593194179, -6.216873683773442, 0.0 ], [ 134.364549075179752, -6.218186857637312, 0.0 ] ] ], [ [ [ 134.363703610832943, -6.216568922417735, 0.0 ], [ 134.363409700697161, -6.21668729298415, 0.0 ], [ 134.363392991293608, -6.216489398966533, 0.0 ], [ 134.363703610832943, -6.216568922417735, 0.0 ] ] ], [ [ [ 134.339850824755814, -6.215245016943952, 0.0 ], [ 134.339043559113037, -6.217036179575945, 0.0 ], [ 134.338304646442339, -6.216113728765541, 0.0 ], [ 134.339850824755814, -6.215245016943952, 0.0 ] ] ], [ [ [ 134.362110543666773, -6.216521773660836, 0.0 ], [ 134.359775791219846, -6.217813617404459, 0.0 ], [ 134.361163067421671, -6.215180736102059, 0.0 ], [ 134.362110543666773, -6.216521773660836, 0.0 ] ] ], [ [ [ 134.368412726366302, -6.213900430660305, 0.0 ], [ 134.368350057109495, -6.214341334984556, 0.0 ], [ 134.368141516917547, -6.213934029331972, 0.0 ], [ 134.368412726366302, -6.213900430660305, 0.0 ] ] ], [ [ [ 134.368867096239569, -6.216609033080348, 0.0 ], [ 134.365900849744406, -6.216876854782941, 0.0 ], [ 134.366780971264944, -6.213140901930973, 0.0 ], [ 134.368867096239569, -6.216609033080348, 0.0 ] ] ], [ [ [ 134.356690278433689, -6.221266335073298, 0.0 ], [ 134.353398855972529, -6.216816483293978, 0.0 ], [ 134.35868426606612, -6.212579875161043, 0.0 ], [ 134.359790363834236, -6.215105579758599, 0.0 ], [ 134.356690278433689, -6.221266335073298, 0.0 ] ] ], [ [ [ 134.368947002802031, -6.212164411758162, 0.0 ], [ 134.36769858192406, -6.212482478583484, 0.0 ], [ 134.36859196484744, -6.21182207942537, 0.0 ], [ 134.368947002802031, -6.212164411758162, 0.0 ] ] ], [ [ [ 134.360409630699962, -6.21146851006367, 0.0 ], [ 134.359980118987352, -6.211603677267855, 0.0 ], [ 134.360183931443316, -6.211242094946704, 0.0 ], [ 134.360409630699962, -6.21146851006367, 0.0 ] ] ], [ [ [ 134.365844669995539, -6.211895995603615, 0.0 ], [ 134.361646170634288, -6.212767248909382, 0.0 ], [ 134.36371604396038, -6.210921027983022, 0.0 ], [ 134.365844669995539, -6.211895995603615, 0.0 ] ] ], [ [ [ 134.368613464939443, -6.21127358920475, 0.0 ], [ 134.367296931208443, -6.211475544560655, 0.0 ], [ 134.367241538366301, -6.210553947206846, 0.0 ], [ 134.368613464939443, -6.21127358920475, 0.0 ] ] ], [ [ [ 134.334850906244327, -6.222988114110154, 0.0 ], [ 134.326947320562482, -6.231126450725081, 0.0 ], [ 134.328021462720386, -6.210417887875134, 0.0 ], [ 134.330912849648399, -6.213881287691229, 0.0 ], [ 134.334850906244327, -6.222988114110154, 0.0 ] ] ], [ [ [ 134.333644247184367, -6.210802900233573, 0.0 ], [ 134.333062485645343, -6.210711709877418, 0.0 ], [ 134.33350918969748, -6.210384368343894, 0.0 ], [ 134.333644247184367, -6.210802900233573, 0.0 ] ] ], [ [ [ 134.339691032315386, -6.209738272902924, 0.0 ], [ 134.338662188109538, -6.21027972772719, 0.0 ], [ 134.338617840740739, -6.209601247699385, 0.0 ], [ 134.339691032315386, -6.209738272902924, 0.0 ] ] ], [ [ [ 134.343946551392236, -6.213000005146067, 0.0 ], [ 134.340150914133432, -6.212435584334645, 0.0 ], [ 134.340736850325442, -6.209174221712902, 0.0 ], [ 134.343946551392236, -6.213000005146067, 0.0 ] ] ], [ [ [ 134.337680853288845, -6.208966880317205, 0.0 ], [ 134.336410131922037, -6.214515566040538, 0.0 ], [ 134.334948539343713, -6.211931559294007, 0.0 ], [ 134.337680853288845, -6.208966880317205, 0.0 ] ] ], [ [ [ 134.870956034193654, -6.203288388248466, 0.0 ], [ 134.870755963816691, -6.203595345748595, 0.0 ], [ 134.870747526377301, -6.203447776893326, 0.0 ], [ 134.870956034193654, -6.203288388248466, 0.0 ] ] ], [ [ [ 134.789840299090514, -6.197639080978749, 0.0 ], [ 134.789312218983838, -6.197983192170468, 0.0 ], [ 134.789553630295842, -6.197536067235702, 0.0 ], [ 134.789840299090514, -6.197639080978749, 0.0 ] ] ], [ [ [ 134.213453724609764, -6.195455231173933, 0.0 ], [ 134.218993303798015, -6.200759801323733, 0.0 ], [ 134.217593970385423, -6.211523000885747, 0.0 ], [ 134.206515410957536, -6.204371823101055, 0.0 ], [ 134.213453724609764, -6.195455231173933, 0.0 ] ] ], [ [ [ 134.882149523381827, -6.19355718771402, 0.0 ], [ 134.882470751324092, -6.194197263093119, 0.0 ], [ 134.882063862957011, -6.194030700556289, 0.0 ], [ 134.882149523381827, -6.19355718771402, 0.0 ] ] ], [ [ [ 134.882170550430629, -6.192510714098169, 0.0 ], [ 134.882887156317253, -6.193647607351131, 0.0 ], [ 134.881749773832979, -6.19313364390253, 0.0 ], [ 134.882170550430629, -6.192510714098169, 0.0 ] ] ], [ [ [ 134.315782637558783, -6.190265616864713, 0.0 ], [ 134.314978568106511, -6.190498233706502, 0.0 ], [ 134.315461520233072, -6.189847775654282, 0.0 ], [ 134.315782637558783, -6.190265616864713, 0.0 ] ] ], [ [ [ 134.758548831863209, -6.189908236176115, 0.0 ], [ 134.758072374640363, -6.189757626713081, 0.0 ], [ 134.75858060401174, -6.189609443620884, 0.0 ], [ 134.758548831863209, -6.189908236176115, 0.0 ] ] ], [ [ [ 134.312086478808084, -6.189684040585933, 0.0 ], [ 134.314192048024665, -6.19086269565681, 0.0 ], [ 134.312364490728754, -6.193116081941578, 0.0 ], [ 134.312086478808084, -6.189684040585933, 0.0 ] ] ], [ [ [ 134.758419045302759, -6.188334990067704, 0.0 ], [ 134.757920631132293, -6.188643463824731, 0.0 ], [ 134.757511540325368, -6.188192098586479, 0.0 ], [ 134.758419045302759, -6.188334990067704, 0.0 ] ] ], [ [ [ 134.864044226260205, -6.186142355685113, 0.0 ], [ 134.875571649012528, -6.195184632364795, 0.0 ], [ 134.862562348573675, -6.220126954295394, 0.0 ], [ 134.851272177768834, -6.209100192220055, 0.0 ], [ 134.861422958802621, -6.201347813151052, 0.0 ], [ 134.864044226260205, -6.186142355685113, 0.0 ] ] ], [ [ [ 134.831397522078049, -6.185549233909952, 0.0 ], [ 134.830345430397415, -6.186114852618267, 0.0 ], [ 134.83205813707346, -6.184902356058845, 0.0 ], [ 134.831397522078049, -6.185549233909952, 0.0 ] ] ], [ [ [ 134.83360045729529, -6.184756405083983, 0.0 ], [ 134.833452033184784, -6.185167961831953, 0.0 ], [ 134.833363161280914, -6.18483152815246, 0.0 ], [ 134.83360045729529, -6.184756405083983, 0.0 ] ] ], [ [ [ 134.313149254434592, -6.184721633696348, 0.0 ], [ 134.312702492825821, -6.186532858404607, 0.0 ], [ 134.312002931789976, -6.185362163233225, 0.0 ], [ 134.313149254434592, -6.184721633696348, 0.0 ] ] ], [ [ [ 134.885927845094045, -6.181376459655822, 0.0 ], [ 134.885249205886282, -6.183402671795849, 0.0 ], [ 134.884167793608867, -6.182680151967438, 0.0 ], [ 134.885927845094045, -6.181376459655822, 0.0 ] ] ], [ [ [ 134.886768203989476, -6.181279674617261, 0.0 ], [ 134.886655459581903, -6.181467643716746, 0.0 ], [ 134.886590268626065, -6.181190588674638, 0.0 ], [ 134.886768203989476, -6.181279674617261, 0.0 ] ] ], [ [ [ 134.315359513730641, -6.179155772720683, 0.0 ], [ 134.314121048347658, -6.180205731209457, 0.0 ], [ 134.314721914185043, -6.178589600029997, 0.0 ], [ 134.315359513730641, -6.179155772720683, 0.0 ] ] ], [ [ [ 134.309418836909941, -6.177138746256076, 0.0 ], [ 134.31127659793674, -6.182553915031156, 0.0 ], [ 134.310273790003521, -6.184825326427638, 0.0 ], [ 134.308024524412303, -6.182126722670115, 0.0 ], [ 134.309418836909941, -6.177138746256076, 0.0 ] ] ], [ [ [ 134.310089845370214, -6.175154276148901, 0.0 ], [ 134.307905633138489, -6.177082595285447, 0.0 ], [ 134.307911101016543, -6.172870738293915, 0.0 ], [ 134.310089845370214, -6.175154276148901, 0.0 ] ] ], [ [ [ 134.306192287943816, -6.171713575221264, 0.0 ], [ 134.304664674335299, -6.175325596998674, 0.0 ], [ 134.305416515659772, -6.171177090949945, 0.0 ], [ 134.306192287943816, -6.171713575221264, 0.0 ] ] ], [ [ [ 134.887005430756062, -6.162828775227761, 0.0 ], [ 134.886651504363499, -6.162864319132914, 0.0 ], [ 134.886643637094267, -6.162668409919173, 0.0 ], [ 134.887005430756062, -6.162828775227761, 0.0 ] ] ], [ [ [ 134.886704794590599, -6.163305618259666, 0.0 ], [ 134.886054302364187, -6.163277775249102, 0.0 ], [ 134.886056422965567, -6.162604960950161, 0.0 ], [ 134.886704794590599, -6.163305618259666, 0.0 ] ] ], [ [ [ 134.114422436746196, -6.160560070790647, 0.0 ], [ 134.135536565959853, -6.168994807764142, 0.0 ], [ 134.134550620314997, -6.180781200192235, 0.0 ], [ 134.166564827704775, -6.214517548146218, 0.0 ], [ 134.193257170082319, -6.214971859563593, 0.0 ], [ 134.203506497926639, -6.225815404557248, 0.0 ], [ 134.223971045927101, -6.222396381787546, 0.0 ], [ 134.250649875091767, -6.258134572952105, 0.0 ], [ 134.268990649798752, -6.262900832307564, 0.0 ], [ 134.287740484735679, -6.291236327794251, 0.0 ], [ 134.3032379628618, -6.29130184160667, 0.0 ], [ 134.309631399769444, -6.304381793684825, 0.0 ], [ 134.294765886036913, -6.329704048602895, 0.0 ], [ 134.298026256706351, -6.360505192860336, 0.0 ], [ 134.311789414749825, -6.355896331050807, 0.0 ], [ 134.339404475036474, -6.398291195182519, 0.0 ], [ 134.357028324597536, -6.395882532852574, 0.0 ], [ 134.355870604844682, -6.406520999144742, 0.0 ], [ 134.359315843751205, -6.412758311946546, 0.0 ], [ 134.364475917129909, -6.405706311397167, 0.0 ], [ 134.36329816767639, -6.402962894421974, 0.0 ], [ 134.366848442901414, -6.399696717729312, 0.0 ], [ 134.381093475683485, -6.410800666817255, 0.0 ], [ 134.386851483109439, -6.402064372772535, 0.0 ], [ 134.404892235888042, -6.398127067110408, 0.0 ], [ 134.406718509851402, -6.400086341811199, 0.0 ], [ 134.40681304028962, -6.406319509637618, 0.0 ], [ 134.405391448656502, -6.41141172736928, 0.0 ], [ 134.406962793598126, -6.416111659025762, 0.0 ], [ 134.413142094731938, -6.407773594675596, 0.0 ], [ 134.426224043305069, -6.418089724161361, 0.0 ], [ 134.418129614290365, -6.444496495816558, 0.0 ], [ 134.418516109630787, -6.449627968056219, 0.0 ], [ 134.431079870639593, -6.439999955733259, 0.0 ], [ 134.431122955360109, -6.441913742724984, 0.0 ], [ 134.435791694031508, -6.444225585842015, 0.0 ], [ 134.435905145306265, -6.448966244196778, 0.0 ], [ 134.436755719600825, -6.449146208430693, 0.0 ], [ 134.460070224561235, -6.432919187670353, 0.0 ], [ 134.470688510066765, -6.453450103839201, 0.0 ], [ 134.474369556609815, -6.473840860667205, 0.0 ], [ 134.479331230551907, -6.480367419720582, 0.0 ], [ 134.479458675277698, -6.49112638527443, 0.0 ], [ 134.496037457762583, -6.506748536415755, 0.0 ], [ 134.482078671993179, -6.525904410759934, 0.0 ], [ 134.474186172254093, -6.546910696871126, 0.0 ], [ 134.487541232342153, -6.554851967744106, 0.0 ], [ 134.496898207886034, -6.549427178021786, 0.0 ], [ 134.484447158009914, -6.580198428814369, 0.0 ], [ 134.502476530767353, -6.586122058985814, 0.0 ], [ 134.524231790264963, -6.57394836362604, 0.0 ], [ 134.530294167841618, -6.585738704977188, 0.0 ], [ 134.523600013829594, -6.610035250726191, 0.0 ], [ 134.515439234633021, -6.606541613904308, 0.0 ], [ 134.510883101873674, -6.616105547732757, 0.0 ], [ 134.50207022066428, -6.616251387191666, 0.0 ], [ 134.495943146758975, -6.632481489928725, 0.0 ], [ 134.502884806788416, -6.639630146014389, 0.0 ], [ 134.491248750429605, -6.646554694643373, 0.0 ], [ 134.49519532630336, -6.65589444367363, 0.0 ], [ 134.481797415318539, -6.66685587359959, 0.0 ], [ 134.469553928970754, -6.663838281211624, 0.0 ], [ 134.464164795568905, -6.680132532590281, 0.0 ], [ 134.447077168576584, -6.671516805256309, 0.0 ], [ 134.438707629753367, -6.654146458392311, 0.0 ], [ 134.424715328949304, -6.65019976380801, 0.0 ], [ 134.433015949126826, -6.659346538112202, 0.0 ], [ 134.4294444813778, -6.676130872341871, 0.0 ], [ 134.44254723216909, -6.6815436489202, 0.0 ], [ 134.447300741835875, -6.694915673819216, 0.0 ], [ 134.43841266201477, -6.707946605651286, 0.0 ], [ 134.415274447557721, -6.715831653607899, 0.0 ], [ 134.399697017903065, -6.735389438571707, 0.0 ], [ 134.391693560709314, -6.729225443899071, 0.0 ], [ 134.38682229831042, -6.733696912682311, 0.0 ], [ 134.401196228223398, -6.758243703783843, 0.0 ], [ 134.374905944853452, -6.769998121715907, 0.0 ], [ 134.365234205694122, -6.800791180168789, 0.0 ], [ 134.353759356409228, -6.804286771217408, 0.0 ], [ 134.355882996603157, -6.810774080259544, 0.0 ], [ 134.362292401872878, -6.805632303587909, 0.0 ], [ 134.378293809711636, -6.810597411141543, 0.0 ], [ 134.375510592340021, -6.819684558595433, 0.0 ], [ 134.358644421602918, -6.827865561746264, 0.0 ], [ 134.332364965171166, -6.860947443369784, 0.0 ], [ 134.211945812449386, -6.906711110329392, 0.0 ], [ 134.197289910900764, -6.941684872358937, 0.0 ], [ 134.191359843382116, -6.9268302853893, 0.0 ], [ 134.169812133023527, -6.917710373834644, 0.0 ], [ 134.172587701661229, -6.908266888006479, 0.0 ], [ 134.158494019383568, -6.880694380940859, 0.0 ], [ 134.133589387140603, -6.851847252148938, 0.0 ], [ 134.117713796254776, -6.844938529789228, 0.0 ], [ 134.094795715150269, -6.849970649425855, 0.0 ], [ 134.072391720701376, -6.830228835292455, 0.0 ], [ 134.051767179711646, -6.774235138141086, 0.0 ], [ 134.084246760179894, -6.695865545858196, 0.0 ], [ 134.099321501186409, -6.489611424227774, 0.0 ], [ 134.116365834815525, -6.448570999352103, 0.0 ], [ 134.130704124595695, -6.463364665346986, 0.0 ], [ 134.13477016191348, -6.481241617406645, 0.0 ], [ 134.151262375658121, -6.49055253866864, 0.0 ], [ 134.156682185834228, -6.489127836280576, 0.0 ], [ 134.170405338435728, -6.478847407182079, 0.0 ], [ 134.180405042358842, -6.483287343036429, 0.0 ], [ 134.182678247003537, -6.495457507657835, 0.0 ], [ 134.200451307581829, -6.486120548324585, 0.0 ], [ 134.213195179414015, -6.514389141445668, 0.0 ], [ 134.207451160942327, -6.528763465261615, 0.0 ], [ 134.211069528336111, -6.546478947645244, 0.0 ], [ 134.217892433788819, -6.545960225883699, 0.0 ], [ 134.222255769887937, -6.537630922728858, 0.0 ], [ 134.219618732818248, -6.534109121838475, 0.0 ], [ 134.233755111309421, -6.511839309836168, 0.0 ], [ 134.221559658651358, -6.509282102886686, 0.0 ], [ 134.223121476175294, -6.493895457209557, 0.0 ], [ 134.195681944666035, -6.465837436748227, 0.0 ], [ 134.200881891286343, -6.456701400349266, 0.0 ], [ 134.207194930601645, -6.46034352513352, 0.0 ], [ 134.215824654983862, -6.455254758100607, 0.0 ], [ 134.217161751713547, -6.443913394287718, 0.0 ], [ 134.189797597780966, -6.46274987710516, 0.0 ], [ 134.184064363979218, -6.458873867434959, 0.0 ], [ 134.185055068836391, -6.450777111874188, 0.0 ], [ 134.203724714823807, -6.443644688551479, 0.0 ], [ 134.213595499133021, -6.431088974676395, 0.0 ], [ 134.211419650596469, -6.425593410107736, 0.0 ], [ 134.204095936078602, -6.432493260655362, 0.0 ], [ 134.198827008759537, -6.424556254367601, 0.0 ], [ 134.164025467801167, -6.458325500421473, 0.0 ], [ 134.140764303429961, -6.463353486773896, 0.0 ], [ 134.115928133876281, -6.417336323412552, 0.0 ], [ 134.115978405978694, -6.386464260417294, 0.0 ], [ 134.127710686199265, -6.364304090161602, 0.0 ], [ 134.136829205603533, -6.30979963614429, 0.0 ], [ 134.117803570178722, -6.243298429279046, 0.0 ], [ 134.123764789313668, -6.238862505300328, 0.0 ], [ 134.096032773094066, -6.17277727085435, 0.0 ], [ 134.099099696893518, -6.164028945679227, 0.0 ], [ 134.114422436746196, -6.160560070790647, 0.0 ] ] ], [ [ [ 134.88518286199951, -6.160932631135977, 0.0 ], [ 134.886432394439538, -6.16117827825489, 0.0 ], [ 134.887060888349424, -6.162373647225986, 0.0 ], [ 134.88518286199951, -6.160932631135977, 0.0 ] ] ], [ [ [ 134.875064496129653, -6.159132118252656, 0.0 ], [ 134.874702134995573, -6.159410427848914, 0.0 ], [ 134.87454413940057, -6.158632770585796, 0.0 ], [ 134.875064496129653, -6.159132118252656, 0.0 ] ] ], [ [ [ 134.736165492143812, -6.158938487021518, 0.0 ], [ 134.735088329163119, -6.158146412726654, 0.0 ], [ 134.73696699672962, -6.157409231250969, 0.0 ], [ 134.736165492143812, -6.158938487021518, 0.0 ] ] ], [ [ [ 134.740259101776218, -6.157139740406662, 0.0 ], [ 134.739608526812191, -6.157323456612199, 0.0 ], [ 134.740366058147174, -6.156749958943379, 0.0 ], [ 134.740259101776218, -6.157139740406662, 0.0 ] ] ], [ [ [ 134.748146621969113, -6.151616584637657, 0.0 ], [ 134.747837921582885, -6.152182391304243, 0.0 ], [ 134.748041862641941, -6.151555190619521, 0.0 ], [ 134.748146621969113, -6.151616584637657, 0.0 ] ] ], [ [ [ 134.763498385642038, -6.14884133256142, 0.0 ], [ 134.763201827002888, -6.148815476153206, 0.0 ], [ 134.763464870607265, -6.148625622974072, 0.0 ], [ 134.763498385642038, -6.14884133256142, 0.0 ] ] ], [ [ [ 134.774784754113227, -6.146736747203078, 0.0 ], [ 134.769008610059416, -6.148954559005641, 0.0 ], [ 134.770439492588565, -6.145652465189037, 0.0 ], [ 134.774784754113227, -6.146736747203078, 0.0 ] ] ], [ [ [ 134.88866450186535, -6.139182351184473, 0.0 ], [ 134.888535319649321, -6.139440933252408, 0.0 ], [ 134.888510960612393, -6.139157753827255, 0.0 ], [ 134.88866450186535, -6.139182351184473, 0.0 ] ] ], [ [ [ 134.888419854792545, -6.140372878205706, 0.0 ], [ 134.886866111381977, -6.157814294893774, 0.0 ], [ 134.875260970117751, -6.162443369865559, 0.0 ], [ 134.876791351839529, -6.145121589989325, 0.0 ], [ 134.888419854792545, -6.140372878205706, 0.0 ] ] ], [ [ [ 134.887686939700529, -6.137533047612002, 0.0 ], [ 134.887287540887314, -6.137649717560371, 0.0 ], [ 134.887479430131634, -6.137121400032512, 0.0 ], [ 134.887686939700529, -6.137533047612002, 0.0 ] ] ], [ [ [ 134.765266422207731, -6.129682825901631, 0.0 ], [ 134.765084465076029, -6.1298351179963, 0.0 ], [ 134.764825629399326, -6.129472873774037, 0.0 ], [ 134.765266422207731, -6.129682825901631, 0.0 ] ] ], [ [ [ 134.275776065213364, -6.119824418062406, 0.0 ], [ 134.286825306742571, -6.127397930070337, 0.0 ], [ 134.282265431904221, -6.145528229244305, 0.0 ], [ 134.264610642067481, -6.127237896611585, 0.0 ], [ 134.275776065213364, -6.119824418062406, 0.0 ] ] ], [ [ [ 134.770848479074061, -6.118512607570707, 0.0 ], [ 134.772439636080463, -6.119330552662809, 0.0 ], [ 134.770587154073922, -6.119353510555995, 0.0 ], [ 134.770848479074061, -6.118512607570707, 0.0 ] ] ], [ [ [ 134.243124489403755, -6.112244421942473, 0.0 ], [ 134.244568198963293, -6.11485137938759, 0.0 ], [ 134.242034870812745, -6.115151486751617, 0.0 ], [ 134.243124489403755, -6.112244421942473, 0.0 ] ] ], [ [ [ 134.778444789795202, -6.102663149184976, 0.0 ], [ 134.777632257722559, -6.102660835229282, 0.0 ], [ 134.778470780202383, -6.101956705637405, 0.0 ], [ 134.778444789795202, -6.102663149184976, 0.0 ] ] ], [ [ [ 134.789868026987989, -6.101771582892183, 0.0 ], [ 134.789508115607134, -6.102036610401188, 0.0 ], [ 134.789442936342567, -6.101884212186607, 0.0 ], [ 134.789868026987989, -6.101771582892183, 0.0 ] ] ], [ [ [ 134.79036860402789, -6.101349596706455, 0.0 ], [ 134.790105630570508, -6.101446459086794, 0.0 ], [ 134.790216417153943, -6.101248616330483, 0.0 ], [ 134.79036860402789, -6.101349596706455, 0.0 ] ] ], [ [ [ 134.779475104392674, -6.101891815954533, 0.0 ], [ 134.778597295029158, -6.101982482905192, 0.0 ], [ 134.779512923582587, -6.101260573716409, 0.0 ], [ 134.779475104392674, -6.101891815954533, 0.0 ] ] ], [ [ [ 134.792123972743184, -6.101233927703546, 0.0 ], [ 134.791613878177998, -6.10133465177272, 0.0 ], [ 134.791566512684426, -6.10112091709654, 0.0 ], [ 134.792123972743184, -6.101233927703546, 0.0 ] ] ], [ [ [ 134.795234537044252, -6.093903431398199, 0.0 ], [ 134.794548508107312, -6.093988260849485, 0.0 ], [ 134.795161494107674, -6.093630319883284, 0.0 ], [ 134.795234537044252, -6.093903431398199, 0.0 ] ] ], [ [ [ 134.787024043325033, -6.094618577685099, 0.0 ], [ 134.795933091738874, -6.097293488803394, 0.0 ], [ 134.794189725375702, -6.101686891037143, 0.0 ], [ 134.787024043325033, -6.094618577685099, 0.0 ] ] ], [ [ [ 134.786437563942542, -6.092920482294399, 0.0 ], [ 134.787682669020001, -6.093841144353255, 0.0 ], [ 134.786283242977305, -6.093225165409048, 0.0 ], [ 134.786437563942542, -6.092920482294399, 0.0 ] ] ], [ [ [ 134.846929148361625, -6.066190110285311, 0.0 ], [ 134.846652924293039, -6.066301979652592, 0.0 ], [ 134.846790225588506, -6.066115438676504, 0.0 ], [ 134.846929148361625, -6.066190110285311, 0.0 ] ] ], [ [ [ 134.271695109042071, -6.055276026067683, 0.0 ], [ 134.271645876556079, -6.055355161911161, 0.0 ], [ 134.271590515190155, -6.055293730121462, 0.0 ], [ 134.271695109042071, -6.055276026067683, 0.0 ] ] ], [ [ [ 134.273522976604085, -6.054743726341786, 0.0 ], [ 134.273210303013144, -6.054665734436052, 0.0 ], [ 134.273324597851996, -6.054421499252686, 0.0 ], [ 134.273522976604085, -6.054743726341786, 0.0 ] ] ], [ [ [ 134.274200442196786, -6.054407242300356, 0.0 ], [ 134.274058057033812, -6.054456301217285, 0.0 ], [ 134.27407095061389, -6.054313163321793, 0.0 ], [ 134.274200442196786, -6.054407242300356, 0.0 ] ] ], [ [ [ 134.750846849002983, -6.04572722782926, 0.0 ], [ 134.750631312984723, -6.045879501038057, 0.0 ], [ 134.750635320363756, -6.045760770742862, 0.0 ], [ 134.750846849002983, -6.04572722782926, 0.0 ] ] ], [ [ [ 134.349168247216852, -6.036680806174192, 0.0 ], [ 134.347745479270543, -6.036351194751769, 0.0 ], [ 134.347544585114491, -6.034332625949882, 0.0 ], [ 134.349168247216852, -6.036680806174192, 0.0 ] ] ], [ [ [ 134.306180628233534, -6.027220215240695, 0.0 ], [ 134.305490822143867, -6.027875145621379, 0.0 ], [ 134.306084789281641, -6.027090060857602, 0.0 ], [ 134.306180628233534, -6.027220215240695, 0.0 ] ] ], [ [ [ 134.865100691343855, -6.025725559087184, 0.0 ], [ 134.864557062858267, -6.025873839306221, 0.0 ], [ 134.865090845566073, -6.025569225439379, 0.0 ], [ 134.865100691343855, -6.025725559087184, 0.0 ] ] ], [ [ [ 134.867013614986377, -6.019318242043229, 0.0 ], [ 134.86502297283198, -6.019857987256287, 0.0 ], [ 134.865576874273415, -6.018100881050773, 0.0 ], [ 134.867013614986377, -6.019318242043229, 0.0 ] ] ], [ [ [ 134.864940599429133, -6.017641811320543, 0.0 ], [ 134.864276485171672, -6.017457611279634, 0.0 ], [ 134.864468283584557, -6.017204363090815, 0.0 ], [ 134.864940599429133, -6.017641811320543, 0.0 ] ] ], [ [ [ 134.861976010384637, -6.016018391135773, 0.0 ], [ 134.862143697973352, -6.017322513323257, 0.0 ], [ 134.86138671882216, -6.016991848794787, 0.0 ], [ 134.861976010384637, -6.016018391135773, 0.0 ] ] ], [ [ [ 134.863772538372018, -6.016429182560649, 0.0 ], [ 134.86315825285115, -6.016260190055681, 0.0 ], [ 134.863300486028749, -6.015765231080453, 0.0 ], [ 134.863772538372018, -6.016429182560649, 0.0 ] ] ], [ [ [ 134.86325773585591, -6.013320101241585, 0.0 ], [ 134.868863267725715, -6.014286498323233, 0.0 ], [ 134.867213572948117, -6.017914128733962, 0.0 ], [ 134.86325773585591, -6.013320101241585, 0.0 ] ] ], [ [ [ 134.868863399026736, -6.008654568653319, 0.0 ], [ 134.868085012413417, -6.010445177303029, 0.0 ], [ 134.867374347448248, -6.007530347747351, 0.0 ], [ 134.868863399026736, -6.008654568653319, 0.0 ] ] ], [ [ [ 134.151924549178744, -6.005118166370219, 0.0 ], [ 134.159088009903797, -6.011678514751643, 0.0 ], [ 134.155097232351352, -6.025278214717814, 0.0 ], [ 134.162424321125656, -6.040916834244462, 0.0 ], [ 134.176603057685071, -6.034340548977094, 0.0 ], [ 134.193654483367794, -6.037520551731993, 0.0 ], [ 134.197776075405585, -6.018579091052149, 0.0 ], [ 134.22703880159952, -6.016219771824963, 0.0 ], [ 134.229228404367404, -6.054779372769818, 0.0 ], [ 134.245283122218297, -6.074404019629735, 0.0 ], [ 134.272654333131101, -6.054935367373274, 0.0 ], [ 134.279494230374468, -6.060939232359689, 0.0 ], [ 134.243854910675566, -6.09552655930317, 0.0 ], [ 134.232537086617299, -6.126779465400015, 0.0 ], [ 134.246191138910007, -6.142468652905978, 0.0 ], [ 134.270099227897134, -6.148392396391936, 0.0 ], [ 134.27483540672867, -6.167224906004591, 0.0 ], [ 134.281601624315584, -6.159562299960068, 0.0 ], [ 134.302630796374331, -6.168901524685547, 0.0 ], [ 134.306720528129972, -6.183449076813456, 0.0 ], [ 134.310823582442453, -6.189174369601406, 0.0 ], [ 134.310728060052014, -6.193137356303938, 0.0 ], [ 134.326736553649056, -6.208333479706222, 0.0 ], [ 134.321346287101562, -6.216470470935479, 0.0 ], [ 134.325873789044152, -6.232657964693259, 0.0 ], [ 134.339463976881092, -6.225653475327579, 0.0 ], [ 134.351057837049552, -6.229781903112278, 0.0 ], [ 134.340491657364225, -6.246896177016906, 0.0 ], [ 134.33760992735634, -6.256192608402137, 0.0 ], [ 134.329666014275119, -6.258675732798817, 0.0 ], [ 134.32083934196217, -6.267517869853715, 0.0 ], [ 134.31616106238323, -6.275681955857485, 0.0 ], [ 134.294327040260754, -6.286291907345624, 0.0 ], [ 134.283148549066368, -6.280201301848524, 0.0 ], [ 134.256613983748309, -6.238168755683463, 0.0 ], [ 134.253702959224228, -6.237661561431888, 0.0 ], [ 134.249586327846828, -6.242784974846653, 0.0 ], [ 134.246024078148707, -6.239874083422129, 0.0 ], [ 134.231694002776067, -6.203799779636102, 0.0 ], [ 134.220678757418796, -6.194919755042675, 0.0 ], [ 134.212740081089947, -6.191893930260654, 0.0 ], [ 134.201736552100186, -6.199801881251758, 0.0 ], [ 134.179404790298918, -6.200111372142096, 0.0 ], [ 134.163980258881907, -6.187492038426771, 0.0 ], [ 134.169266237347074, -6.166092248558356, 0.0 ], [ 134.202438080852886, -6.144555885845441, 0.0 ], [ 134.19921877772444, -6.127067724196048, 0.0 ], [ 134.179776844325943, -6.121335452669, 0.0 ], [ 134.172844380763649, -6.131540961046492, 0.0 ], [ 134.1496006974144, -6.137037022940176, 0.0 ], [ 134.150927980741812, -6.151216413306741, 0.0 ], [ 134.127358948756523, -6.127799277714433, 0.0 ], [ 134.114665643104985, -6.100749866712966, 0.0 ], [ 134.124994403568962, -6.066262897814471, 0.0 ], [ 134.121617926825962, -6.04926118485574, 0.0 ], [ 134.127967391382072, -6.031114648422235, 0.0 ], [ 134.151924549178744, -6.005118166370219, 0.0 ] ] ], [ [ [ 134.864162538370437, -5.99868199997429, 0.0 ], [ 134.864109076372841, -5.999065889079506, 0.0 ], [ 134.86400632163452, -5.998949110313204, 0.0 ], [ 134.864162538370437, -5.99868199997429, 0.0 ] ] ], [ [ [ 134.864599578308002, -5.997827233040346, 0.0 ], [ 134.865915716337327, -5.998947601250729, 0.0 ], [ 134.864395968199489, -5.997910295323797, 0.0 ], [ 134.864599578308002, -5.997827233040346, 0.0 ] ] ], [ [ [ 134.868097212616419, -5.999581684447167, 0.0 ], [ 134.865745106851222, -6.00148843874038, 0.0 ], [ 134.86688455687684, -5.99767542028438, 0.0 ], [ 134.868097212616419, -5.999581684447167, 0.0 ] ] ], [ [ [ 134.865716253902036, -5.996691814675418, 0.0 ], [ 134.86527531720219, -5.996566489651726, 0.0 ], [ 134.865506949286356, -5.996204695090571, 0.0 ], [ 134.865716253902036, -5.996691814675418, 0.0 ] ] ], [ [ [ 134.866331634797092, -5.995520770567068, 0.0 ], [ 134.866164598317596, -5.995980509392921, 0.0 ], [ 134.866015341434917, -5.995684657620774, 0.0 ], [ 134.866331634797092, -5.995520770567068, 0.0 ] ] ], [ [ [ 134.866704811178181, -5.993550158113229, 0.0 ], [ 134.869798526680711, -5.995060707985259, 0.0 ], [ 134.868882434976513, -5.99664304893757, 0.0 ], [ 134.866704811178181, -5.993550158113229, 0.0 ] ] ], [ [ [ 134.867026958227569, -5.991856992805892, 0.0 ], [ 134.866746926429528, -5.992093289673476, 0.0 ], [ 134.866872267641185, -5.9917372148006, 0.0 ], [ 134.867026958227569, -5.991856992805892, 0.0 ] ] ], [ [ [ 134.713770982844636, -5.980355163859644, 0.0 ], [ 134.713601451645786, -5.980523659039586, 0.0 ], [ 134.713561358969571, -5.98032876965691, 0.0 ], [ 134.713770982844636, -5.980355163859644, 0.0 ] ] ], [ [ [ 134.859695738867345, -5.964844847012055, 0.0 ], [ 134.859469427172371, -5.965001937889073, 0.0 ], [ 134.859539478963853, -5.964797875421527, 0.0 ], [ 134.859695738867345, -5.964844847012055, 0.0 ] ] ], [ [ [ 134.860297861057518, -5.964348632583309, 0.0 ], [ 134.859834912551321, -5.964426298934526, 0.0 ], [ 134.860003344778676, -5.964119526694737, 0.0 ], [ 134.860297861057518, -5.964348632583309, 0.0 ] ] ], [ [ [ 134.680693644596147, -5.961236862291289, 0.0 ], [ 134.678569710323927, -5.962400324215515, 0.0 ], [ 134.678074358345043, -5.959686176575722, 0.0 ], [ 134.680693644596147, -5.961236862291289, 0.0 ] ] ], [ [ [ 134.876984956990214, -5.959451877102388, 0.0 ], [ 134.876715143289317, -5.959617499847684, 0.0 ], [ 134.876987726002767, -5.959327347079383, 0.0 ], [ 134.876984956990214, -5.959451877102388, 0.0 ] ] ], [ [ [ 134.874300924947818, -5.957961937893045, 0.0 ], [ 134.875835678274001, -5.959606541608568, 0.0 ], [ 134.874983829640058, -5.960049121369852, 0.0 ], [ 134.874300924947818, -5.957961937893045, 0.0 ] ] ], [ [ [ 134.689249101165188, -5.9607046354105, 0.0 ], [ 134.683019116938823, -5.963115289738744, 0.0 ], [ 134.678957032141398, -5.956673177924791, 0.0 ], [ 134.689249101165188, -5.9607046354105, 0.0 ] ] ], [ [ [ 134.662641197033736, -5.951832655252857, 0.0 ], [ 134.662327536886437, -5.951869233378363, 0.0 ], [ 134.662370263676735, -5.951628209674079, 0.0 ], [ 134.662641197033736, -5.951832655252857, 0.0 ] ] ], [ [ [ 134.852793641813207, -5.95777161706648, 0.0 ], [ 134.864584424731476, -5.954371291202135, 0.0 ], [ 134.860822071381534, -5.964134387092272, 0.0 ], [ 134.852793641813207, -5.95777161706648, 0.0 ] ] ], [ [ [ 134.747790512022505, -5.950116503273931, 0.0 ], [ 134.749366966911992, -5.960424292447079, 0.0 ], [ 134.738540186180671, -5.95166702171566, 0.0 ], [ 134.747790512022505, -5.950116503273931, 0.0 ] ] ], [ [ [ 134.739709914581027, -5.949920519416344, 0.0 ], [ 134.739190194571876, -5.950361278050468, 0.0 ], [ 134.739139694941088, -5.949677132293799, 0.0 ], [ 134.739709914581027, -5.949920519416344, 0.0 ] ] ], [ [ [ 134.751568429939141, -5.949778981414759, 0.0 ], [ 134.752229369589827, -5.949208232973539, 0.0 ], [ 134.75293483107771, -5.95010186680767, 0.0 ], [ 134.751568429939141, -5.949778981414759, 0.0 ] ] ], [ [ [ 134.799582728560154, -5.948907183119959, 0.0 ], [ 134.799444291420969, -5.94915307935107, 0.0 ], [ 134.799534757822926, -5.948828011303656, 0.0 ], [ 134.799582728560154, -5.948907183119959, 0.0 ] ] ], [ [ [ 134.801567139312056, -5.949421670873426, 0.0 ], [ 134.800149251087078, -5.950851602819166, 0.0 ], [ 134.800901178746415, -5.948381109400617, 0.0 ], [ 134.801567139312056, -5.949421670873426, 0.0 ] ] ], [ [ [ 134.799989518001951, -5.948319323278088, 0.0 ], [ 134.799783377201152, -5.948401229932791, 0.0 ], [ 134.79980885859203, -5.948203352102936, 0.0 ], [ 134.799989518001951, -5.948319323278088, 0.0 ] ] ], [ [ [ 134.796632338012017, -5.947825467771021, 0.0 ], [ 134.797219055714891, -5.949346590073005, 0.0 ], [ 134.795852772387519, -5.948628038053431, 0.0 ], [ 134.796632338012017, -5.947825467771021, 0.0 ] ] ], [ [ [ 134.737932728312757, -5.946583875445447, 0.0 ], [ 134.736854022994891, -5.94691694296248, 0.0 ], [ 134.736363271947539, -5.945814197866887, 0.0 ], [ 134.737932728312757, -5.946583875445447, 0.0 ] ] ], [ [ [ 134.600099123275982, -5.943837297353375, 0.0 ], [ 134.599759402574449, -5.945103507720687, 0.0 ], [ 134.59990727270258, -5.943644927871076, 0.0 ], [ 134.600099123275982, -5.943837297353375, 0.0 ] ] ], [ [ [ 134.59950534769365, -5.946190108186914, 0.0 ], [ 134.597482644708379, -5.947788670210911, 0.0 ], [ 134.598609372924358, -5.9436226210871, 0.0 ], [ 134.59950534769365, -5.946190108186914, 0.0 ] ] ], [ [ [ 134.791529643178592, -5.94305521632517, 0.0 ], [ 134.791357354658174, -5.943213461032374, 0.0 ], [ 134.791348981970032, -5.942953377096653, 0.0 ], [ 134.791529643178592, -5.94305521632517, 0.0 ] ] ], [ [ [ 134.603928567849152, -5.943666034959509, 0.0 ], [ 134.60208761515139, -5.943828673754207, 0.0 ], [ 134.603579110187866, -5.942772480265716, 0.0 ], [ 134.603928567849152, -5.943666034959509, 0.0 ] ] ], [ [ [ 134.791456585852899, -5.942119463642274, 0.0 ], [ 134.791097935321574, -5.94232852364243, 0.0 ], [ 134.791225097660174, -5.942034567641111, 0.0 ], [ 134.791456585852899, -5.942119463642274, 0.0 ] ] ], [ [ [ 134.748229261571311, -5.94144926187388, 0.0 ], [ 134.748082342925869, -5.94167535143633, 0.0 ], [ 134.748172821918274, -5.941387043177463, 0.0 ], [ 134.748229261571311, -5.94144926187388, 0.0 ] ] ], [ [ [ 134.749810609671954, -5.940907203604499, 0.0 ], [ 134.749443388601605, -5.941302811775343, 0.0 ], [ 134.748862102803884, -5.940567539560319, 0.0 ], [ 134.749810609671954, -5.940907203604499, 0.0 ] ] ], [ [ [ 134.513153633733282, -5.937084230552684, 0.0 ], [ 134.511200136277409, -5.936075379175313, 0.0 ], [ 134.513804892182065, -5.935196881830577, 0.0 ], [ 134.513153633733282, -5.937084230552684, 0.0 ] ] ], [ [ [ 134.796182722854468, -5.934947817287898, 0.0 ], [ 134.795993499200648, -5.935106056599152, 0.0 ], [ 134.795990719396286, -5.934987323606026, 0.0 ], [ 134.796182722854468, -5.934947817287898, 0.0 ] ] ], [ [ [ 134.587579438939969, -5.93340348528251, 0.0 ], [ 134.586071019561928, -5.934437007761665, 0.0 ], [ 134.587337013192752, -5.932894460011243, 0.0 ], [ 134.587579438939969, -5.93340348528251, 0.0 ] ] ], [ [ [ 134.659302894712937, -5.93381977696115, 0.0 ], [ 134.655474399823817, -5.933902215115054, 0.0 ], [ 134.657379422022814, -5.93051107762406, 0.0 ], [ 134.659302894712937, -5.93381977696115, 0.0 ] ] ], [ [ [ 134.779019254235237, -5.927762199066215, 0.0 ], [ 134.779470847901422, -5.928112922073651, 0.0 ], [ 134.779117869394213, -5.928268264668616, 0.0 ], [ 134.779019254235237, -5.927762199066215, 0.0 ] ] ], [ [ [ 134.745910152831328, -5.937688351935825, 0.0 ], [ 134.737402953883276, -5.944412525317747, 0.0 ], [ 134.729678827016272, -5.937807782802888, 0.0 ], [ 134.727994169295584, -5.932123845339169, 0.0 ], [ 134.726773505093234, -5.930896043217774, 0.0 ], [ 134.72361080529447, -5.929045616162191, 0.0 ], [ 134.745910152831328, -5.937688351935825, 0.0 ] ] ], [ [ [ 134.63580560704321, -5.927512076920819, 0.0 ], [ 134.63535360508493, -5.927930165444709, 0.0 ], [ 134.635325557028864, -5.927647453666988, 0.0 ], [ 134.63580560704321, -5.927512076920819, 0.0 ] ] ], [ [ [ 134.725412519672062, -5.926116330004553, 0.0 ], [ 134.725169647860952, -5.926251902803052, 0.0 ], [ 134.725271401653913, -5.926020143015157, 0.0 ], [ 134.725412519672062, -5.926116330004553, 0.0 ] ] ], [ [ [ 134.634609517715177, -5.926007365447531, 0.0 ], [ 134.634388833078219, -5.926719605125611, 0.0 ], [ 134.634394988937686, -5.925945030738581, 0.0 ], [ 134.634609517715177, -5.926007365447531, 0.0 ] ] ], [ [ [ 134.629872335240179, -5.927204061817974, 0.0 ], [ 134.630015102614976, -5.930844637070346, 0.0 ], [ 134.628706400180306, -5.925764488240474, 0.0 ], [ 134.629872335240179, -5.927204061817974, 0.0 ] ] ], [ [ [ 134.727608980669942, -5.926275723145994, 0.0 ], [ 134.726321948299301, -5.92546658061817, 0.0 ], [ 134.727795434411803, -5.926044003827683, 0.0 ], [ 134.727608980669942, -5.926275723145994, 0.0 ] ] ], [ [ [ 134.73745811470036, -5.923306520579422, 0.0 ], [ 134.737277350969066, -5.923459090564513, 0.0 ], [ 134.73733389494339, -5.923295154048062, 0.0 ], [ 134.73745811470036, -5.923306520579422, 0.0 ] ] ], [ [ [ 134.632729332093049, -5.925819544736192, 0.0 ], [ 134.631264320292189, -5.930963610182419, 0.0 ], [ 134.629173783243573, -5.923131598844193, 0.0 ], [ 134.632729332093049, -5.925819544736192, 0.0 ] ] ], [ [ [ 134.738158745929468, -5.922345687603396, 0.0 ], [ 134.738756946176238, -5.923069669729467, 0.0 ], [ 134.737904546257852, -5.922566070068028, 0.0 ], [ 134.738158745929468, -5.922345687603396, 0.0 ] ] ], [ [ [ 134.725065691628345, -5.919518053615284, 0.0 ], [ 134.724404993895405, -5.919619496242738, 0.0 ], [ 134.724947380417319, -5.91898087416796, 0.0 ], [ 134.725065691628345, -5.919518053615284, 0.0 ] ] ], [ [ [ 134.540247764422787, -5.9197520976811, 0.0 ], [ 134.570772684611825, -5.936976810131593, 0.0 ], [ 134.588915719984527, -5.93885272037669, 0.0 ], [ 134.59761705018667, -5.949326609835096, 0.0 ], [ 134.632500019360521, -5.9368050432181, 0.0 ], [ 134.658627877974254, -5.945002923046409, 0.0 ], [ 134.652954278217408, -5.960739729654722, 0.0 ], [ 134.662017304055468, -5.975337474744594, 0.0 ], [ 134.739049885044238, -6.032708709339455, 0.0 ], [ 134.78254166936253, -6.09358530341895, 0.0 ], [ 134.762783802330659, -6.12700613592441, 0.0 ], [ 134.762288916200532, -6.138716971810768, 0.0 ], [ 134.714222166419859, -6.166687329057011, 0.0 ], [ 134.726811442993693, -6.170682203920545, 0.0 ], [ 134.762785522733765, -6.155767998194487, 0.0 ], [ 134.768822179699896, -6.16612127058012, 0.0 ], [ 134.756478200408623, -6.187691337185423, 0.0 ], [ 134.76470574437468, -6.204491450020359, 0.0 ], [ 134.729117927050766, -6.301669635345312, 0.0 ], [ 134.720314226120649, -6.307502035590388, 0.0 ], [ 134.706819478835939, -6.299307896941889, 0.0 ], [ 134.695102731705731, -6.304779723905066, 0.0 ], [ 134.697731483321434, -6.312413895185002, 0.0 ], [ 134.709044150667069, -6.312624058653319, 0.0 ], [ 134.702650289279518, -6.327444548726894, 0.0 ], [ 134.678001639164336, -6.345227994676143, 0.0 ], [ 134.629699302980555, -6.357611385856713, 0.0 ], [ 134.622476493295608, -6.374013352634015, 0.0 ], [ 134.588264335630697, -6.35181099967788, 0.0 ], [ 134.565063065208392, -6.356317248841918, 0.0 ], [ 134.553041270738191, -6.352066721002262, 0.0 ], [ 134.550694232652717, -6.347305094054771, 0.0 ], [ 134.546994407366043, -6.346884106116572, 0.0 ], [ 134.5452802842577, -6.330630538268681, 0.0 ], [ 134.539731380898587, -6.321044880416852, 0.0 ], [ 134.544923364921374, -6.302047659971492, 0.0 ], [ 134.532520424278232, -6.306615124188556, 0.0 ], [ 134.520335918168115, -6.318440093935144, 0.0 ], [ 134.515744002283867, -6.316426284345481, 0.0 ], [ 134.509418946227441, -6.298177685651644, 0.0 ], [ 134.506994116785137, -6.295431607582617, 0.0 ], [ 134.504056521791028, -6.294806922301603, 0.0 ], [ 134.508855036230983, -6.286740729301225, 0.0 ], [ 134.502595537154406, -6.28627978268577, 0.0 ], [ 134.498033985080383, -6.291997894387328, 0.0 ], [ 134.494923284082347, -6.284340140185289, 0.0 ], [ 134.492229159847966, -6.283158509257784, 0.0 ], [ 134.484610673643658, -6.296663318157573, 0.0 ], [ 134.485597196653373, -6.287334995013953, 0.0 ], [ 134.483044035753665, -6.283873183400671, 0.0 ], [ 134.479666692963519, -6.293746779889967, 0.0 ], [ 134.476863165302944, -6.293043909348909, 0.0 ], [ 134.475955760150327, -6.294917531718695, 0.0 ], [ 134.475514419654786, -6.285077810892207, 0.0 ], [ 134.474460979890409, -6.279615935826736, 0.0 ], [ 134.472390011190129, -6.274868571227525, 0.0 ], [ 134.474882495730668, -6.266476212107434, 0.0 ], [ 134.474377442764904, -6.264092419629445, 0.0 ], [ 134.465176269369437, -6.256121443249966, 0.0 ], [ 134.447024506975481, -6.264650741238657, 0.0 ], [ 134.446122055288669, -6.253797633753758, 0.0 ], [ 134.442780866144204, -6.241115825035219, 0.0 ], [ 134.45158223513215, -6.231106802337009, 0.0 ], [ 134.441206162234607, -6.223616149365777, 0.0 ], [ 134.423065894075734, -6.218118283431976, 0.0 ], [ 134.395387326364158, -6.234652375906328, 0.0 ], [ 134.384053383756793, -6.220838863023096, 0.0 ], [ 134.374330216866042, -6.230794686325662, 0.0 ], [ 134.370148890059369, -6.212376038423332, 0.0 ], [ 134.368050238427799, -6.209942500845659, 0.0 ], [ 134.362330367652362, -6.207549835656304, 0.0 ], [ 134.345372611756687, -6.220170462596712, 0.0 ], [ 134.344054273086272, -6.212689194050983, 0.0 ], [ 134.342019386985157, -6.20905143997195, 0.0 ], [ 134.336795002187586, -6.208100780126883, 0.0 ], [ 134.332448076917359, -6.210204083051955, 0.0 ], [ 134.322798955707299, -6.197348521716854, 0.0 ], [ 134.312381156964875, -6.171463151802995, 0.0 ], [ 134.283492230382222, -6.146043949968298, 0.0 ], [ 134.287845506664894, -6.126864442340078, 0.0 ], [ 134.271436831844397, -6.110385132967425, 0.0 ], [ 134.271885050354882, -6.087958382073636, 0.0 ], [ 134.291487924628115, -6.071510147874974, 0.0 ], [ 134.282780382808454, -6.044848065885481, 0.0 ], [ 134.318531978368128, -6.024416914209122, 0.0 ], [ 134.3437376137, -6.032453300079669, 0.0 ], [ 134.351783666383142, -6.043238673326083, 0.0 ], [ 134.381762442682685, -6.019412511677994, 0.0 ], [ 134.410216166642869, -6.025038269300679, 0.0 ], [ 134.428851138369396, -6.021002492371056, 0.0 ], [ 134.43903361331067, -6.015360532562467, 0.0 ], [ 134.465607711027133, -5.978019998623977, 0.0 ], [ 134.469811799674829, -5.959209008888581, 0.0 ], [ 134.487682251434904, -5.961387683095047, 0.0 ], [ 134.540247764422787, -5.9197520976811, 0.0 ] ] ], [ [ [ 134.767317343220839, -5.918610564825658, 0.0 ], [ 134.766766798049417, -5.918621640875958, 0.0 ], [ 134.766871426075568, -5.918223083828237, 0.0 ], [ 134.767317343220839, -5.918610564825658, 0.0 ] ] ], [ [ [ 134.72583989279687, -5.918257615996118, 0.0 ], [ 134.726957725818465, -5.918631324775773, 0.0 ], [ 134.725551812965847, -5.918472321940075, 0.0 ], [ 134.72583989279687, -5.918257615996118, 0.0 ] ] ], [ [ [ 134.738522571159848, -5.917149917434709, 0.0 ], [ 134.738279668771696, -5.91736465125761, 0.0 ], [ 134.738432284622235, -5.917025488135756, 0.0 ], [ 134.738522571159848, -5.917149917434709, 0.0 ] ] ], [ [ [ 134.769460399777643, -5.916788824344702, 0.0 ], [ 134.771286909363454, -5.917157084132078, 0.0 ], [ 134.768632486599984, -5.91845355938421, 0.0 ], [ 134.769460399777643, -5.916788824344702, 0.0 ] ] ], [ [ [ 134.594565172944385, -5.916752675195784, 0.0 ], [ 134.595130532647971, -5.917051536099453, 0.0 ], [ 134.594723169438765, -5.917274253204211, 0.0 ], [ 134.594565172944385, -5.916752675195784, 0.0 ] ] ], [ [ [ 134.594599437114482, -5.916006476217798, 0.0 ], [ 134.595299949633045, -5.91621586896716, 0.0 ], [ 134.594818348288186, -5.916484271631787, 0.0 ], [ 134.594599437114482, -5.916006476217798, 0.0 ] ] ], [ [ [ 134.168864752106714, -5.914759749662649, 0.0 ], [ 134.172287804738545, -5.918454934447563, 0.0 ], [ 134.181245261859374, -5.919627326639779, 0.0 ], [ 134.166790417243988, -5.922900361562337, 0.0 ], [ 134.168864752106714, -5.914759749662649, 0.0 ] ] ], [ [ [ 134.632325111115023, -5.913748301942493, 0.0 ], [ 134.631907254616181, -5.913776295139853, 0.0 ], [ 134.632432542328019, -5.913522218675364, 0.0 ], [ 134.632325111115023, -5.913748301942493, 0.0 ] ] ], [ [ [ 134.622055274231542, -5.912192253569585, 0.0 ], [ 134.621643084360954, -5.912191973880424, 0.0 ], [ 134.622055535035003, -5.911807793394956, 0.0 ], [ 134.622055274231542, -5.912192253569585, 0.0 ] ] ], [ [ [ 134.599583624684612, -5.912345775936759, 0.0 ], [ 134.598917376335834, -5.911953165206344, 0.0 ], [ 134.599559831321244, -5.91153675931391, 0.0 ], [ 134.599583624684612, -5.912345775936759, 0.0 ] ] ], [ [ [ 134.718948807041869, -5.911622142747656, 0.0 ], [ 134.718021963043242, -5.913244342552363, 0.0 ], [ 134.717215311637318, -5.91167214865063, 0.0 ], [ 134.718948807041869, -5.911622142747656, 0.0 ] ] ], [ [ [ 134.774612792046867, -5.910251905101286, 0.0 ], [ 134.774491358389582, -5.910336664405484, 0.0 ], [ 134.774567631690957, -5.910220790357172, 0.0 ], [ 134.774612792046867, -5.910251905101286, 0.0 ] ] ], [ [ [ 134.768082859636309, -5.910198973703621, 0.0 ], [ 134.767172648598944, -5.91069292903537, 0.0 ], [ 134.76789425381682, -5.91005575127184, 0.0 ], [ 134.768082859636309, -5.910198973703621, 0.0 ] ] ], [ [ [ 134.761185430962882, -5.910288700862835, 0.0 ], [ 134.760428640669232, -5.910661533702725, 0.0 ], [ 134.760954030903918, -5.910039828775008, 0.0 ], [ 134.761185430962882, -5.910288700862835, 0.0 ] ] ], [ [ [ 134.77300736369898, -5.909188878563824, 0.0 ], [ 134.772937234565831, -5.909464760889963, 0.0 ], [ 134.77290912355727, -5.909165092395056, 0.0 ], [ 134.77300736369898, -5.909188878563824, 0.0 ] ] ], [ [ [ 134.780796812822672, -5.909163527574694, 0.0 ], [ 134.780186719041922, -5.909858719704157, 0.0 ], [ 134.780475002119687, -5.909067283927953, 0.0 ], [ 134.780796812822672, -5.909163527574694, 0.0 ] ] ], [ [ [ 134.626766854806561, -5.908526090806347, 0.0 ], [ 134.627536019771611, -5.923526270820715, 0.0 ], [ 134.629744044252277, -5.931663638865795, 0.0 ], [ 134.612417772262461, -5.935123238146892, 0.0 ], [ 134.626766854806561, -5.908526090806347, 0.0 ] ] ], [ [ [ 134.733789262964137, -5.908485879419771, 0.0 ], [ 134.733585942437344, -5.90858755227364, 0.0 ], [ 134.733749763840621, -5.908429321056267, 0.0 ], [ 134.733789262964137, -5.908485879419771, 0.0 ] ] ], [ [ [ 134.738983783974561, -5.908951962962642, 0.0 ], [ 134.737916735668932, -5.908668765551076, 0.0 ], [ 134.738882419588066, -5.908369562904951, 0.0 ], [ 134.738983783974561, -5.908951962962642, 0.0 ] ] ], [ [ [ 134.764746350563655, -5.91505082243751, 0.0 ], [ 134.765815819844335, -5.909643297000481, 0.0 ], [ 134.768427083243466, -5.916994491202824, 0.0 ], [ 134.764746350563655, -5.91505082243751, 0.0 ] ] ], [ [ [ 134.772729887774176, -5.908377992250528, 0.0 ], [ 134.772517387867168, -5.908848311600216, 0.0 ], [ 134.772438550598736, -5.908326988100025, 0.0 ], [ 134.772729887774176, -5.908377992250528, 0.0 ] ] ], [ [ [ 134.731096324935493, -5.907613880576061, 0.0 ], [ 134.731056725987202, -5.907766518010397, 0.0 ], [ 134.73094388355338, -5.907585538441821, 0.0 ], [ 134.731096324935493, -5.907613880576061, 0.0 ] ] ], [ [ [ 134.744874582596083, -5.905590620011107, 0.0 ], [ 134.744479180369922, -5.905924019377976, 0.0 ], [ 134.744479278396028, -5.905709170441823, 0.0 ], [ 134.744874582596083, -5.905590620011107, 0.0 ] ] ], [ [ [ 134.733266255033755, -5.90406992488706, 0.0 ], [ 134.732944402062571, -5.9040867332161, 0.0 ], [ 134.733204188322702, -5.903979433304122, 0.0 ], [ 134.733266255033755, -5.90406992488706, 0.0 ] ] ], [ [ [ 134.78655470423638, -5.903969449030803, 0.0 ], [ 134.786148050592203, -5.904257643075698, 0.0 ], [ 134.78601541318082, -5.904119071038209, 0.0 ], [ 134.78655470423638, -5.903969449030803, 0.0 ] ] ], [ [ [ 134.734428528953458, -5.905930617703773, 0.0 ], [ 134.736150904241015, -5.905479124761807, 0.0 ], [ 134.73651088756742, -5.908413674651384, 0.0 ], [ 134.734428528953458, -5.905930617703773, 0.0 ] ] ], [ [ [ 134.749341969356493, -5.903234968219166, 0.0 ], [ 134.748822378849809, -5.903500466972903, 0.0 ], [ 134.748777342600306, -5.903200790384115, 0.0 ], [ 134.749341969356493, -5.903234968219166, 0.0 ] ] ], [ [ [ 134.733667679120089, -5.902961951133071, 0.0 ], [ 134.733509412829278, -5.903312417833798, 0.0 ], [ 134.733532206146435, -5.902877077614991, 0.0 ], [ 134.733667679120089, -5.902961951133071, 0.0 ] ] ], [ [ [ 134.751414663855741, -5.902548093020047, 0.0 ], [ 134.751205054369876, -5.903750311227877, 0.0 ], [ 134.750962843560501, -5.902438492642296, 0.0 ], [ 134.751414663855741, -5.902548093020047, 0.0 ] ] ], [ [ [ 134.749319865819189, -5.902160713645958, 0.0 ], [ 134.749065666147658, -5.902409370795762, 0.0 ], [ 134.749020619106375, -5.902132308559142, 0.0 ], [ 134.749319865819189, -5.902160713645958, 0.0 ] ] ], [ [ [ 134.752473695604607, -5.901446904650846, 0.0 ], [ 134.752273179163922, -5.901605125076407, 0.0 ], [ 134.752143480737175, -5.901223427619033, 0.0 ], [ 134.752473695604607, -5.901446904650846, 0.0 ] ] ], [ [ [ 134.743374715770472, -5.901061144056444, 0.0 ], [ 134.743131779208227, -5.901371997419672, 0.0 ], [ 134.743030210675812, -5.901224949271881, 0.0 ], [ 134.743374715770472, -5.901061144056444, 0.0 ] ] ], [ [ [ 134.744921868949206, -5.900965738577994, 0.0 ], [ 134.743090931101648, -5.904244166734855, 0.0 ], [ 134.741855430783517, -5.901942451782708, 0.0 ], [ 134.744921868949206, -5.900965738577994, 0.0 ] ] ], [ [ [ 134.751675293679938, -5.900182897622556, 0.0 ], [ 134.751517023791735, -5.900567293945417, 0.0 ], [ 134.751573674785305, -5.900148929329577, 0.0 ], [ 134.751675293679938, -5.900182897622556, 0.0 ] ] ], [ [ [ 134.743008355351435, -5.899641842097284, 0.0 ], [ 134.742528220800892, -5.900060009761602, 0.0 ], [ 134.742494527700416, -5.899658566789316, 0.0 ], [ 134.743008355351435, -5.899641842097284, 0.0 ] ] ], [ [ [ 134.756964142781015, -5.898571948336765, 0.0 ], [ 134.756755232068372, -5.898563375998903, 0.0 ], [ 134.756789169784383, -5.89842486961201, 0.0 ], [ 134.756964142781015, -5.898571948336765, 0.0 ] ] ], [ [ [ 134.739333636438261, -5.897355953414499, 0.0 ], [ 134.739147219568594, -5.897542444028562, 0.0 ], [ 134.739243356195971, -5.897225870077775, 0.0 ], [ 134.739333636438261, -5.897355953414499, 0.0 ] ] ], [ [ [ 134.739926617919139, -5.897107458142584, 0.0 ], [ 134.739395873121083, -5.897084593778938, 0.0 ], [ 134.739356462131155, -5.896841456667871, 0.0 ], [ 134.739926617919139, -5.897107458142584, 0.0 ] ] ], [ [ [ 134.789928373295851, -5.896665851447817, 0.0 ], [ 134.789696837439152, -5.896759052688053, 0.0 ], [ 134.789809824663706, -5.896595132359454, 0.0 ], [ 134.789928373295851, -5.896665851447817, 0.0 ] ] ], [ [ [ 134.720673488190954, -5.895345422752988, 0.0 ], [ 134.720424763592092, -5.895916342964806, 0.0 ], [ 134.720571877390284, -5.895300140988694, 0.0 ], [ 134.720673488190954, -5.895345422752988, 0.0 ] ] ], [ [ [ 134.7205328423168, -5.894321995163913, 0.0 ], [ 134.719973636674041, -5.894762718724492, 0.0 ], [ 134.720318411565444, -5.89406180780612, 0.0 ], [ 134.7205328423168, -5.894321995163913, 0.0 ] ] ], [ [ [ 134.788957923869191, -5.894748799917141, 0.0 ], [ 134.787411679905205, -5.907331039295975, 0.0 ], [ 134.775513471169774, -5.910093958968935, 0.0 ], [ 134.775930755699818, -5.897420849392602, 0.0 ], [ 134.788957923869191, -5.894748799917141, 0.0 ] ] ], [ [ [ 134.764942768793873, -5.892755014632182, 0.0 ], [ 134.764502273661037, -5.892952717094139, 0.0 ], [ 134.76453067874786, -5.89253999212687, 0.0 ], [ 134.764942768793873, -5.892755014632182, 0.0 ] ] ], [ [ [ 134.772991883668482, -5.892017686566912, 0.0 ], [ 134.772836622911882, -5.891986526856633, 0.0 ], [ 134.772960880440337, -5.891893287844922, 0.0 ], [ 134.772991883668482, -5.892017686566912, 0.0 ] ] ], [ [ [ 134.728370683960009, -5.892742776657726, 0.0 ], [ 134.726592304291501, -5.892329172153569, 0.0 ], [ 134.727936830320573, -5.890871121105316, 0.0 ], [ 134.728370683960009, -5.892742776657726, 0.0 ] ] ], [ [ [ 134.772340306859718, -5.890615246896028, 0.0 ], [ 134.771961776814521, -5.891174831153449, 0.0 ], [ 134.772142714115063, -5.890547319303322, 0.0 ], [ 134.772340306859718, -5.890615246896028, 0.0 ] ] ], [ [ [ 134.729292798423984, -5.889090798901168, 0.0 ], [ 134.728462657625641, -5.889378744733235, 0.0 ], [ 134.729157402792026, -5.888853269063058, 0.0 ], [ 134.729292798423984, -5.889090798901168, 0.0 ] ] ], [ [ [ 134.720343660031972, -5.888741495023878, 0.0 ], [ 134.719406334434893, -5.888837139722173, 0.0 ], [ 134.720163192177694, -5.888317361257193, 0.0 ], [ 134.720343660031972, -5.888741495023878, 0.0 ] ] ], [ [ [ 134.629474165800161, -5.887461638343864, 0.0 ], [ 134.629067310707882, -5.887958906778027, 0.0 ], [ 134.6293160991587, -5.887421955758646, 0.0 ], [ 134.629474165800161, -5.887461638343864, 0.0 ] ] ], [ [ [ 134.796767772314894, -5.886225923087788, 0.0 ], [ 134.795322165185894, -5.886677709208835, 0.0 ], [ 134.796276657042199, -5.885926084621111, 0.0 ], [ 134.796767772314894, -5.886225923087788, 0.0 ] ] ], [ [ [ 134.772816820739791, -5.885136782936121, 0.0 ], [ 134.772404572413109, -5.885317541271532, 0.0 ], [ 134.772726544994157, -5.884978436605496, 0.0 ], [ 134.772816820739791, -5.885136782936121, 0.0 ] ] ], [ [ [ 134.616900337780407, -5.887142182965269, 0.0 ], [ 134.615603078319509, -5.885162443292095, 0.0 ], [ 134.617466100380284, -5.885469031170824, 0.0 ], [ 134.616900337780407, -5.887142182965269, 0.0 ] ] ], [ [ [ 134.618776774128861, -5.884344812063417, 0.0 ], [ 134.617873179403773, -5.88465515641026, 0.0 ], [ 134.61876572056164, -5.883994266222351, 0.0 ], [ 134.618776774128861, -5.884344812063417, 0.0 ] ] ], [ [ [ 134.619414299930071, -5.885063285841933, 0.0 ], [ 134.618380688418142, -5.885599696368863, 0.0 ], [ 134.619686357439491, -5.883531278145941, 0.0 ], [ 134.619414299930071, -5.885063285841933, 0.0 ] ] ], [ [ [ 134.77515372076769, -5.880420259687184, 0.0 ], [ 134.774860039958952, -5.880618029598298, 0.0 ], [ 134.775077525707303, -5.880349554987933, 0.0 ], [ 134.77515372076769, -5.880420259687184, 0.0 ] ] ], [ [ [ 134.627638359023081, -5.88017259359022, 0.0 ], [ 134.627084757955259, -5.880596264206232, 0.0 ], [ 134.627519978564237, -5.879889823356591, 0.0 ], [ 134.627638359023081, -5.88017259359022, 0.0 ] ] ], [ [ [ 134.626843150590929, -5.878832100121282, 0.0 ], [ 134.626380095065429, -5.878944867011952, 0.0 ], [ 134.626589306151573, -5.87848704464136, 0.0 ], [ 134.626843150590929, -5.878832100121282, 0.0 ] ] ], [ [ [ 134.786907299632276, -5.877702497672103, 0.0 ], [ 134.786687150091979, -5.877572373865884, 0.0 ], [ 134.786955352207798, -5.877547032769285, 0.0 ], [ 134.786907299632276, -5.877702497672103, 0.0 ] ] ], [ [ [ 134.808018306399703, -5.876917861669976, 0.0 ], [ 134.807741541838737, -5.877217425843443, 0.0 ], [ 134.807645627343817, -5.87701385080848, 0.0 ], [ 134.808018306399703, -5.876917861669976, 0.0 ] ] ], [ [ [ 134.6239594267862, -5.876698661813754, 0.0 ], [ 134.628052470745075, -5.902703484178388, 0.0 ], [ 134.609094825865554, -5.938971161989474, 0.0 ], [ 134.588628076324824, -5.935609255162947, 0.0 ], [ 134.592732270977564, -5.921460768199863, 0.0 ], [ 134.604493092981926, -5.906769306558227, 0.0 ], [ 134.61342125738517, -5.888643706341926, 0.0 ], [ 134.616871576562033, -5.887916740265346, 0.0 ], [ 134.619555080702526, -5.885611805740235, 0.0 ], [ 134.6239594267862, -5.876698661813754, 0.0 ] ] ], [ [ [ 134.776193920712899, -5.877164012409234, 0.0 ], [ 134.778022092245806, -5.880150017908895, 0.0 ], [ 134.775741259551523, -5.879583713917195, 0.0 ], [ 134.776193920712899, -5.877164012409234, 0.0 ] ] ], [ [ [ 134.780669034448465, -5.87580036139748, 0.0 ], [ 134.78032741797594, -5.875862420014658, 0.0 ], [ 134.780567434439604, -5.875721166198814, 0.0 ], [ 134.780669034448465, -5.87580036139748, 0.0 ] ] ], [ [ [ 134.802441347790023, -5.872799848034464, 0.0 ], [ 134.802384796621112, -5.873054255449421, 0.0 ], [ 134.802204255022389, -5.872675377366735, 0.0 ], [ 134.802441347790023, -5.872799848034464, 0.0 ] ] ], [ [ [ 134.771689362274287, -5.874419660139178, 0.0 ], [ 134.769722689750438, -5.876589243099043, 0.0 ], [ 134.768369380942204, -5.872314312155672, 0.0 ], [ 134.771689362274287, -5.874419660139178, 0.0 ] ] ], [ [ [ 134.798313668241178, -5.871910348383817, 0.0 ], [ 134.804765457659727, -5.876092068194331, 0.0 ], [ 134.795498584292318, -5.88288963524846, 0.0 ], [ 134.78966750425198, -5.894008760395923, 0.0 ], [ 134.782823442248173, -5.881296092340697, 0.0 ], [ 134.798313668241178, -5.871910348383817, 0.0 ] ] ], [ [ [ 134.800196869290176, -5.871286262950618, 0.0 ], [ 134.800038735199536, -5.871404940185768, 0.0 ], [ 134.800058551760827, -5.871249462692488, 0.0 ], [ 134.800196869290176, -5.871286262950618, 0.0 ] ] ], [ [ [ 134.783673468855596, -5.873276314250456, 0.0 ], [ 134.789976576957542, -5.875370674317163, 0.0 ], [ 134.785244999057568, -5.875662881137059, 0.0 ], [ 134.783673468855596, -5.873276314250456, 0.0 ] ] ], [ [ [ 134.765926283571133, -5.870657786127857, 0.0 ], [ 134.767860945626239, -5.870216529269427, 0.0 ], [ 134.768124800419258, -5.872193743646274, 0.0 ], [ 134.765926283571133, -5.870657786127857, 0.0 ] ] ], [ [ [ 134.764822785742979, -5.866918488697229, 0.0 ], [ 134.764472277673576, -5.867675100025752, 0.0 ], [ 134.764625020328452, -5.866962768616783, 0.0 ], [ 134.764822785742979, -5.866918488697229, 0.0 ] ] ], [ [ [ 134.76251686016505, -5.866530774775373, 0.0 ], [ 134.762541540259917, -5.867171083978277, 0.0 ], [ 134.761869910368119, -5.866582789763867, 0.0 ], [ 134.76251686016505, -5.866530774775373, 0.0 ] ] ], [ [ [ 134.768942425352691, -5.867911228720216, 0.0 ], [ 134.772569493687286, -5.870061577879485, 0.0 ], [ 134.77209310121566, -5.8713716050155, 0.0 ], [ 134.768942425352691, -5.867911228720216, 0.0 ] ] ], [ [ [ 134.796226694306654, -5.86616518597454, 0.0 ], [ 134.806047652577178, -5.867183557575099, 0.0 ], [ 134.795301763165895, -5.871103566576234, 0.0 ], [ 134.796226694306654, -5.86616518597454, 0.0 ] ] ], [ [ [ 134.766607225043487, -5.86590066028723, 0.0 ], [ 134.766279611015307, -5.866245412695629, 0.0 ], [ 134.766291073774141, -5.86583268143304, 0.0 ], [ 134.766607225043487, -5.86590066028723, 0.0 ] ] ], [ [ [ 134.761966020915196, -5.86569665177901, 0.0 ], [ 134.761333721074351, -5.866147209426113, 0.0 ], [ 134.76104606392488, -5.865462961146743, 0.0 ], [ 134.761966020915196, -5.86569665177901, 0.0 ] ] ], [ [ [ 134.768844698723882, -5.864588767957261, 0.0 ], [ 134.768556715120326, -5.864679112051333, 0.0 ], [ 134.768568051074823, -5.864571690730872, 0.0 ], [ 134.768844698723882, -5.864588767957261, 0.0 ] ] ], [ [ [ 134.759352603639883, -5.864648070152238, 0.0 ], [ 134.759391341037627, -5.866479960381791, 0.0 ], [ 134.757737792665012, -5.864760452133114, 0.0 ], [ 134.759352603639883, -5.864648070152238, 0.0 ] ] ], [ [ [ 134.767016674679923, -5.863077916812357, 0.0 ], [ 134.766841501134479, -5.863434042047348, 0.0 ], [ 134.766762544256011, -5.863224812974702, 0.0 ], [ 134.767016674679923, -5.863077916812357, 0.0 ] ] ], [ [ [ 134.766624141291089, -5.862354628962922, 0.0 ], [ 134.766686160338054, -5.862563850841055, 0.0 ], [ 134.766550719739939, -5.862439784868093, 0.0 ], [ 134.766624141291089, -5.862354628962922, 0.0 ] ] ], [ [ [ 134.317490369185293, -5.863304160158815, 0.0 ], [ 134.322936432370511, -5.862567149554269, 0.0 ], [ 134.320604559552834, -5.864847625217688, 0.0 ], [ 134.317490369185293, -5.863304160158815, 0.0 ] ] ], [ [ [ 134.752178898737242, -5.858318040844849, 0.0 ], [ 134.757783781296553, -5.8602156103621, 0.0 ], [ 134.761272469149134, -5.86511952984237, 0.0 ], [ 134.752178898737242, -5.858318040844849, 0.0 ] ] ], [ [ [ 134.768808606232312, -5.856254853978252, 0.0 ], [ 134.767826150856223, -5.856401450666374, 0.0 ], [ 134.768882090735929, -5.856040034719782, 0.0 ], [ 134.768808606232312, -5.856254853978252, 0.0 ] ] ], [ [ [ 134.770026136297247, -5.855015054900806, 0.0 ], [ 134.769304996928128, -5.855556273203336, 0.0 ], [ 134.769779827277205, -5.854159946224494, 0.0 ], [ 134.770026136297247, -5.855015054900806, 0.0 ] ] ], [ [ [ 134.7702139273309, -5.851317456335518, 0.0 ], [ 134.769956983827797, -5.851453045321779, 0.0 ], [ 134.769880798659926, -5.851368204179223, 0.0 ], [ 134.7702139273309, -5.851317456335518, 0.0 ] ] ], [ [ [ 134.751496755770773, -5.855628295409491, 0.0 ], [ 134.769303315195884, -5.852593611406024, 0.0 ], [ 134.766568684597104, -5.85721678682514, 0.0 ], [ 134.765355122341191, -5.865387347048382, 0.0 ], [ 134.751496755770773, -5.855628295409491, 0.0 ] ] ], [ [ [ 134.765961267198776, -5.846969913230885, 0.0 ], [ 134.765921620586369, -5.84726955474613, 0.0 ], [ 134.765797476372541, -5.847116847164705, 0.0 ], [ 134.765961267198776, -5.846969913230885, 0.0 ] ] ], [ [ [ 134.76563393196048, -5.846670117931544, 0.0 ], [ 134.763844196552441, -5.846675021934703, 0.0 ], [ 134.764087399314093, -5.845646107581696, 0.0 ], [ 134.76563393196048, -5.846670117931544, 0.0 ] ] ], [ [ [ 134.68165834555623, -5.844128508823569, 0.0 ], [ 134.681455034022662, -5.844241471766479, 0.0 ], [ 134.681528611156551, -5.843919241080079, 0.0 ], [ 134.68165834555623, -5.844128508823569, 0.0 ] ] ], [ [ [ 134.68601978228719, -5.84402702482734, 0.0 ], [ 134.684865236241762, -5.843977661939518, 0.0 ], [ 134.6857235078337, -5.843774603115363, 0.0 ], [ 134.68601978228719, -5.84402702482734, 0.0 ] ] ], [ [ [ 134.687381514145585, -5.84414896570216, 0.0 ], [ 134.685711543253177, -5.844592287404086, 0.0 ], [ 134.687859957970772, -5.842541084003797, 0.0 ], [ 134.687381514145585, -5.84414896570216, 0.0 ] ] ], [ [ [ 134.302064298128926, -5.842622973571369, 0.0 ], [ 134.302639176256974, -5.843240681911847, 0.0 ], [ 134.302232763631196, -5.843407814618899, 0.0 ], [ 134.302064298128926, -5.842622973571369, 0.0 ] ] ], [ [ [ 134.769899375056184, -5.84149672829131, 0.0 ], [ 134.768227629801345, -5.841186874974261, 0.0 ], [ 134.768899771407433, -5.840474755805295, 0.0 ], [ 134.769899375056184, -5.84149672829131, 0.0 ] ] ], [ [ [ 134.754186192738672, -5.840442715658759, 0.0 ], [ 134.753599002891775, -5.840510306005767, 0.0 ], [ 134.753757260189445, -5.840108945771209, 0.0 ], [ 134.754186192738672, -5.840442715658759, 0.0 ] ] ], [ [ [ 134.771211292567159, -5.839581336909098, 0.0 ], [ 134.770339513158063, -5.840830865751804, 0.0 ], [ 134.769679360414216, -5.83984115734351, 0.0 ], [ 134.771211292567159, -5.839581336909098, 0.0 ] ] ], [ [ [ 134.771311094831304, -5.839581743402692, 0.0 ], [ 134.772982749254538, -5.84088563266583, 0.0 ], [ 134.773523301159486, -5.841917715330228, 0.0 ], [ 134.771311094831304, -5.839581743402692, 0.0 ] ] ], [ [ [ 134.835233771821237, -5.836182046164388, 0.0 ], [ 134.834815973778149, -5.83622150122121, 0.0 ], [ 134.83526204920426, -5.836015263293763, 0.0 ], [ 134.835233771821237, -5.836182046164388, 0.0 ] ] ], [ [ [ 134.688702559775351, -5.837025503224406, 0.0 ], [ 134.688245276098655, -5.836991327187916, 0.0 ], [ 134.688855686440945, -5.835770421967349, 0.0 ], [ 134.6891038255811, -5.836262448253374, 0.0 ], [ 134.688702559775351, -5.837025503224406, 0.0 ] ] ], [ [ [ 134.311088025392138, -5.837651457448771, 0.0 ], [ 134.314457341732975, -5.837572339591794, 0.0 ], [ 134.313141370078228, -5.839370063677477, 0.0 ], [ 134.311088025392138, -5.837651457448771, 0.0 ] ] ], [ [ [ 134.757083782290778, -5.835157694072261, 0.0 ], [ 134.756784033756162, -5.835496580202974, 0.0 ], [ 134.75683142802805, -5.83505037077792, 0.0 ], [ 134.757083782290778, -5.835157694072261, 0.0 ] ] ], [ [ [ 134.701643574691303, -5.835070609121277, 0.0 ], [ 134.701338676638727, -5.83512698582174, 0.0 ], [ 134.701604135822322, -5.834917933016096, 0.0 ], [ 134.701643574691303, -5.835070609121277, 0.0 ] ] ], [ [ [ 134.701983382627049, -5.833052344290194, 0.0 ], [ 134.701528549602898, -5.833724917570819, 0.0 ], [ 134.701712538303013, -5.83277233227724, 0.0 ], [ 134.701983382627049, -5.833052344290194, 0.0 ] ] ], [ [ [ 134.703750697936528, -5.832634887090275, 0.0 ], [ 134.755139478604121, -5.847042680075524, 0.0 ], [ 134.756305837244724, -5.84899790872642, 0.0 ], [ 134.75112000458472, -5.853713055113356, 0.0 ], [ 134.750743236311337, -5.858724200761215, 0.0 ], [ 134.772655701799295, -5.886524814568509, 0.0 ], [ 134.755392284326518, -5.897081452447032, 0.0 ], [ 134.75304696934225, -5.90107682823298, 0.0 ], [ 134.743809991238237, -5.899964484673229, 0.0 ], [ 134.739266360853861, -5.896326908659847, 0.0 ], [ 134.738180653414446, -5.899763979024345, 0.0 ], [ 134.741193189813885, -5.905419300959895, 0.0 ], [ 134.738848918043232, -5.907566692249037, 0.0 ], [ 134.728695409365741, -5.898425114227627, 0.0 ], [ 134.730450177333836, -5.889306208115012, 0.0 ], [ 134.727904668765575, -5.887343065430065, 0.0 ], [ 134.711342110949744, -5.89151297444415, 0.0 ], [ 134.711015559920241, -5.911516303334689, 0.0 ], [ 134.725961668196504, -5.923227456681771, 0.0 ], [ 134.722503290194737, -5.928551712091838, 0.0 ], [ 134.736508770563347, -5.948584679039629, 0.0 ], [ 134.731820866439875, -5.95066871129191, 0.0 ], [ 134.745625485028199, -5.967314685724182, 0.0 ], [ 134.732851443639191, -5.979792435572388, 0.0 ], [ 134.712074554796914, -5.977362659858868, 0.0 ], [ 134.695305168199098, -5.956134027163599, 0.0 ], [ 134.679274955075158, -5.953750311127929, 0.0 ], [ 134.666688727203166, -5.933852542860477, 0.0 ], [ 134.657645688797487, -5.929092122803218, 0.0 ], [ 134.637424570187818, -5.929978219419211, 0.0 ], [ 134.634068705006882, -5.924096005726013, 0.0 ], [ 134.628645759794068, -5.919009588621619, 0.0 ], [ 134.63420604407375, -5.912737505331548, 0.0 ], [ 134.627992884364176, -5.907384834042854, 0.0 ], [ 134.631203052179217, -5.868556275551632, 0.0 ], [ 134.635480897825204, -5.871357741966125, 0.0 ], [ 134.645468123655093, -5.872308357744486, 0.0 ], [ 134.648253986832032, -5.868538984286679, 0.0 ], [ 134.647856383965063, -5.863337170673847, 0.0 ], [ 134.669983398914866, -5.852873993939659, 0.0 ], [ 134.67361218405506, -5.845729597942543, 0.0 ], [ 134.689064409195225, -5.846309407952769, 0.0 ], [ 134.699251913145332, -5.841690060048136, 0.0 ], [ 134.703750697936528, -5.832634887090275, 0.0 ] ] ], [ [ [ 134.305901260135101, -5.830080829566579, 0.0 ], [ 134.312054319950988, -5.830359751601203, 0.0 ], [ 134.31590609019392, -5.831525952860409, 0.0 ], [ 134.305148193934059, -5.831900353218681, 0.0 ], [ 134.313105103118119, -5.843852288352362, 0.0 ], [ 134.303077802598523, -5.844437415154483, 0.0 ], [ 134.30304079189915, -5.833271565730128, 0.0 ], [ 134.305901260135101, -5.830080829566579, 0.0 ] ] ], [ [ [ 134.764566671414855, -5.829809827861236, 0.0 ], [ 134.765838032199412, -5.831025759830836, 0.0 ], [ 134.764567079707007, -5.832636602097433, 0.0 ], [ 134.764566671414855, -5.829809827861236, 0.0 ] ] ], [ [ [ 134.763224844251255, -5.829198445351905, 0.0 ], [ 134.762964998635908, -5.829543225639337, 0.0 ], [ 134.763044180344735, -5.829204022947269, 0.0 ], [ 134.763224844251255, -5.829198445351905, 0.0 ] ] ], [ [ [ 134.705807881828378, -5.828497303307837, 0.0 ], [ 134.697931128318942, -5.841090038674305, 0.0 ], [ 134.687680625960184, -5.844561571059596, 0.0 ], [ 134.689744770604733, -5.841108195986403, 0.0 ], [ 134.689714796200974, -5.834018185590732, 0.0 ], [ 134.705807881828378, -5.828497303307837, 0.0 ] ] ], [ [ [ 134.765390400047011, -5.8264822769355, 0.0 ], [ 134.766095529684975, -5.827873438208523, 0.0 ], [ 134.764972551642046, -5.826651720000856, 0.0 ], [ 134.765390400047011, -5.8264822769355, 0.0 ] ] ], [ [ [ 134.773007273766751, -5.825822528886508, 0.0 ], [ 134.772504782070058, -5.825895828129982, 0.0 ], [ 134.77248231071016, -5.825618775785805, 0.0 ], [ 134.773007273766751, -5.825822528886508, 0.0 ] ] ], [ [ [ 134.819018840647033, -5.826823622711944, 0.0 ], [ 134.824458410727175, -5.828670813107432, 0.0 ], [ 134.824247957677187, -5.830611105817844, 0.0 ], [ 134.819018840647033, -5.826823622711944, 0.0 ] ] ], [ [ [ 134.761295947749886, -5.827459025213758, 0.0 ], [ 134.763611131848279, -5.827822904403472, 0.0 ], [ 134.765115182319818, -5.828838254281957, 0.0 ], [ 134.761295947749886, -5.827459025213758, 0.0 ] ] ], [ [ [ 134.762253030553012, -5.82265889918883, 0.0 ], [ 134.762038383964352, -5.822930197670376, 0.0 ], [ 134.762151424248941, -5.822624932694413, 0.0 ], [ 134.762253030553012, -5.82265889918883, 0.0 ] ] ], [ [ [ 134.815653983144898, -5.821184050603349, 0.0 ], [ 134.814980855881913, -5.823631102293429, 0.0 ], [ 134.81470506978323, -5.821035845028159, 0.0 ], [ 134.815653983144898, -5.821184050603349, 0.0 ] ] ], [ [ [ 134.363826550854668, -5.820095367307302, 0.0 ], [ 134.363679025166931, -5.82011916157004, 0.0 ], [ 134.36379323906678, -5.820043018670321, 0.0 ], [ 134.363826550854668, -5.820095367307302, 0.0 ] ] ], [ [ [ 134.714208968868888, -5.816577515339975, 0.0 ], [ 134.71355964576108, -5.816752457759637, 0.0 ], [ 134.713949401143964, -5.816328610876623, 0.0 ], [ 134.714208968868888, -5.816577515339975, 0.0 ] ] ], [ [ [ 134.715090730752678, -5.814469049407104, 0.0 ], [ 134.715333404712965, -5.814633135210982, 0.0 ], [ 134.715508098020337, -5.815266462077488, 0.0 ], [ 134.715090730752678, -5.814469049407104, 0.0 ] ] ], [ [ [ 134.712837836397057, -5.81514072426497, 0.0 ], [ 134.712453476946479, -5.816056463434975, 0.0 ], [ 134.71069870717966, -5.814127581322807, 0.0 ], [ 134.712837836397057, -5.81514072426497, 0.0 ] ] ], [ [ [ 134.750539929274424, -5.812094206082711, 0.0 ], [ 134.749805952982427, -5.812235229672051, 0.0 ], [ 134.750398956047121, -5.81172098383627, 0.0 ], [ 134.750539929274424, -5.812094206082711, 0.0 ] ] ], [ [ [ 134.706014968715834, -5.81022961470488, 0.0 ], [ 134.705489841083335, -5.810421574096284, 0.0 ], [ 134.705292401223318, -5.810133121945941, 0.0 ], [ 134.706014968715834, -5.81022961470488, 0.0 ] ] ], [ [ [ 134.736634706226852, -5.809599558672644, 0.0 ], [ 134.736779376567, -5.809671893842764, 0.0 ], [ 134.736608055717312, -5.809772783387216, 0.0 ], [ 134.736634706226852, -5.809599558672644, 0.0 ] ] ], [ [ [ 134.735968456978725, -5.809371129973576, 0.0 ], [ 134.735677210634776, -5.809472018618659, 0.0 ], [ 134.735724800059558, -5.809285470448059, 0.0 ], [ 134.735968456978725, -5.809371129973576, 0.0 ] ] ], [ [ [ 134.746713981265373, -5.80829871361466, 0.0 ], [ 134.746375055564329, -5.808739569375535, 0.0 ], [ 134.746403528999792, -5.808191150201373, 0.0 ], [ 134.746713981265373, -5.80829871361466, 0.0 ] ] ], [ [ [ 134.808701920657171, -5.807085781783331, 0.0 ], [ 134.813099903138124, -5.815146970955868, 0.0 ], [ 134.8139084979789, -5.819834369660341, 0.0 ], [ 134.800620046178182, -5.816225435255599, 0.0 ], [ 134.808701920657171, -5.807085781783331, 0.0 ] ] ], [ [ [ 134.771334850423017, -5.806246246666883, 0.0 ], [ 134.771190838386588, -5.806379055848669, 0.0 ], [ 134.77115981986978, -5.806299887629666, 0.0 ], [ 134.771334850423017, -5.806246246666883, 0.0 ] ] ], [ [ [ 134.699959413396329, -5.806421349165872, 0.0 ], [ 134.699022305435165, -5.806364310564475, 0.0 ], [ 134.699575866932861, -5.80577659911066, 0.0 ], [ 134.699959413396329, -5.806421349165872, 0.0 ] ] ], [ [ [ 134.774374785567971, -5.808476775782515, 0.0 ], [ 134.800981180636967, -5.810510885768742, 0.0 ], [ 134.798809888065989, -5.820144454103263, 0.0 ], [ 134.7668430821426, -5.823773286907644, 0.0 ], [ 134.774374785567971, -5.808476775782515, 0.0 ] ] ], [ [ [ 134.743970486049193, -5.807867779174617, 0.0 ], [ 134.741797224862097, -5.807346629243496, 0.0 ], [ 134.742114270057527, -5.805367896810924, 0.0 ], [ 134.743970486049193, -5.807867779174617, 0.0 ] ] ], [ [ [ 134.741606397717163, -5.804892734611914, 0.0 ], [ 134.741233615239224, -5.805299647260912, 0.0 ], [ 134.741374949094762, -5.804864359202781, 0.0 ], [ 134.741606397717163, -5.804892734611914, 0.0 ] ] ], [ [ [ 134.379238543024371, -5.805776546949985, 0.0 ], [ 134.380916665371842, -5.804393237657716, 0.0 ], [ 134.381706485066275, -5.804852049282586, 0.0 ], [ 134.379238543024371, -5.805776546949985, 0.0 ] ] ], [ [ [ 134.369203768239373, -5.80314026531095, 0.0 ], [ 134.369809984143615, -5.80547100228486, 0.0 ], [ 134.368478884093321, -5.805214345665525, 0.0 ], [ 134.369203768239373, -5.80314026531095, 0.0 ] ] ], [ [ [ 134.735985225737636, -5.801771912643598, 0.0 ], [ 134.735483521847129, -5.801845728097791, 0.0 ], [ 134.735510886418268, -5.80147988568818, 0.0 ], [ 134.735985225737636, -5.801771912643598, 0.0 ] ] ], [ [ [ 134.735481380561311, -5.801342947718772, 0.0 ], [ 134.73519394194696, -5.801289647599076, 0.0 ], [ 134.735450924120926, -5.801230636784353, 0.0 ], [ 134.735481380561311, -5.801342947718772, 0.0 ] ] ], [ [ [ 134.775148501102535, -5.799759553660414, 0.0 ], [ 134.774575854192307, -5.79985630002822, 0.0 ], [ 134.775084172596451, -5.799262837409972, 0.0 ], [ 134.775148501102535, -5.799759553660414, 0.0 ] ] ], [ [ [ 134.696656541666073, -5.797766241418837, 0.0 ], [ 134.702393810725937, -5.805647004105977, 0.0 ], [ 134.703353473683904, -5.808360932311166, 0.0 ], [ 134.693221006444361, -5.79846187871265, 0.0 ], [ 134.695138306187943, -5.798976074186405, 0.0 ], [ 134.696656541666073, -5.797766241418837, 0.0 ] ] ], [ [ [ 134.690255725821174, -5.797886993389926, 0.0 ], [ 134.712870771368955, -5.81698957211099, 0.0 ], [ 134.705165670559239, -5.825828319621244, 0.0 ], [ 134.691844318860262, -5.821648611594092, 0.0 ], [ 134.693165946351428, -5.803011021941077, 0.0 ], [ 134.690255725821174, -5.797886993389926, 0.0 ] ] ], [ [ [ 134.741378559872771, -5.796937544931761, 0.0 ], [ 134.740926837603581, -5.79714653388537, 0.0 ], [ 134.741192328263423, -5.796796112150807, 0.0 ], [ 134.741378559872771, -5.796937544931761, 0.0 ] ] ], [ [ [ 134.768802969281666, -5.796238992035788, 0.0 ], [ 134.768390809987949, -5.796360383424907, 0.0 ], [ 134.768605477261048, -5.796007100047599, 0.0 ], [ 134.768802969281666, -5.796238992035788, 0.0 ] ] ], [ [ [ 134.768114576926195, -5.795407579596094, 0.0 ], [ 134.767832161924844, -5.795769316600622, 0.0 ], [ 134.767868061961479, -5.795130562325549, 0.0 ], [ 134.768114576926195, -5.795407579596094, 0.0 ] ] ], [ [ [ 134.691265033154792, -5.794809800232041, 0.0 ], [ 134.690968130075248, -5.79511649333149, 0.0 ], [ 134.691182856703563, -5.794737797811037, 0.0 ], [ 134.691265033154792, -5.794809800232041, 0.0 ] ] ], [ [ [ 134.780119198841987, -5.794568718971131, 0.0 ], [ 134.782500321232902, -5.797724544352238, 0.0 ], [ 134.778929901194005, -5.797024897880724, 0.0 ], [ 134.780119198841987, -5.794568718971131, 0.0 ] ] ], [ [ [ 134.780783572104269, -5.79317931317476, 0.0 ], [ 134.780393905754153, -5.793541015105656, 0.0 ], [ 134.780309286744227, -5.793382672372419, 0.0 ], [ 134.780783572104269, -5.79317931317476, 0.0 ] ] ], [ [ [ 134.251571199950945, -5.793148785687911, 0.0 ], [ 134.251272815687969, -5.793048849424824, 0.0 ], [ 134.251521568165941, -5.792996343406446, 0.0 ], [ 134.251571199950945, -5.793148785687911, 0.0 ] ] ], [ [ [ 134.7746125231495, -5.787870661002152, 0.0 ], [ 134.776107881673539, -5.796651838411541, 0.0 ], [ 134.769074455721579, -5.794983926966583, 0.0 ], [ 134.7746125231495, -5.787870661002152, 0.0 ] ] ], [ [ [ 134.761104215886974, -5.79977741059892, 0.0 ], [ 134.747860088971976, -5.808118299719726, 0.0 ], [ 134.741508616229623, -5.796468328150776, 0.0 ], [ 134.74865619312888, -5.787253902345738, 0.0 ], [ 134.749205848870957, -5.788817208247536, 0.0 ], [ 134.753182834420357, -5.794478275052287, 0.0 ], [ 134.761104215886974, -5.79977741059892, 0.0 ] ] ], [ [ [ 134.3317964416525, -5.786769519397764, 0.0 ], [ 134.331397288354168, -5.786651140737468, 0.0 ], [ 134.331715540439831, -5.786522704059464, 0.0 ], [ 134.3317964416525, -5.786769519397764, 0.0 ] ] ], [ [ [ 134.749392332290313, -5.785671536212326, 0.0 ], [ 134.752312537993248, -5.788567546554972, 0.0 ], [ 134.752726019290463, -5.79172519755982, 0.0 ], [ 134.749392332290313, -5.785671536212326, 0.0 ] ] ], [ [ [ 134.322703524148466, -5.785537727883731, 0.0 ], [ 134.323480610341903, -5.787144277686166, 0.0 ], [ 134.322616455385173, -5.787550307200887, 0.0 ], [ 134.322703524148466, -5.785537727883731, 0.0 ] ] ], [ [ [ 134.769661745393222, -5.783745867377802, 0.0 ], [ 134.771694992030319, -5.785049451770766, 0.0 ], [ 134.770077855408829, -5.786659737356973, 0.0 ], [ 134.769661745393222, -5.783745867377802, 0.0 ] ] ], [ [ [ 134.75116254791331, -5.783601061239966, 0.0 ], [ 134.753844516911045, -5.786944171336454, 0.0 ], [ 134.753474397325562, -5.787667306301073, 0.0 ], [ 134.75116254791331, -5.783601061239966, 0.0 ] ] ], [ [ [ 134.749750620394934, -5.780378867690565, 0.0 ], [ 134.748539658978189, -5.78077401810642, 0.0 ], [ 134.748770522141967, -5.779290070180546, 0.0 ], [ 134.749750620394934, -5.780378867690565, 0.0 ] ] ], [ [ [ 134.691704916748535, -5.777193039127385, 0.0 ], [ 134.691146219222674, -5.776881770277401, 0.0 ], [ 134.691575315448517, -5.776757617070309, 0.0 ], [ 134.691704916748535, -5.777193039127385, 0.0 ] ] ], [ [ [ 134.690992502601915, -5.777483546228605, 0.0 ], [ 134.690044289812136, -5.777626945826845, 0.0 ], [ 134.690434457084649, -5.776422874116331, 0.0 ], [ 134.690992502601915, -5.777483546228605, 0.0 ] ] ], [ [ [ 134.689756878177462, -5.778848321392863, 0.0 ], [ 134.686843277095647, -5.782150557302294, 0.0 ], [ 134.688346244783446, -5.779674968325103, 0.0 ], [ 134.687512585837226, -5.776350009245482, 0.0 ], [ 134.689756878177462, -5.778848321392863, 0.0 ] ] ], [ [ [ 134.786203949752604, -5.775244203756883, 0.0 ], [ 134.793940785838686, -5.779258494983512, 0.0 ], [ 134.796804956583543, -5.792667940672817, 0.0 ], [ 134.778127306629926, -5.785754635368149, 0.0 ], [ 134.786203949752604, -5.775244203756883, 0.0 ] ] ], [ [ [ 134.798253275168605, -5.775904467117402, 0.0 ], [ 134.797268556199043, -5.774892058022, 0.0 ], [ 134.797686418093804, -5.774550142075333, 0.0 ], [ 134.798253275168605, -5.775904467117402, 0.0 ] ] ], [ [ [ 134.330024480445474, -5.771536762111821, 0.0 ], [ 134.326879037737513, -5.777429764971646, 0.0 ], [ 134.326152869359447, -5.77572716757471, 0.0 ], [ 134.330024480445474, -5.771536762111821, 0.0 ] ] ], [ [ [ 134.337339583055353, -5.77198065937992, 0.0 ], [ 134.336295536709713, -5.771775911628988, 0.0 ], [ 134.337187867426223, -5.771384024852803, 0.0 ], [ 134.337339583055353, -5.77198065937992, 0.0 ] ] ], [ [ [ 134.320756952371539, -5.770559004794133, 0.0 ], [ 134.322970897089249, -5.779053361423418, 0.0 ], [ 134.313185396389002, -5.776876288909508, 0.0 ], [ 134.312836931579199, -5.775620768783422, 0.0 ], [ 134.320756952371539, -5.770559004794133, 0.0 ] ] ], [ [ [ 134.749152880601088, -5.769745585090628, 0.0 ], [ 134.749006034800686, -5.769915137873286, 0.0 ], [ 134.749006116639038, -5.769728558226354, 0.0 ], [ 134.749152880601088, -5.769745585090628, 0.0 ] ] ], [ [ [ 134.749413353043906, -5.767925129740873, 0.0 ], [ 134.749187479318834, -5.768088995210955, 0.0 ], [ 134.749193208899555, -5.767896763324901, 0.0 ], [ 134.749413353043906, -5.767925129740873, 0.0 ] ] ], [ [ [ 134.323355266432543, -5.769097816011363, 0.0 ], [ 134.326927878119108, -5.769526074069002, 0.0 ], [ 134.323917528870908, -5.77096417455694, 0.0 ], [ 134.323355266432543, -5.769097816011363, 0.0 ] ] ], [ [ [ 134.24247178034841, -5.767879970284343, 0.0 ], [ 134.244989009735036, -5.767826743909036, 0.0 ], [ 134.243411902837181, -5.769922097726602, 0.0 ], [ 134.24247178034841, -5.767879970284343, 0.0 ] ] ], [ [ [ 134.238292592129483, -5.767924539785589, 0.0 ], [ 134.242066219380604, -5.766725053718228, 0.0 ], [ 134.241327395742871, -5.768917965091961, 0.0 ], [ 134.238292592129483, -5.767924539785589, 0.0 ] ] ], [ [ [ 134.782850340970555, -5.765353092071538, 0.0 ], [ 134.789239113993972, -5.769190289700069, 0.0 ], [ 134.784524923586417, -5.770640179400725, 0.0 ], [ 134.782850340970555, -5.765353092071538, 0.0 ] ] ], [ [ [ 134.75734103695936, -5.761835202332647, 0.0 ], [ 134.756484019022309, -5.761763092892362, 0.0 ], [ 134.757265240298693, -5.761566760997176, 0.0 ], [ 134.75734103695936, -5.761835202332647, 0.0 ] ] ], [ [ [ 134.323331393029434, -5.759830709719419, 0.0 ], [ 134.324333741409021, -5.759503534560454, 0.0 ], [ 134.323399802658884, -5.760092451105673, 0.0 ], [ 134.323331393029434, -5.759830709719419, 0.0 ] ] ], [ [ [ 134.799157854651298, -5.758373963587519, 0.0 ], [ 134.799936743086306, -5.758713475646341, 0.0 ], [ 134.799013857003985, -5.75851808983792, 0.0 ], [ 134.799157854651298, -5.758373963587519, 0.0 ] ] ], [ [ [ 134.671968671217314, -5.758126677903856, 0.0 ], [ 134.670161297405997, -5.759087979426684, 0.0 ], [ 134.670811046792494, -5.757345509687432, 0.0 ], [ 134.671968671217314, -5.758126677903856, 0.0 ] ] ], [ [ [ 134.782856620037052, -5.755950377907552, 0.0 ], [ 134.782619449927807, -5.756167965279317, 0.0 ], [ 134.782611053857039, -5.755978554566602, 0.0 ], [ 134.782856620037052, -5.755950377907552, 0.0 ] ] ], [ [ [ 134.793223908356708, -5.755024154441094, 0.0 ], [ 134.793144837264435, -5.755140032086795, 0.0 ], [ 134.79313356785994, -5.755083488112493, 0.0 ], [ 134.793223908356708, -5.755024154441094, 0.0 ] ] ], [ [ [ 134.210830660306755, -5.753562671579963, 0.0 ], [ 134.211732981591922, -5.753333782428064, 0.0 ], [ 134.211489324672641, -5.753916274216645, 0.0 ], [ 134.210830660306755, -5.753562671579963, 0.0 ] ] ], [ [ [ 134.196660970027779, -5.751670596920436, 0.0 ], [ 134.226432951719374, -5.760114839728007, 0.0 ], [ 134.238107302110393, -5.756950376358797, 0.0 ], [ 134.233219288939125, -5.765271429133082, 0.0 ], [ 134.238637449758585, -5.765753594352833, 0.0 ], [ 134.238053575711973, -5.767612815878723, 0.0 ], [ 134.238374186719398, -5.768461269571893, 0.0 ], [ 134.249612609634255, -5.77277622933943, 0.0 ], [ 134.251476259421906, -5.792020920728883, 0.0 ], [ 134.240581777726902, -5.810597545340349, 0.0 ], [ 134.251600644654047, -5.816484118946867, 0.0 ], [ 134.247474660327413, -5.825317629704755, 0.0 ], [ 134.221968583083708, -5.825771036404141, 0.0 ], [ 134.207157925298105, -5.835464007657779, 0.0 ], [ 134.192449406215133, -5.826538927929085, 0.0 ], [ 134.196660970027779, -5.751670596920436, 0.0 ] ] ], [ [ [ 134.72414377501525, -5.742603489059731, 0.0 ], [ 134.719908950237937, -5.746008039039711, 0.0 ], [ 134.718639640806856, -5.744427139700718, 0.0 ], [ 134.72414377501525, -5.742603489059731, 0.0 ] ] ], [ [ [ 134.718088442727577, -5.742220713315208, 0.0 ], [ 134.716290727635055, -5.74293334060119, 0.0 ], [ 134.717938123745512, -5.741861320843248, 0.0 ], [ 134.718088442727577, -5.742220713315208, 0.0 ] ] ], [ [ [ 134.722597031927535, -5.734006594428801, 0.0 ], [ 134.722268182230891, -5.734101136558126, 0.0 ], [ 134.722536431111507, -5.733839772887154, 0.0 ], [ 134.722597031927535, -5.734006594428801, 0.0 ] ] ], [ [ [ 134.723267519680292, -5.732931820047397, 0.0 ], [ 134.723144669590823, -5.733092897619122, 0.0 ], [ 134.723187076222644, -5.732945915121838, 0.0 ], [ 134.723267519680292, -5.732931820047397, 0.0 ] ] ], [ [ [ 134.788045727128633, -5.731638212733329, 0.0 ], [ 134.813118286180043, -5.73517208702217, 0.0 ], [ 134.813606670211669, -5.742283105580873, 0.0 ], [ 134.7826929659077, -5.757926914195703, 0.0 ], [ 134.788045727128633, -5.731638212733329, 0.0 ] ] ], [ [ [ 134.699466862805622, -5.728634442025874, 0.0 ], [ 134.697566274264233, -5.730851195326351, 0.0 ], [ 134.697046829447658, -5.728431039660701, 0.0 ], [ 134.699466862805622, -5.728634442025874, 0.0 ] ] ], [ [ [ 134.675018067230098, -5.726948953331482, 0.0 ], [ 134.721939882020052, -5.74849252231198, 0.0 ], [ 134.732647400956807, -5.738029360866274, 0.0 ], [ 134.741708386233114, -5.74136199925677, 0.0 ], [ 134.747456099119745, -5.785270374728028, 0.0 ], [ 134.731224788593153, -5.810194108571202, 0.0 ], [ 134.704342128986156, -5.80911573240506, 0.0 ], [ 134.702858920303015, -5.80530907755186, 0.0 ], [ 134.697621398209009, -5.797459006927567, 0.0 ], [ 134.691468601894428, -5.795897463696934, 0.0 ], [ 134.692469946630808, -5.776635340748352, 0.0 ], [ 134.684078878037894, -5.770835478874207, 0.0 ], [ 134.676959868103523, -5.771900070232031, 0.0 ], [ 134.6728626297066, -5.757385775932792, 0.0 ], [ 134.669548876179732, -5.753140394013982, 0.0 ], [ 134.656496536885726, -5.746904816903768, 0.0 ], [ 134.659603173847472, -5.733188986582397, 0.0 ], [ 134.665919898584519, -5.735031640797565, 0.0 ], [ 134.675018067230098, -5.726948953331482, 0.0 ] ] ], [ [ [ 134.652740968920597, -5.725690619226657, 0.0 ], [ 134.652204595265943, -5.725917862619204, 0.0 ], [ 134.652176406016338, -5.725862720688006, 0.0 ], [ 134.652740968920597, -5.725690619226657, 0.0 ] ] ], [ [ [ 134.660577540720965, -5.724726346343782, 0.0 ], [ 134.660030741225768, -5.726140934956162, 0.0 ], [ 134.658924185702631, -5.724040562022274, 0.0 ], [ 134.660577540720965, -5.724726346343782, 0.0 ] ] ], [ [ [ 134.729056950318039, -5.723887161962952, 0.0 ], [ 134.728433206627301, -5.723915137173811, 0.0 ], [ 134.728896291830466, -5.723434770598138, 0.0 ], [ 134.729056950318039, -5.723887161962952, 0.0 ] ] ], [ [ [ 134.729060574585873, -5.722181086887605, 0.0 ], [ 134.728864371293753, -5.722298312616995, 0.0 ], [ 134.728936427674086, -5.722110354309321, 0.0 ], [ 134.729060574585873, -5.722181086887605, 0.0 ] ] ], [ [ [ 134.812561845053182, -5.721402605845486, 0.0 ], [ 134.812474757404175, -5.721439726262271, 0.0 ], [ 134.812451913724885, -5.721308380277516, 0.0 ], [ 134.812561845053182, -5.721402605845486, 0.0 ] ] ], [ [ [ 134.659611531247293, -5.721246066252909, 0.0 ], [ 134.661099053978262, -5.721791147143644, 0.0 ], [ 134.660231871004186, -5.722196289926788, 0.0 ], [ 134.659611531247293, -5.721246066252909, 0.0 ] ] ], [ [ [ 134.812859550328113, -5.71970000575062, 0.0 ], [ 134.812675147040522, -5.720958353345277, 0.0 ], [ 134.812368396384443, -5.719924590747175, 0.0 ], [ 134.812859550328113, -5.71970000575062, 0.0 ] ] ], [ [ [ 134.813588860037981, -5.719441446165766, 0.0 ], [ 134.813216584777592, -5.719656304095081, 0.0 ], [ 134.813472119043155, -5.719300186054691, 0.0 ], [ 134.813588860037981, -5.719441446165766, 0.0 ] ] ], [ [ [ 134.79974800956299, -5.719556935304285, 0.0 ], [ 134.796040872788126, -5.722027729995708, 0.0 ], [ 134.796339432418904, -5.718885926844023, 0.0 ], [ 134.79974800956299, -5.719556935304285, 0.0 ] ] ], [ [ [ 134.814080416877829, -5.719044670674992, 0.0 ], [ 134.813690185753529, -5.719249305111322, 0.0 ], [ 134.813843444619408, -5.718700984862472, 0.0 ], [ 134.814080416877829, -5.719044670674992, 0.0 ] ] ], [ [ [ 134.721595754640475, -5.704852608860803, 0.0 ], [ 134.719956503689787, -5.705532670796102, 0.0 ], [ 134.719376980563311, -5.704622102727778, 0.0 ], [ 134.721595754640475, -5.704852608860803, 0.0 ] ] ], [ [ [ 134.734246660854751, -5.701495963967477, 0.0 ], [ 134.716268669963284, -5.741880283947935, 0.0 ], [ 134.701353221374092, -5.737479586413733, 0.0 ], [ 134.705567812304736, -5.719959404402956, 0.0 ], [ 134.705409589181244, -5.709256421646528, 0.0 ], [ 134.708131202992718, -5.709521552577516, 0.0 ], [ 134.713435824403831, -5.704450397867492, 0.0 ], [ 134.71815248434973, -5.704692433309137, 0.0 ], [ 134.720555035786361, -5.7060897702266, 0.0 ], [ 134.723741570317259, -5.706123466025107, 0.0 ], [ 134.734246660854751, -5.701495963967477, 0.0 ] ] ], [ [ [ 134.33237951170517, -5.693619052177538, 0.0 ], [ 134.346016263739699, -5.694626023072472, 0.0 ], [ 134.34573243410469, -5.697817494881433, 0.0 ], [ 134.337081295965049, -5.703664772611176, 0.0 ], [ 134.33237951170517, -5.693619052177538, 0.0 ] ] ], [ [ [ 134.29096836379901, -5.692055916247511, 0.0 ], [ 134.292037217943317, -5.692198504657212, 0.0 ], [ 134.291661262657129, -5.692993245441861, 0.0 ], [ 134.29096836379901, -5.692055916247511, 0.0 ] ] ], [ [ [ 134.291798320236353, -5.691092413184221, 0.0 ], [ 134.290779910864245, -5.691493351636793, 0.0 ], [ 134.291450526320745, -5.690835619867921, 0.0 ], [ 134.291798320236353, -5.691092413184221, 0.0 ] ] ], [ [ [ 134.769823008225387, -5.686128076349543, 0.0 ], [ 134.770147102306993, -5.690175387983735, 0.0 ], [ 134.768551078169764, -5.687460779891022, 0.0 ], [ 134.769823008225387, -5.686128076349543, 0.0 ] ] ], [ [ [ 134.770111008916047, -5.682138254776596, 0.0 ], [ 134.770049619394484, -5.682159789042966, 0.0 ], [ 134.770108510599385, -5.682096614367164, 0.0 ], [ 134.770111008916047, -5.682138254776596, 0.0 ] ] ], [ [ [ 134.771639693617004, -5.676500820356515, 0.0 ], [ 134.766664359872379, -5.686255690147916, 0.0 ], [ 134.759908696728985, -5.682409839242623, 0.0 ], [ 134.759438604008409, -5.67684144397738, 0.0 ], [ 134.771639693617004, -5.676500820356515, 0.0 ] ] ], [ [ [ 134.761191827840662, -5.673741437717154, 0.0 ], [ 134.760778538998466, -5.673519706269373, 0.0 ], [ 134.761153002309243, -5.673455428125499, 0.0 ], [ 134.761191827840662, -5.673741437717154, 0.0 ] ] ], [ [ [ 134.768355397383715, -5.646025382665235, 0.0 ], [ 134.768037501429632, -5.645937819274919, 0.0 ], [ 134.768248797144338, -5.645830743294126, 0.0 ], [ 134.768355397383715, -5.646025382665235, 0.0 ] ] ], [ [ [ 134.768477006408773, -5.645745333780087, 0.0 ], [ 134.768443139739134, -5.645836525035612, 0.0 ], [ 134.768418441657786, -5.645767220580725, 0.0 ], [ 134.768477006408773, -5.645745333780087, 0.0 ] ] ], [ [ [ 134.311412135661612, -5.626078835170104, 0.0 ], [ 134.312928446590604, -5.626661208248133, 0.0 ], [ 134.311738717268071, -5.626953881816092, 0.0 ], [ 134.311412135661612, -5.626078835170104, 0.0 ] ] ], [ [ [ 134.718273221032405, -5.606807708209142, 0.0 ], [ 134.718815737955993, -5.606866719023777, 0.0 ], [ 134.718600635411065, -5.607296925013009, 0.0 ], [ 134.718273221032405, -5.606807708209142, 0.0 ] ] ], [ [ [ 134.738494666995365, -5.604827631290092, 0.0 ], [ 134.738412055272221, -5.608789209654289, 0.0 ], [ 134.736843868749617, -5.608169801595046, 0.0 ], [ 134.738494666995365, -5.604827631290092, 0.0 ] ] ], [ [ [ 134.722011586765291, -5.603152250975522, 0.0 ], [ 134.721904035043281, -5.60316995413002, 0.0 ], [ 134.721956859421596, -5.603114275303581, 0.0 ], [ 134.722011586765291, -5.603152250975522, 0.0 ] ] ], [ [ [ 134.718121423564838, -5.602651298018983, 0.0 ], [ 134.717964719396377, -5.602859005438691, 0.0 ], [ 134.71790696763253, -5.602662501772996, 0.0 ], [ 134.718121423564838, -5.602651298018983, 0.0 ] ] ], [ [ [ 134.718529363239611, -5.602230274107781, 0.0 ], [ 134.718338866145871, -5.602296616195782, 0.0 ], [ 134.718393949621145, -5.602169427776786, 0.0 ], [ 134.718529363239611, -5.602230274107781, 0.0 ] ] ], [ [ [ 134.721002807333775, -5.601783380298712, 0.0 ], [ 134.720498957660851, -5.602147819766027, 0.0 ], [ 134.720846275834987, -5.601626408132158, 0.0 ], [ 134.721002807333775, -5.601783380298712, 0.0 ] ] ], [ [ [ 134.664508743583752, -5.596419357767139, 0.0 ], [ 134.664166697235345, -5.596969607960992, 0.0 ], [ 134.66394969172498, -5.59690824991577, 0.0 ], [ 134.664508743583752, -5.596419357767139, 0.0 ] ] ], [ [ [ 134.698103136250751, -5.593715144038639, 0.0 ], [ 134.699165348002452, -5.593407357363648, 0.0 ], [ 134.69825600121348, -5.59412442730041, 0.0 ], [ 134.698103136250751, -5.593715144038639, 0.0 ] ] ], [ [ [ 134.698344963049578, -5.590777590413402, 0.0 ], [ 134.697782062991905, -5.590737722567755, 0.0 ], [ 134.698240701946901, -5.590504734306005, 0.0 ], [ 134.698344963049578, -5.590777590413402, 0.0 ] ] ], [ [ [ 134.683476702787601, -5.589870918208265, 0.0 ], [ 134.683021750153728, -5.589844267698733, 0.0 ], [ 134.683143577713935, -5.589526371744639, 0.0 ], [ 134.683476702787601, -5.589870918208265, 0.0 ] ] ], [ [ [ 134.698698973978537, -5.589419182449244, 0.0 ], [ 134.698002241310434, -5.589625870037799, 0.0 ], [ 134.698202884555485, -5.589026653557098, 0.0 ], [ 134.698698973978537, -5.589419182449244, 0.0 ] ] ], [ [ [ 134.669607201711074, -5.589267340015684, 0.0 ], [ 134.669075197862185, -5.589491783818782, 0.0 ], [ 134.669205270407019, -5.588998552441175, 0.0 ], [ 134.669607201711074, -5.589267340015684, 0.0 ] ] ], [ [ [ 134.689300297770643, -5.589597298576424, 0.0 ], [ 134.697821527941187, -5.588804428381592, 0.0 ], [ 134.693150050834276, -5.59557090227523, 0.0 ], [ 134.689300297770643, -5.589597298576424, 0.0 ] ] ], [ [ [ 134.630208643014498, -5.584932737256024, 0.0 ], [ 134.629971450422204, -5.585216697292664, 0.0 ], [ 134.629961698173929, -5.585021630743618, 0.0 ], [ 134.630208643014498, -5.584932737256024, 0.0 ] ] ], [ [ [ 134.627349967127316, -5.583940349767217, 0.0 ], [ 134.627209074838987, -5.584237142230267, 0.0 ], [ 134.627124677961575, -5.583839900890623, 0.0 ], [ 134.627349967127316, -5.583940349767217, 0.0 ] ] ], [ [ [ 134.62953116573081, -5.583929617257936, 0.0 ], [ 134.628967894253009, -5.58450596128102, 0.0 ], [ 134.628956974684741, -5.583570104276773, 0.0 ], [ 134.62953116573081, -5.583929617257936, 0.0 ] ] ], [ [ [ 134.62795608860273, -5.583410842436346, 0.0 ], [ 134.627253130827427, -5.583160765257026, 0.0 ], [ 134.627858674038663, -5.582669257879917, 0.0 ], [ 134.62795608860273, -5.583410842436346, 0.0 ] ] ], [ [ [ 134.629897688028052, -5.583581942052954, 0.0 ], [ 134.631465510325199, -5.582905870409575, 0.0 ], [ 134.63100490455281, -5.58399890822299, 0.0 ], [ 134.629897688028052, -5.583581942052954, 0.0 ] ] ], [ [ [ 134.680746425807001, -5.585184284826798, 0.0 ], [ 134.688608925961233, -5.585350272696913, 0.0 ], [ 134.685688685184658, -5.592770309102394, 0.0 ], [ 134.680746425807001, -5.585184284826798, 0.0 ] ] ], [ [ [ 134.629842647720068, -5.582376389158997, 0.0 ], [ 134.629497636306951, -5.582600734935887, 0.0 ], [ 134.629507716807751, -5.582275640808091, 0.0 ], [ 134.629842647720068, -5.582376389158997, 0.0 ] ] ], [ [ [ 134.637379601387579, -5.580051111069809, 0.0 ], [ 134.637012372223239, -5.58073783608222, 0.0 ], [ 134.636899359817676, -5.580124936416623, 0.0 ], [ 134.637379601387579, -5.580051111069809, 0.0 ] ] ], [ [ [ 134.703574723095073, -5.579964239258199, 0.0 ], [ 134.703510478226008, -5.580008496694759, 0.0 ], [ 134.70351793270649, -5.579923633069121, 0.0 ], [ 134.703574723095073, -5.579964239258199, 0.0 ] ] ], [ [ [ 134.704440879043432, -5.579725134707107, 0.0 ], [ 134.70426384659936, -5.579828878699703, 0.0 ], [ 134.704349825384156, -5.579667900952837, 0.0 ], [ 134.704440879043432, -5.579725134707107, 0.0 ] ] ], [ [ [ 134.705874548571614, -5.579921999000951, 0.0 ], [ 134.706010141155161, -5.579609686038082, 0.0 ], [ 134.706169445263754, -5.579844404595561, 0.0 ], [ 134.705874548571614, -5.579921999000951, 0.0 ] ] ], [ [ [ 134.708019392980617, -5.5785751059563, 0.0 ], [ 134.707759743417455, -5.578702190953314, 0.0 ], [ 134.707779592354342, -5.578504312224179, 0.0 ], [ 134.708019392980617, -5.5785751059563, 0.0 ] ] ], [ [ [ 134.707682220058501, -5.578345530621646, 0.0 ], [ 134.707491722065384, -5.578428833024222, 0.0 ], [ 134.707575013675978, -5.578315795437553, 0.0 ], [ 134.707682220058501, -5.578345530621646, 0.0 ] ] ], [ [ [ 134.707515806808999, -5.57821753641015, 0.0 ], [ 134.707390206592748, -5.578295215351917, 0.0 ], [ 134.707400126115004, -5.578208997347271, 0.0 ], [ 134.707515806808999, -5.57821753641015, 0.0 ] ] ], [ [ [ 134.640838927274842, -5.577937509108714, 0.0 ], [ 134.64036830035684, -5.578383148363545, 0.0 ], [ 134.64044196922157, -5.577877167297433, 0.0 ], [ 134.640838927274842, -5.577937509108714, 0.0 ] ] ], [ [ [ 134.654924522848574, -5.577712150695183, 0.0 ], [ 134.654282554396474, -5.577813544759262, 0.0 ], [ 134.654298483188541, -5.57711246656705, 0.0 ], [ 134.654924522848574, -5.577712150695183, 0.0 ] ] ], [ [ [ 134.655698566635579, -5.577315245701956, 0.0 ], [ 134.6545136477867, -5.577070018566469, 0.0 ], [ 134.654720504447823, -5.575563367255557, 0.0 ], [ 134.655698566635579, -5.577315245701956, 0.0 ] ] ], [ [ [ 134.641453193909797, -5.573740524205809, 0.0 ], [ 134.641141381869346, -5.573788393319638, 0.0 ], [ 134.64127698074816, -5.573517086744121, 0.0 ], [ 134.641453193909797, -5.573740524205809, 0.0 ] ] ], [ [ [ 134.698686625387495, -5.574889253436214, 0.0 ], [ 134.709967185137515, -5.576893049074875, 0.0 ], [ 134.709234905866339, -5.578112046833431, 0.0 ], [ 134.702929056630751, -5.580659080652043, 0.0 ], [ 134.698686625387495, -5.574889253436214, 0.0 ] ] ], [ [ [ 134.612630982633846, -5.573068252198058, 0.0 ], [ 134.612519386660409, -5.573089726209871, 0.0 ], [ 134.612521527946228, -5.573036901831489, 0.0 ], [ 134.612630982633846, -5.573068252198058, 0.0 ] ] ], [ [ [ 134.613059285657556, -5.572700053564609, 0.0 ], [ 134.613029304958559, -5.572857097676901, 0.0 ], [ 134.612826575286249, -5.572621531958059, 0.0 ], [ 134.613059285657556, -5.572700053564609, 0.0 ] ] ], [ [ [ 134.675656129027175, -5.572511007077256, 0.0 ], [ 134.67520551742075, -5.573553912183264, 0.0 ], [ 134.674860423269905, -5.572558627078975, 0.0 ], [ 134.675656129027175, -5.572511007077256, 0.0 ] ] ], [ [ [ 134.651497410677109, -5.572239783239378, 0.0 ], [ 134.651260225279202, -5.572537886913923, 0.0 ], [ 134.651467790606176, -5.572231283746713, 0.0 ], [ 134.651497410677109, -5.572239783239378, 0.0 ] ] ], [ [ [ 134.654991272329454, -5.572518958882781, 0.0 ], [ 134.654405924293997, -5.572518958882781, 0.0 ], [ 134.654826851078326, -5.572177665266923, 0.0 ], [ 134.654991272329454, -5.572518958882781, 0.0 ] ] ], [ [ [ 134.679608779821422, -5.572279358805313, 0.0 ], [ 134.679366340584295, -5.57257657035242, 0.0 ], [ 134.679306714633185, -5.57214674297775, 0.0 ], [ 134.679608779821422, -5.572279358805313, 0.0 ] ] ], [ [ [ 134.660730500112493, -5.571793027925835, 0.0 ], [ 134.659928962251882, -5.572169967070265, 0.0 ], [ 134.660205865308569, -5.571490239682734, 0.0 ], [ 134.660730500112493, -5.571793027925835, 0.0 ] ] ], [ [ [ 134.65197212591292, -5.571061218100652, 0.0 ], [ 134.65172933144359, -5.571301366764629, 0.0 ], [ 134.651696954950552, -5.571181201151524, 0.0 ], [ 134.65197212591292, -5.571061218100652, 0.0 ] ] ], [ [ [ 134.657045926428395, -5.570504151045678, 0.0 ], [ 134.65633149330381, -5.570746855582857, 0.0 ], [ 134.656691385798922, -5.570335208902736, 0.0 ], [ 134.657045926428395, -5.570504151045678, 0.0 ] ] ], [ [ [ 134.679906137957914, -5.569966787237383, 0.0 ], [ 134.681127038682007, -5.571605140664619, 0.0 ], [ 134.680446512696477, -5.57116969972176, 0.0 ], [ 134.679906137957914, -5.569966787237383, 0.0 ] ] ], [ [ [ 134.710970160344687, -5.569562293764799, 0.0 ], [ 134.710733109845251, -5.569644159950008, 0.0 ], [ 134.710889830201609, -5.569389808292939, 0.0 ], [ 134.710970160344687, -5.569562293764799, 0.0 ] ] ], [ [ [ 134.667923017933049, -5.568605477160985, 0.0 ], [ 134.667626625668277, -5.568838534670632, 0.0 ], [ 134.667786190580301, -5.568574303061594, 0.0 ], [ 134.667923017933049, -5.568605477160985, 0.0 ] ] ], [ [ [ 134.651058040596155, -5.56850792679933, 0.0 ], [ 134.650722052081022, -5.568890780784822, 0.0 ], [ 134.65065165764787, -5.568646208355758, 0.0 ], [ 134.651058040596155, -5.56850792679933, 0.0 ] ] ], [ [ [ 134.66196824783637, -5.568489421449633, 0.0 ], [ 134.661085467920088, -5.569055256894532, 0.0 ], [ 134.661743389445974, -5.567851963996854, 0.0 ], [ 134.66196824783637, -5.568489421449633, 0.0 ] ] ], [ [ [ 134.608829738102003, -5.567443223026273, 0.0 ], [ 134.610472871425969, -5.568874113649328, 0.0 ], [ 134.608195570369361, -5.568297861357133, 0.0 ], [ 134.608829738102003, -5.567443223026273, 0.0 ] ] ], [ [ [ 134.711740215638514, -5.567242530318487, 0.0 ], [ 134.711706903850512, -5.567295830438183, 0.0 ], [ 134.711686518018467, -5.567261515006886, 0.0 ], [ 134.711740215638514, -5.567242530318487, 0.0 ] ] ], [ [ [ 134.711636471645932, -5.567131170866783, 0.0 ], [ 134.711586979255827, -5.567174001079226, 0.0 ], [ 134.711577460831194, -5.567123557206325, 0.0 ], [ 134.711636471645932, -5.567131170866783, 0.0 ] ] ], [ [ [ 134.6835925759367, -5.567037889586927, 0.0 ], [ 134.683451317624304, -5.567375638075215, 0.0 ], [ 134.683311819285109, -5.567064595854347, 0.0 ], [ 134.6835925759367, -5.567037889586927, 0.0 ] ] ], [ [ [ 134.687723566789316, -5.566541131967621, 0.0 ], [ 134.687318588582173, -5.566709121728567, 0.0 ], [ 134.687561436111451, -5.566340330441814, 0.0 ], [ 134.687723566789316, -5.566541131967621, 0.0 ] ] ], [ [ [ 134.599634341052052, -5.56639601196636, 0.0 ], [ 134.598697084702735, -5.567155824881346, 0.0 ], [ 134.599036399810132, -5.566073334316871, 0.0 ], [ 134.599634341052052, -5.56639601196636, 0.0 ] ] ], [ [ [ 134.659552340568098, -5.565183021679036, 0.0 ], [ 134.660192971728293, -5.570571232376479, 0.0 ], [ 134.656905151051888, -5.572263366161393, 0.0 ], [ 134.659552340568098, -5.565183021679036, 0.0 ] ] ], [ [ [ 134.683531306024975, -5.564966893007631, 0.0 ], [ 134.683210078982086, -5.565226729629805, 0.0 ], [ 134.683352847256174, -5.564891225849315, 0.0 ], [ 134.683531306024975, -5.564966893007631, 0.0 ] ] ], [ [ [ 134.712097107995163, -5.563149926128101, 0.0 ], [ 134.711969568840544, -5.563217502985277, 0.0 ], [ 134.711980990230586, -5.56311185512797, 0.0 ], [ 134.712097107995163, -5.563149926128101, 0.0 ] ] ], [ [ [ 134.697085949057424, -5.562757863984195, 0.0 ], [ 134.695836967901755, -5.571884122953889, 0.0 ], [ 134.687807576958249, -5.570421201177459, 0.0 ], [ 134.689055564362889, -5.563413785417807, 0.0 ], [ 134.690454752085174, -5.563794579955842, 0.0 ], [ 134.691568340306731, -5.564565525578472, 0.0 ], [ 134.692489192122594, -5.564993828602275, 0.0 ], [ 134.692946047721989, -5.565072351108106, 0.0 ], [ 134.697085949057424, -5.562757863984195, 0.0 ] ] ], [ [ [ 134.321359909132525, -5.561158613079512, 0.0 ], [ 134.347359683602605, -5.575365797893176, 0.0 ], [ 134.33414283312527, -5.6044936653503, 0.0 ], [ 134.287160589289783, -5.62627989120397, 0.0 ], [ 134.277687440223275, -5.646123890804836, 0.0 ], [ 134.24592104102328, -5.629039300822995, 0.0 ], [ 134.248338711862175, -5.611814840182631, 0.0 ], [ 134.282082408176564, -5.607618742011304, 0.0 ], [ 134.304839628446246, -5.563883788206229, 0.0 ], [ 134.321359909132525, -5.561158613079512, 0.0 ] ] ], [ [ [ 134.55493254230305, -5.562209038316438, 0.0 ], [ 134.565473724432906, -5.568475372240548, 0.0 ], [ 134.569439049372676, -5.563186595085216, 0.0 ], [ 134.569742486926344, -5.570177376984268, 0.0 ], [ 134.585444175908066, -5.5739562508802, 0.0 ], [ 134.59238429270107, -5.569178765287734, 0.0 ], [ 134.595585380061323, -5.576196462996367, 0.0 ], [ 134.606059607664861, -5.569819230972754, 0.0 ], [ 134.621761986426577, -5.586055075880995, 0.0 ], [ 134.643493831175476, -5.587233374820392, 0.0 ], [ 134.641467974267727, -5.580157669041145, 0.0 ], [ 134.652212592037642, -5.576283109977513, 0.0 ], [ 134.663448945612515, -5.598543123866032, 0.0 ], [ 134.669772486311217, -5.586521181007668, 0.0 ], [ 134.693462739713681, -5.597550037604097, 0.0 ], [ 134.716492393409368, -5.600222193199648, 0.0 ], [ 134.717860973605127, -5.61201756715695, 0.0 ], [ 134.729664884826661, -5.613673395310918, 0.0 ], [ 134.738295636234795, -5.629938854894227, 0.0 ], [ 134.739995348606527, -5.618648017691878, 0.0 ], [ 134.747499590333831, -5.619624009640293, 0.0 ], [ 134.76391681860639, -5.647439744648501, 0.0 ], [ 134.75636475812712, -5.654212466132406, 0.0 ], [ 134.766688274644224, -5.668815433585354, 0.0 ], [ 134.732742298318499, -5.673061606008271, 0.0 ], [ 134.73018313174623, -5.698625800140515, 0.0 ], [ 134.723988246260689, -5.704867142804363, 0.0 ], [ 134.713065567222202, -5.703720106997316, 0.0 ], [ 134.70442331888114, -5.708808150075998, 0.0 ], [ 134.700496054149681, -5.727030745772214, 0.0 ], [ 134.675086045184912, -5.72492970644081, 0.0 ], [ 134.664188247689566, -5.732862353714622, 0.0 ], [ 134.66105487927922, -5.720940463131789, 0.0 ], [ 134.658632635387903, -5.719343968649219, 0.0 ], [ 134.649903168096756, -5.725664862643302, 0.0 ], [ 134.637659462314446, -5.711119895166997, 0.0 ], [ 134.623960525757781, -5.713534173763061, 0.0 ], [ 134.616000713562102, -5.723118702066436, 0.0 ], [ 134.587207072848145, -5.682025549039763, 0.0 ], [ 134.573926985641947, -5.668711605056468, 0.0 ], [ 134.575282520272111, -5.652590029805963, 0.0 ], [ 134.546859099867675, -5.649815695937547, 0.0 ], [ 134.545805939792331, -5.637889496702878, 0.0 ], [ 134.538413883993599, -5.632875791584428, 0.0 ], [ 134.545584402598166, -5.621569488740866, 0.0 ], [ 134.534960841669516, -5.615819646259616, 0.0 ], [ 134.533953772748532, -5.586975751429772, 0.0 ], [ 134.529473064330546, -5.576407969152423, 0.0 ], [ 134.55493254230305, -5.562209038316438, 0.0 ] ] ], [ [ [ 134.692861202082838, -5.55911735797963, 0.0 ], [ 134.689504918717034, -5.563298335849502, 0.0 ], [ 134.690280969790933, -5.55905947041813, 0.0 ], [ 134.692861202082838, -5.55911735797963, 0.0 ] ] ], [ [ [ 134.785428432875932, -5.557554574583871, 0.0 ], [ 134.786697286350744, -5.556543059414557, 0.0 ], [ 134.787072597722243, -5.557611043015224, 0.0 ], [ 134.785428432875932, -5.557554574583871, 0.0 ] ] ], [ [ [ 134.688931733113009, -5.554749032441889, 0.0 ], [ 134.688528049929573, -5.555151664317818, 0.0 ], [ 134.688557850764283, -5.554818096777651, 0.0 ], [ 134.688931733113009, -5.554749032441889, 0.0 ] ] ], [ [ [ 134.700342288066167, -5.556574093219772, 0.0 ], [ 134.702703369065233, -5.557221475590594, 0.0 ], [ 134.700996478304859, -5.557860454696221, 0.0 ], [ 134.700342288066167, -5.556574093219772, 0.0 ] ] ], [ [ [ 134.788066779358473, -5.554110125282, 0.0 ], [ 134.787808566911849, -5.554235834316294, 0.0 ], [ 134.787815667059505, -5.554105794147083, 0.0 ], [ 134.788066779358473, -5.554110125282, 0.0 ] ] ], [ [ [ 134.699717296116432, -5.553539080963769, 0.0 ], [ 134.699531697629794, -5.553722299844192, 0.0 ], [ 134.69946804721269, -5.553459964006072, 0.0 ], [ 134.699717296116432, -5.553539080963769, 0.0 ] ] ], [ [ [ 134.701956135866993, -5.551049573179227, 0.0 ], [ 134.707763800259244, -5.550744404430644, 0.0 ], [ 134.704825761000166, -5.555831453758556, 0.0 ], [ 134.701956135866993, -5.551049573179227, 0.0 ] ] ], [ [ [ 134.697876234600557, -5.548401448368149, 0.0 ], [ 134.697902903096519, -5.548670024601935, 0.0 ], [ 134.697689976910937, -5.548484748971897, 0.0 ], [ 134.697876234600557, -5.548401448368149, 0.0 ] ] ], [ [ [ 134.712764824037436, -5.547905196167839, 0.0 ], [ 134.715226377295465, -5.554324268250336, 0.0 ], [ 134.711606392021451, -5.56913994155506, 0.0 ], [ 134.705341271282691, -5.570474046240185, 0.0 ], [ 134.703119151727492, -5.573778820036494, 0.0 ], [ 134.700137596972581, -5.573547178959063, 0.0 ], [ 134.701192610550606, -5.560079980606573, 0.0 ], [ 134.712764824037436, -5.547905196167839, 0.0 ] ] ], [ [ [ 134.695337121111237, -5.547486614815415, 0.0 ], [ 134.694707924830908, -5.547513146614395, 0.0 ], [ 134.695162476367216, -5.546931024447214, 0.0 ], [ 134.695337121111237, -5.547486614815415, 0.0 ] ] ], [ [ [ 134.701694907094407, -5.545968624852086, 0.0 ], [ 134.701483230966346, -5.546102801003431, 0.0 ], [ 134.70162579689304, -5.545938907654405, 0.0 ], [ 134.701694907094407, -5.545968624852086, 0.0 ] ] ], [ [ [ 134.676893820093795, -5.536741801892634, 0.0 ], [ 134.676811956606599, -5.53682091165573, 0.0 ], [ 134.676800708785805, -5.536750232137492, 0.0 ], [ 134.676893820093795, -5.536741801892634, 0.0 ] ] ], [ [ [ 134.69047490589233, -5.536135595880935, 0.0 ], [ 134.702406394039969, -5.541939937278232, 0.0 ], [ 134.701091667046825, -5.546386405807961, 0.0 ], [ 134.690422443041371, -5.544776231737706, 0.0 ], [ 134.69047490589233, -5.536135595880935, 0.0 ] ] ], [ [ [ 134.69690458727689, -5.535999473596823, 0.0 ], [ 134.696462006616343, -5.53590429474731, 0.0 ], [ 134.696640467183897, -5.535661590210132, 0.0 ], [ 134.69690458727689, -5.535999473596823, 0.0 ] ] ], [ [ [ 134.514501268718675, -5.530737846974069, 0.0 ], [ 134.514866515777129, -5.530545110568389, 0.0 ], [ 134.514741357127889, -5.53076402084283, 0.0 ], [ 134.514501268718675, -5.530737846974069, 0.0 ] ] ], [ [ [ 134.458027114160018, -5.528553559199326, 0.0 ], [ 134.464011436878451, -5.560633669807905, 0.0 ], [ 134.481027624425366, -5.565619708182971, 0.0 ], [ 134.492377844761791, -5.535871836416088, 0.0 ], [ 134.504549039106848, -5.531785702847873, 0.0 ], [ 134.504941649837292, -5.557364909363009, 0.0 ], [ 134.513683679758032, -5.564893173780908, 0.0 ], [ 134.521693927732571, -5.557084596077181, 0.0 ], [ 134.527432777800527, -5.56427144996741, 0.0 ], [ 134.533476569987783, -5.616047592022681, 0.0 ], [ 134.543018751014614, -5.621982176835941, 0.0 ], [ 134.535850378192436, -5.63235122333026, 0.0 ], [ 134.545954264078091, -5.651768250004689, 0.0 ], [ 134.572513945662081, -5.656873312753134, 0.0 ], [ 134.570913948320083, -5.665426178375447, 0.0 ], [ 134.576245573674271, -5.677767429123452, 0.0 ], [ 134.615434673971066, -5.725491539003239, 0.0 ], [ 134.637386726716159, -5.713786731272633, 0.0 ], [ 134.648980378241987, -5.727811368999428, 0.0 ], [ 134.658828153396627, -5.724167718065657, 0.0 ], [ 134.653880597911325, -5.747246115915487, 0.0 ], [ 134.668010514773584, -5.754081836707384, 0.0 ], [ 134.675522732588149, -5.772721895898751, 0.0 ], [ 134.685841056419662, -5.774288168664014, 0.0 ], [ 134.691136690905608, -5.821504007803727, 0.0 ], [ 134.698977822268773, -5.826322594212278, 0.0 ], [ 134.689410209313792, -5.833509166614696, 0.0 ], [ 134.688717037960942, -5.841480785110135, 0.0 ], [ 134.673596385664723, -5.843767689127492, 0.0 ], [ 134.647320531917075, -5.862522677179775, 0.0 ], [ 134.645316273127548, -5.871375373174884, 0.0 ], [ 134.6298259949738, -5.867701633623382, 0.0 ], [ 134.611123254834439, -5.888653416322124, 0.0 ], [ 134.601380980048248, -5.910026652807757, 0.0 ], [ 134.599094169560345, -5.910706723736307, 0.0 ], [ 134.59436825469129, -5.91577987044463, 0.0 ], [ 134.584948031626425, -5.933514594722737, 0.0 ], [ 134.535882582015603, -5.915745366155693, 0.0 ], [ 134.502148019215696, -5.949805103122933, 0.0 ], [ 134.485913381197577, -5.959264754264985, 0.0 ], [ 134.467389099827159, -5.95829257274401, 0.0 ], [ 134.464236419375339, -5.976606900188201, 0.0 ], [ 134.429691263441129, -6.018531014194898, 0.0 ], [ 134.416528174435683, -6.022977837956826, 0.0 ], [ 134.378947773321102, -6.015445296363246, 0.0 ], [ 134.355259011893992, -6.03329450343855, 0.0 ], [ 134.324500399274058, -6.017240682211681, 0.0 ], [ 134.308575456292431, -6.021511783841741, 0.0 ], [ 134.300994425952041, -6.014553930619363, 0.0 ], [ 134.313445701557981, -6.001657017557242, 0.0 ], [ 134.336297701377873, -5.946828497337168, 0.0 ], [ 134.316348645673571, -5.937594504982328, 0.0 ], [ 134.316461103197383, -5.928808999135952, 0.0 ], [ 134.299358398171677, -5.928821552772393, 0.0 ], [ 134.293997772379356, -5.917478485643527, 0.0 ], [ 134.298381174151928, -5.897782322895821, 0.0 ], [ 134.317117022832349, -5.90503088376824, 0.0 ], [ 134.310950608084113, -5.896610769771175, 0.0 ], [ 134.336791548790984, -5.883033926074769, 0.0 ], [ 134.331795018025673, -5.859277201981231, 0.0 ], [ 134.348509052251046, -5.84701156443204, 0.0 ], [ 134.371483659343454, -5.848736232990674, 0.0 ], [ 134.37425447326541, -5.835292554607711, 0.0 ], [ 134.360298714614032, -5.830516499836572, 0.0 ], [ 134.360067426970232, -5.820390570668258, 0.0 ], [ 134.380390979260397, -5.814776559090865, 0.0 ], [ 134.373910273940112, -5.809635891283341, 0.0 ], [ 134.378773936168272, -5.808438310879253, 0.0 ], [ 134.382056197235812, -5.804539596025541, 0.0 ], [ 134.372706057438648, -5.801046651681555, 0.0 ], [ 134.393116894329324, -5.797535355772058, 0.0 ], [ 134.396133670132798, -5.790058759204334, 0.0 ], [ 134.367926841550542, -5.768572395199882, 0.0 ], [ 134.338028730841302, -5.795839747905943, 0.0 ], [ 134.327890225553546, -5.795901307399357, 0.0 ], [ 134.334237743976786, -5.784092743085604, 0.0 ], [ 134.324963235365118, -5.7840591749909, 0.0 ], [ 134.33803789043634, -5.771655323334438, 0.0 ], [ 134.323992454088511, -5.764892288448279, 0.0 ], [ 134.325017816119441, -5.757001062149206, 0.0 ], [ 134.319161983139139, -5.765647897932062, 0.0 ], [ 134.315756741580458, -5.760274767966126, 0.0 ], [ 134.3064761868267, -5.765572271243328, 0.0 ], [ 134.314732009974392, -5.753398756647225, 0.0 ], [ 134.313442850707048, -5.750525178993796, 0.0 ], [ 134.292103487186296, -5.757566086405656, 0.0 ], [ 134.28902435778798, -5.744846807434171, 0.0 ], [ 134.284082876323708, -5.757301661442486, 0.0 ], [ 134.282386596664224, -5.751863795577687, 0.0 ], [ 134.260051967824069, -5.759463915827005, 0.0 ], [ 134.217518537050893, -5.727277632156883, 0.0 ], [ 134.212445002734768, -5.713789706229892, 0.0 ], [ 134.238058877215451, -5.671380453844836, 0.0 ], [ 134.251613189297359, -5.662116991605862, 0.0 ], [ 134.263367330238083, -5.679898075036042, 0.0 ], [ 134.281629693056004, -5.685018987436211, 0.0 ], [ 134.275323562332602, -5.688132914302527, 0.0 ], [ 134.274521055002765, -5.691693652240185, 0.0 ], [ 134.295469827670445, -5.684892429441994, 0.0 ], [ 134.299382587236664, -5.688871022080003, 0.0 ], [ 134.293757221718465, -5.688472369704093, 0.0 ], [ 134.290324557132635, -5.691270075153802, 0.0 ], [ 134.291392940931587, -5.693123503247025, 0.0 ], [ 134.314641700953757, -5.704414734352418, 0.0 ], [ 134.33503662524015, -5.72790688959122, 0.0 ], [ 134.358258475748073, -5.719428566974719, 0.0 ], [ 134.366099332818123, -5.710358622652282, 0.0 ], [ 134.352450185427728, -5.698601335882873, 0.0 ], [ 134.355241701743267, -5.685975888576404, 0.0 ], [ 134.415049715971662, -5.640904008013496, 0.0 ], [ 134.433543774725507, -5.59916047157845, 0.0 ], [ 134.417946613945077, -5.596841854767724, 0.0 ], [ 134.447062110328176, -5.577445933383077, 0.0 ], [ 134.448959294036257, -5.540063589962666, 0.0 ], [ 134.458027114160018, -5.528553559199326, 0.0 ] ] ], [ [ [ 134.503627207929412, -5.523620258867793, 0.0 ], [ 134.503660519717329, -5.523801098142104, 0.0 ], [ 134.503550304203287, -5.523731206430042, 0.0 ], [ 134.503627207929412, -5.523620258867793, 0.0 ] ] ], [ [ [ 134.703994487955356, -5.523056771552674, 0.0 ], [ 134.703583317016552, -5.522906389618124, 0.0 ], [ 134.703885964066103, -5.52281038788898, 0.0 ], [ 134.703994487955356, -5.523056771552674, 0.0 ] ] ], [ [ [ 134.509545161580036, -5.522427321663574, 0.0 ], [ 134.50937436593432, -5.522561460043266, 0.0 ], [ 134.509531088988666, -5.522387734406368, 0.0 ], [ 134.509545161580036, -5.522427321663574, 0.0 ] ] ], [ [ [ 134.709871697820631, -5.521390221681325, 0.0 ], [ 134.709203664317698, -5.521538938071461, 0.0 ], [ 134.709687399753761, -5.521213175747412, 0.0 ], [ 134.709871697820631, -5.521390221681325, 0.0 ] ] ], [ [ [ 134.706747703044158, -5.520588582197287, 0.0 ], [ 134.706463001066709, -5.520821769209209, 0.0 ], [ 134.706567102090133, -5.520452951842251, 0.0 ], [ 134.706747703044158, -5.520588582197287, 0.0 ] ] ], [ [ [ 134.71236352765473, -5.521003865735778, 0.0 ], [ 134.712134672677024, -5.52168223334835, 0.0 ], [ 134.711331171596413, -5.520488853677622, 0.0 ], [ 134.71236352765473, -5.521003865735778, 0.0 ] ] ], [ [ [ 134.484397572090302, -5.517099432093068, 0.0 ], [ 134.484612853600424, -5.53136422298051, 0.0 ], [ 134.473044950564059, -5.528442413786276, 0.0 ], [ 134.478446023365336, -5.518848992087281, 0.0 ], [ 134.484397572090302, -5.517099432093068, 0.0 ] ] ], [ [ [ 134.514081550623104, -5.512280983280763, 0.0 ], [ 134.513942999270029, -5.512663919104525, 0.0 ], [ 134.5138629209371, -5.512262431166252, 0.0 ], [ 134.514081550623104, -5.512280983280763, 0.0 ] ] ], [ [ [ 134.693342245848044, -5.5107937582253, 0.0 ], [ 134.69264030520597, -5.511148297955496, 0.0 ], [ 134.69275689871202, -5.510596262607396, 0.0 ], [ 134.693342245848044, -5.5107937582253, 0.0 ] ] ], [ [ [ 134.50138137235254, -5.509398825195592, 0.0 ], [ 134.51470427628135, -5.51662837889653, 0.0 ], [ 134.508064864901712, -5.524285345292394, 0.0 ], [ 134.497161228108155, -5.522433932579832, 0.0 ], [ 134.50138137235254, -5.509398825195592, 0.0 ] ] ], [ [ [ 134.69071197168023, -5.508791736049704, 0.0 ], [ 134.692107425417333, -5.50921060788319, 0.0 ], [ 134.692107425417333, -5.510337044718731, 0.0 ], [ 134.69071197168023, -5.508791736049704, 0.0 ] ] ], [ [ [ 134.688654098008328, -5.507184811230007, 0.0 ], [ 134.688449465370553, -5.507279990079431, 0.0 ], [ 134.688507522903905, -5.507078210990616, 0.0 ], [ 134.688654098008328, -5.507184811230007, 0.0 ] ] ], [ [ [ 134.686087172984656, -5.504434200577871, 0.0 ], [ 134.685645181380096, -5.505243162342025, 0.0 ], [ 134.685762084252815, -5.504447942218675, 0.0 ], [ 134.686087172984656, -5.504434200577871, 0.0 ] ] ], [ [ [ 134.692266715136867, -5.502741025378003, 0.0 ], [ 134.692010922765945, -5.503107199637539, 0.0 ], [ 134.69196333424054, -5.502713660806772, 0.0 ], [ 134.692266715136867, -5.502741025378003, 0.0 ] ] ], [ [ [ 134.683325121157509, -5.499184730091215, 0.0 ], [ 134.681517974874737, -5.499482581056173, 0.0 ], [ 134.681816728759145, -5.498443823623481, 0.0 ], [ 134.683325121157509, -5.499184730091215, 0.0 ] ] ], [ [ [ 134.682095443949606, -5.497951229865254, 0.0 ], [ 134.68076243194065, -5.497934686836262, 0.0 ], [ 134.680974137746347, -5.497186780945088, 0.0 ], [ 134.682095443949606, -5.497951229865254, 0.0 ] ] ], [ [ [ 134.681000034623963, -5.495646505781585, 0.0 ], [ 134.679553967042011, -5.495993467824237, 0.0 ], [ 134.679729238613504, -5.494795203935413, 0.0 ], [ 134.681000034623963, -5.495646505781585, 0.0 ] ] ], [ [ [ 134.653940815616266, -5.494809578699104, 0.0 ], [ 134.653512512592471, -5.495350906718936, 0.0 ], [ 134.6532162696152, -5.495133186247506, 0.0 ], [ 134.653940815616266, -5.494809578699104, 0.0 ] ] ], [ [ [ 134.651595241627206, -5.491479087889565, 0.0 ], [ 134.653395938871569, -5.494117910113409, 0.0 ], [ 134.651973577418772, -5.49405675801287, 0.0 ], [ 134.651595241627206, -5.491479087889565, 0.0 ] ] ], [ [ [ 134.489006935721591, -5.487094802083429, 0.0 ], [ 134.505136718185071, -5.49200318310035, 0.0 ], [ 134.502283839327816, -5.494580376583062, 0.0 ], [ 134.501679318645785, -5.498933329109849, 0.0 ], [ 134.498031734077358, -5.502106312656156, 0.0 ], [ 134.498472993633868, -5.505774610409889, 0.0 ], [ 134.485831580662989, -5.4972251487216, 0.0 ], [ 134.489006935721591, -5.487094802083429, 0.0 ] ] ], [ [ [ 134.516042205783265, -5.486205610900167, 0.0 ], [ 134.519351371868424, -5.486181423633755, 0.0 ], [ 134.516756230615698, -5.487599863143159, 0.0 ], [ 134.516042205783265, -5.486205610900167, 0.0 ] ] ], [ [ [ 134.272044620662768, -5.484752536700181, 0.0 ], [ 134.285652315601993, -5.52180454564322, 0.0 ], [ 134.25444524255397, -5.553706084168456, 0.0 ], [ 134.252454193006685, -5.488333404163174, 0.0 ], [ 134.272044620662768, -5.484752536700181, 0.0 ] ] ], [ [ [ 134.652738949942631, -5.47545865219499, 0.0 ], [ 134.65289004593896, -5.475645439585345, 0.0 ], [ 134.652752036877018, -5.475588332635332, 0.0 ], [ 134.652738949942631, -5.47545865219499, 0.0 ] ] ], [ [ [ 134.64864868039237, -5.473163281959862, 0.0 ], [ 134.648365524349487, -5.473295342905685, 0.0 ], [ 134.648495204789924, -5.473038360731745, 0.0 ], [ 134.64864868039237, -5.473163281959862, 0.0 ] ] ], [ [ [ 134.657447589734488, -5.469867281050148, 0.0 ], [ 134.661031391685498, -5.473024225187809, 0.0 ], [ 134.657553096398431, -5.472845562272858, 0.0 ], [ 134.657447589734488, -5.469867281050148, 0.0 ] ] ], [ [ [ 134.687121916743081, -5.465486116790855, 0.0 ], [ 134.684022945602493, -5.476316087417458, 0.0 ], [ 134.685043453092902, -5.464231262163003, 0.0 ], [ 134.687121916743081, -5.465486116790855, 0.0 ] ] ], [ [ [ 134.682487033050137, -5.464162733823023, 0.0 ], [ 134.679459504052943, -5.476883299724448, 0.0 ], [ 134.674595247372849, -5.478116067902209, 0.0 ], [ 134.675001570965833, -5.464894492386899, 0.0 ], [ 134.682487033050137, -5.464162733823023, 0.0 ] ] ], [ [ [ 134.656790902078569, -5.443960473097301, 0.0 ], [ 134.673794634914543, -5.464017472628217, 0.0 ], [ 134.668048960790969, -5.475370304595887, 0.0 ], [ 134.656205000060822, -5.462287443210893, 0.0 ], [ 134.656790902078569, -5.443960473097301, 0.0 ] ] ], [ [ [ 134.532459422364497, -5.428146343678789, 0.0 ], [ 134.5321235156878, -5.42844149937565, 0.0 ], [ 134.532116669148991, -5.428175761402158, 0.0 ], [ 134.532459422364497, -5.428146343678789, 0.0 ] ] ], [ [ [ 134.528358072267338, -5.426402700324288, 0.0 ], [ 134.528768529144372, -5.426618516930918, 0.0 ], [ 134.528655504148247, -5.426747007568248, 0.0 ], [ 134.528358072267338, -5.426402700324288, 0.0 ] ] ], [ [ [ 134.566594536908354, -5.425961110716652, 0.0 ], [ 134.566360214052651, -5.426462552904424, 0.0 ], [ 134.566338799396135, -5.42603424988071, 0.0 ], [ 134.566594536908354, -5.425961110716652, 0.0 ] ] ], [ [ [ 134.529604639642457, -5.425760705791908, 0.0 ], [ 134.529408333827632, -5.425970097641811, 0.0 ], [ 134.529338139943349, -5.425746429054427, 0.0 ], [ 134.529604639642457, -5.425760705791908, 0.0 ] ] ], [ [ [ 134.557378343036106, -5.426324320810653, 0.0 ], [ 134.562068430713538, -5.428024349743924, 0.0 ], [ 134.557133257993542, -5.428581953694137, 0.0 ], [ 134.557378343036106, -5.426324320810653, 0.0 ] ] ], [ [ [ 134.563126753796752, -5.424224300411121, 0.0 ], [ 134.563810135129614, -5.424001583306363, 0.0 ], [ 134.563558863650712, -5.42437658621047, 0.0 ], [ 134.563126753796752, -5.424224300411121, 0.0 ] ] ], [ [ [ 134.492934802099541, -5.422168043720247, 0.0 ], [ 134.478439369281546, -5.454262404985925, 0.0 ], [ 134.46251581215509, -5.46153473673863, 0.0 ], [ 134.466347986170717, -5.442480553234911, 0.0 ], [ 134.492934802099541, -5.422168043720247, 0.0 ] ] ], [ [ [ 134.564296637779677, -5.422487964048254, 0.0 ], [ 134.565492844019531, -5.422237224967911, 0.0 ], [ 134.565135434552786, -5.423158237762475, 0.0 ], [ 134.564296637779677, -5.422487964048254, 0.0 ] ] ], [ [ [ 134.571792852158438, -5.418644418105404, 0.0 ], [ 134.610742611382392, -5.434009837983548, 0.0 ], [ 134.608852630344671, -5.42304705457786, 0.0 ], [ 134.614627912847936, -5.421422426603665, 0.0 ], [ 134.646942812161171, -5.43940193734949, 0.0 ], [ 134.651341477227476, -5.46636668527423, 0.0 ], [ 134.64354860258598, -5.47155112578375, 0.0 ], [ 134.646949149683564, -5.475121222066707, 0.0 ], [ 134.652934842968705, -5.474945300285387, 0.0 ], [ 134.6550384561599, -5.484518117617013, 0.0 ], [ 134.651270654716939, -5.490886520096775, 0.0 ], [ 134.651720956956638, -5.495171554923298, 0.0 ], [ 134.656666821716499, -5.493390104069976, 0.0 ], [ 134.661434273572922, -5.496120657142604, 0.0 ], [ 134.666038530853598, -5.481161668775928, 0.0 ], [ 134.686185065088694, -5.510304121438007, 0.0 ], [ 134.705614128289483, -5.516367615972654, 0.0 ], [ 134.698640463186848, -5.524911482978538, 0.0 ], [ 134.700880666309757, -5.535577714040211, 0.0 ], [ 134.677397845134436, -5.535156208991835, 0.0 ], [ 134.675111719929987, -5.537458879923366, 0.0 ], [ 134.690070800926833, -5.558997166286143, 0.0 ], [ 134.681764258713656, -5.571493615737725, 0.0 ], [ 134.676263444802203, -5.572908853660667, 0.0 ], [ 134.675735880906245, -5.572423244936767, 0.0 ], [ 134.674403152183828, -5.57227460768697, 0.0 ], [ 134.673951054897287, -5.571807639211172, 0.0 ], [ 134.673498546620749, -5.572129416639164, 0.0 ], [ 134.671312504268741, -5.570936633218952, 0.0 ], [ 134.665335323966104, -5.561618787177184, 0.0 ], [ 134.659464301436373, -5.565103110620021, 0.0 ], [ 134.655380302858759, -5.570030042852085, 0.0 ], [ 134.655760422006011, -5.571834864387418, 0.0 ], [ 134.650877649184309, -5.566349463057278, 0.0 ], [ 134.64898193316975, -5.573561251550511, 0.0 ], [ 134.623479119565786, -5.581602380445431, 0.0 ], [ 134.610195135597166, -5.566087068763163, 0.0 ], [ 134.598784320739981, -5.56556835419613, 0.0 ], [ 134.595752922859248, -5.573239673771883, 0.0 ], [ 134.592823301254384, -5.566907585916318, 0.0 ], [ 134.572163205567534, -5.56981019818206, 0.0 ], [ 134.569083202028196, -5.560271859958358, 0.0 ], [ 134.552558636072263, -5.55741853413794, 0.0 ], [ 134.531189950156062, -5.56930304889656, 0.0 ], [ 134.52333308155653, -5.555389174370865, 0.0 ], [ 134.514074993666071, -5.561913661386323, 0.0 ], [ 134.50692945463075, -5.555235776110105, 0.0 ], [ 134.518342501605275, -5.516401863055513, 0.0 ], [ 134.500161262132565, -5.501198843651681, 0.0 ], [ 134.502514655726799, -5.498600449551087, 0.0 ], [ 134.502808652197615, -5.494480459205756, 0.0 ], [ 134.507577146368249, -5.490089959983616, 0.0 ], [ 134.526883959327279, -5.488305442442146, 0.0 ], [ 134.516084169049208, -5.47963869387054, 0.0 ], [ 134.511508573162132, -5.486368712845805, 0.0 ], [ 134.492024361734934, -5.486775103887868, 0.0 ], [ 134.504221988054411, -5.460315452096402, 0.0 ], [ 134.491648563830324, -5.430541719424723, 0.0 ], [ 134.507811221910401, -5.419565955204656, 0.0 ], [ 134.556399324869034, -5.44621868604345, 0.0 ], [ 134.555619281704594, -5.434764737902301, 0.0 ], [ 134.569191776279467, -5.438931609006462, 0.0 ], [ 134.564306012312755, -5.429080420025371, 0.0 ], [ 134.568087635436086, -5.427766387308867, 0.0 ], [ 134.571792852158438, -5.418644418105404, 0.0 ] ] ], [ [ [ 134.635545071647812, -5.417939831657818, 0.0 ], [ 134.640419765859576, -5.419793003444243, 0.0 ], [ 134.636384146311343, -5.420498750017248, 0.0 ], [ 134.635545071647812, -5.417939831657818, 0.0 ] ] ], [ [ [ 134.590909388357687, -5.416646254021344, 0.0 ], [ 134.60190786135874, -5.420700384315217, 0.0 ], [ 134.591423039741613, -5.420447450889102, 0.0 ], [ 134.590909388357687, -5.416646254021344, 0.0 ] ] ], [ [ [ 134.645487052585509, -5.413110187185381, 0.0 ], [ 134.651336393359941, -5.422241901442496, 0.0 ], [ 134.650628454239808, -5.424532759778947, 0.0 ], [ 134.643670967940892, -5.421868513720866, 0.0 ], [ 134.645487052585509, -5.413110187185381, 0.0 ] ] ], [ [ [ 134.678198299312129, -5.397523456742074, 0.0 ], [ 134.681152676554802, -5.400884893223149, 0.0 ], [ 134.677390888878421, -5.398806482633026, 0.0 ], [ 134.678198299312129, -5.397523456742074, 0.0 ] ] ], [ [ [ 134.566927337326774, -5.398286892126317, 0.0 ], [ 134.564384011413097, -5.398929619606267, 0.0 ], [ 134.565591210066373, -5.397039251859929, 0.0 ], [ 134.566927337326774, -5.398286892126317, 0.0 ] ] ], [ [ [ 134.627900909799223, -5.396728633219786, 0.0 ], [ 134.631035296241976, -5.40977986544842, 0.0 ], [ 134.624874836804395, -5.414155066303276, 0.0 ], [ 134.617620109280693, -5.406831503770863, 0.0 ], [ 134.627900909799223, -5.396728633219786, 0.0 ] ] ], [ [ [ 134.588451018699629, -5.393729238613413, 0.0 ], [ 134.592718325190646, -5.404900030711771, 0.0 ], [ 134.578009203561919, -5.401333669313305, 0.0 ], [ 134.588451018699629, -5.393729238613413, 0.0 ] ] ], [ [ [ 134.68369305089368, -5.392169191854705, 0.0 ], [ 134.686202770041831, -5.393567026097371, 0.0 ], [ 134.686264603828477, -5.39400100204455, 0.0 ], [ 134.68369305089368, -5.392169191854705, 0.0 ] ] ], [ [ [ 134.660431122998034, -5.388755788049141, 0.0 ], [ 134.669251075576824, -5.394630886306277, 0.0 ], [ 134.676426376775879, -5.406437427145486, 0.0 ], [ 134.651098355404883, -5.397057599828318, 0.0 ], [ 134.660431122998034, -5.388755788049141, 0.0 ] ] ], [ [ [ 134.615532071448001, -5.389989916001773, 0.0 ], [ 134.625366531240473, -5.392068222270633, 0.0 ], [ 134.622506453310251, -5.396456744782866, 0.0 ], [ 134.615532071448001, -5.389989916001773, 0.0 ] ] ], [ [ [ 134.671871425725755, -5.386940067629967, 0.0 ], [ 134.682177447731078, -5.393858943335576, 0.0 ], [ 134.669888696706039, -5.389153942200568, 0.0 ], [ 134.671871425725755, -5.386940067629967, 0.0 ] ] ], [ [ [ 134.609105027774831, -5.381339533292787, 0.0 ], [ 134.620260426177794, -5.397639847001282, 0.0 ], [ 134.610788831139757, -5.40808657423593, 0.0 ], [ 134.595415888432484, -5.401148554662053, 0.0 ], [ 134.593545895726663, -5.392671140360753, 0.0 ], [ 134.605301989095551, -5.386972645571023, 0.0 ], [ 134.609105027774831, -5.381339533292787, 0.0 ] ] ], [ [ [ 134.590292367099067, -5.386154220241028, 0.0 ], [ 134.604597712914114, -5.385594040632461, 0.0 ], [ 134.590022535411777, -5.391046098698452, 0.0 ], [ 134.590292367099067, -5.386154220241028, 0.0 ] ] ], [ [ [ 134.706879755896097, -5.374122779642469, 0.0 ], [ 134.699695973190671, -5.378657189277795, 0.0 ], [ 134.699991633407166, -5.37452108218213, 0.0 ], [ 134.706879755896097, -5.374122779642469, 0.0 ] ] ], [ [ [ 134.604503660016007, -5.373994924825868, 0.0 ], [ 134.610515061321024, -5.370696886951779, 0.0 ], [ 134.610139888445133, -5.375187292759235, 0.0 ], [ 134.604503660016007, -5.373994924825868, 0.0 ] ] ], [ [ [ 134.46807298298188, -5.368096098855871, 0.0 ], [ 134.476116136250823, -5.375865770089109, 0.0 ], [ 134.478465543150406, -5.377669944112621, 0.0 ], [ 134.46819116469058, -5.376965747071586, 0.0 ], [ 134.46807298298188, -5.368096098855871, 0.0 ] ] ], [ [ [ 134.578079970314491, -5.362089859659206, 0.0 ], [ 134.601377428625455, -5.358151966739814, 0.0 ], [ 134.603590698851662, -5.370395599677095, 0.0 ], [ 134.577210235963634, -5.393950648103888, 0.0 ], [ 134.562687516815487, -5.392796739677745, 0.0 ], [ 134.578079970314491, -5.362089859659206, 0.0 ] ] ], [ [ [ 134.58145406025676, -5.352403377913521, 0.0 ], [ 134.581025757232965, -5.352803128361642, 0.0 ], [ 134.581167334804775, -5.352261681631258, 0.0 ], [ 134.58145406025676, -5.352403377913521, 0.0 ] ] ], [ [ [ 134.581817006849349, -5.352046142015769, 0.0 ], [ 134.582974376766174, -5.352470638209343, 0.0 ], [ 134.581790357239186, -5.352523938329038, 0.0 ], [ 134.581817006849349, -5.352046142015769, 0.0 ] ] ], [ [ [ 134.593009903384399, -5.334783312699702, 0.0 ], [ 134.593412834734636, -5.334989142334993, 0.0 ], [ 134.592819545685558, -5.335278430854799, 0.0 ], [ 134.593009903384399, -5.334783312699702, 0.0 ] ] ], [ [ [ 134.592144135943215, -5.332752253213861, 0.0 ], [ 134.593531298830413, -5.333731693163094, 0.0 ], [ 134.593618896395014, -5.334761062572894, 0.0 ], [ 134.592144135943215, -5.332752253213861, 0.0 ] ] ], [ [ [ 134.525306300245575, -5.330098871865444, 0.0 ], [ 134.533493846863621, -5.331574853596591, 0.0 ], [ 134.53607532201849, -5.332822555916187, 0.0 ], [ 134.538273051060543, -5.334554803961015, 0.0 ], [ 134.539516319722424, -5.336455993249415, 0.0 ], [ 134.54096927790988, -5.337400043976785, 0.0 ], [ 134.541341069334976, -5.338414883939694, 0.0 ], [ 134.52797222803602, -5.330823141774558, 0.0 ], [ 134.511006702897134, -5.345643687606109, 0.0 ], [ 134.525306300245575, -5.330098871865444, 0.0 ] ] ], [ [ [ 134.559296337955715, -5.328896627577232, 0.0 ], [ 134.589620454820192, -5.329986188611694, 0.0 ], [ 134.597740419184987, -5.336445526040182, 0.0 ], [ 134.6025224175755, -5.351831605144389, 0.0 ], [ 134.580288449852105, -5.35162025816838, 0.0 ], [ 134.55645505225894, -5.386128329658638, 0.0 ], [ 134.557062374329092, -5.398442336344703, 0.0 ], [ 134.547514782081635, -5.398931426344137, 0.0 ], [ 134.542345910635277, -5.40969536065237, 0.0 ], [ 134.503560999840374, -5.387182305418995, 0.0 ], [ 134.507512256685374, -5.368438709079085, 0.0 ], [ 134.521725529909361, -5.360514778933893, 0.0 ], [ 134.529370405819719, -5.364372417253164, 0.0 ], [ 134.526492216442648, -5.355001708162258, 0.0 ], [ 134.544333606610735, -5.348815738555483, 0.0 ], [ 134.551529166837696, -5.353886943627532, 0.0 ], [ 134.547336967227295, -5.341735036142906, 0.0 ], [ 134.559296337955715, -5.328896627577232, 0.0 ] ] ] ] } },
{ "type": "Feature", "properties": { "KDPKAB": "81.08", "KDPPUM": "81", "WADMKK": "Maluku Barat Daya", "WADMPR": "Maluku", "METADATA": "TASWIL1000020230928_DATA_BATAS_KABUPATEN", "UPDATED": "Lapak GIS - 2024", "KPPN": "KPPN Saumlaki" }, "geometry": { "type": "MultiPolygon", "coordinates": [ [ [ [ 128.497162464975872, -8.319292640942582, 0.0 ], [ 128.500975731644814, -8.331670992322397, 0.0 ], [ 128.509221000348958, -8.343922999746649, 0.0 ], [ 128.495247863198415, -8.335233457857765, 0.0 ], [ 128.497162464975872, -8.319292640942582, 0.0 ] ] ], [ [ [ 129.032527618155143, -8.230961829424803, 0.0 ], [ 129.032324889382153, -8.230981816857312, 0.0 ], [ 129.032579014410118, -8.230707702598377, 0.0 ], [ 129.032527618155143, -8.230961829424803, 0.0 ] ] ], [ [ [ 129.823122410370985, -8.213617044890658, 0.0 ], [ 129.822572908413008, -8.213761904987908, 0.0 ], [ 129.822688634073273, -8.213463094446176, 0.0 ], [ 129.823122410370985, -8.213617044890658, 0.0 ] ] ], [ [ [ 129.819647594560962, -8.212143378014485, 0.0 ], [ 129.819804612592861, -8.212323016693794, 0.0 ], [ 129.819585196899425, -8.212142734099874, 0.0 ], [ 129.819647594560962, -8.212143378014485, 0.0 ] ] ], [ [ [ 129.812130788405142, -8.207280104293329, 0.0 ], [ 129.811536786193727, -8.207276104108878, 0.0 ], [ 129.812277802378759, -8.206826105840097, 0.0 ], [ 129.812130788405142, -8.207280104293329, 0.0 ] ] ], [ [ [ 128.193976200841036, -8.201581438632459, 0.0 ], [ 128.224343113743771, -8.216109199380011, 0.0 ], [ 128.232751999705101, -8.272682999720598, 0.0 ], [ 128.151051243020561, -8.278098136120065, 0.0 ], [ 128.079412195816246, -8.257557295033084, 0.0 ], [ 128.094797999727888, -8.219808000338862, 0.0 ], [ 128.092296788166294, -8.206416398098231, 0.0 ], [ 128.152441668648152, -8.21547028592498, 0.0 ], [ 128.193976200841036, -8.201581438632459, 0.0 ] ] ], [ [ [ 129.814334426892373, -8.199758660333849, 0.0 ], [ 129.814163106042514, -8.199730105959606, 0.0 ], [ 129.814475699593913, -8.199485309599268, 0.0 ], [ 129.814334426892373, -8.199758660333849, 0.0 ] ] ], [ [ [ 129.815416606291365, -8.198381917891133, 0.0 ], [ 129.815312384758812, -8.19829529069505, 0.0 ], [ 129.815903594575275, -8.197860728389887, 0.0 ], [ 129.815416606291365, -8.198381917891133, 0.0 ] ] ], [ [ [ 128.721831729850464, -8.197531045921007, 0.0 ], [ 128.721427921661274, -8.197779162578271, 0.0 ], [ 128.72159792140701, -8.197319162948951, 0.0 ], [ 128.721831729850464, -8.197531045921007, 0.0 ] ] ], [ [ [ 128.722470440058828, -8.197255559296561, 0.0 ], [ 128.722400440428032, -8.197515558695994, 0.0 ], [ 128.722130439668149, -8.197355557612855, 0.0 ], [ 128.722470440058828, -8.197255559296561, 0.0 ] ] ], [ [ [ 128.72551704097873, -8.1996726140998, 0.0 ], [ 128.728158242808689, -8.199708306393187, 0.0 ], [ 128.727358710436192, -8.200943542310561, 0.0 ], [ 128.72551704097873, -8.1996726140998, 0.0 ] ] ], [ [ [ 128.721312679836387, -8.196817179369269, 0.0 ], [ 128.720792679238798, -8.197167179321845, 0.0 ], [ 128.720902679814913, -8.196767180660807, 0.0 ], [ 128.721312679836387, -8.196817179369269, 0.0 ] ] ], [ [ [ 128.723512400876643, -8.193965499308291, 0.0 ], [ 128.723272400600905, -8.194055499861435, 0.0 ], [ 128.723502400415555, -8.193835501407225, 0.0 ], [ 128.723512400876643, -8.193965499308291, 0.0 ] ] ], [ [ [ 128.399451746101221, -8.192920356689086, 0.0 ], [ 128.399251745871425, -8.193130355581406, 0.0 ], [ 128.399221748085324, -8.192940356712057, 0.0 ], [ 128.399451746101221, -8.192920356689086, 0.0 ] ] ], [ [ [ 128.719503207906769, -8.192748105040941, 0.0 ], [ 128.719273307916865, -8.192731434308236, 0.0 ], [ 128.719457552923757, -8.192659457068245, 0.0 ], [ 128.719503207906769, -8.192748105040941, 0.0 ] ] ], [ [ [ 128.387878064920869, -8.192231339304872, 0.0 ], [ 128.38963053781913, -8.196774919327048, 0.0 ], [ 128.384201798274489, -8.196721380886967, 0.0 ], [ 128.387878064920869, -8.192231339304872, 0.0 ] ] ], [ [ [ 128.720797635402619, -8.193704649150195, 0.0 ], [ 128.71758060396175, -8.195498761558522, 0.0 ], [ 128.717152300938039, -8.191496508656897, 0.0 ], [ 128.720797635402619, -8.193704649150195, 0.0 ] ] ], [ [ [ 128.93970572543887, -8.188228651131251, 0.0 ], [ 128.939522506558546, -8.188361900980894, 0.0 ], [ 128.939439662810315, -8.188178184775357, 0.0 ], [ 128.93970572543887, -8.188228651131251, 0.0 ] ] ], [ [ [ 128.4074985146448, -8.187685362589363, 0.0 ], [ 128.410279999922125, -8.192450001366396, 0.0 ], [ 128.397269212004659, -8.192018360958535, 0.0 ], [ 128.4074985146448, -8.187685362589363, 0.0 ] ] ], [ [ [ 128.8706882442672, -8.182347061567601, 0.0 ], [ 128.925451539357169, -8.189354575353285, 0.0 ], [ 128.96497469282798, -8.185459626860219, 0.0 ], [ 128.996332574988401, -8.207011618891062, 0.0 ], [ 129.02798730806785, -8.21617880510777, 0.0 ], [ 129.031153607852701, -8.242139602060909, 0.0 ], [ 129.015414068204819, -8.261162203173082, 0.0 ], [ 128.979199998980818, -8.246119999638228, 0.0 ], [ 128.954050000207388, -8.224239999676168, 0.0 ], [ 128.933079999942152, -8.226619998813849, 0.0 ], [ 128.938159998585064, -8.245839999316456, 0.0 ], [ 128.906464589169502, -8.242291672922324, 0.0 ], [ 128.869323048220139, -8.230381043650219, 0.0 ], [ 128.825788277207266, -8.201914218366451, 0.0 ], [ 128.835936677735475, -8.191367257193143, 0.0 ], [ 128.8706882442672, -8.182347061567601, 0.0 ] ] ], [ [ [ 128.58607749228247, -8.163553007864959, 0.0 ], [ 128.587724079003124, -8.165580309083946, 0.0 ], [ 128.58529702913458, -8.164290640800402, 0.0 ], [ 128.58607749228247, -8.163553007864959, 0.0 ] ] ], [ [ [ 128.780643881609848, -8.16350795362915, 0.0 ], [ 128.78243683659079, -8.163766229927543, 0.0 ], [ 128.780095016371973, -8.164182912811118, 0.0 ], [ 128.780643881609848, -8.16350795362915, 0.0 ] ] ], [ [ [ 128.682169793900925, -8.166715990050903, 0.0 ], [ 128.720982373238058, -8.179670965142876, 0.0 ], [ 128.718570193659673, -8.18685396274013, 0.0 ], [ 128.69294875318252, -8.185739780066719, 0.0 ], [ 128.682169793900925, -8.166715990050903, 0.0 ] ] ], [ [ [ 128.7600896972817, -8.16128116119657, 0.0 ], [ 128.789170646208419, -8.163476513330341, 0.0 ], [ 128.798769025869888, -8.199303758061909, 0.0 ], [ 128.784456568216115, -8.200374515171731, 0.0 ], [ 128.781979549316787, -8.173973205998646, 0.0 ], [ 128.7600896972817, -8.16128116119657, 0.0 ] ] ], [ [ [ 128.727739471699351, -8.160494980159143, 0.0 ], [ 128.727529472806935, -8.160524978844634, 0.0 ], [ 128.727569471953586, -8.160354979998257, 0.0 ], [ 128.727739471699351, -8.160494980159143, 0.0 ] ] ], [ [ [ 128.746728166571671, -8.159067310008332, 0.0 ], [ 128.746692437406068, -8.159203904436634, 0.0 ], [ 128.746652023672027, -8.159137742212934, 0.0 ], [ 128.746728166571671, -8.159067310008332, 0.0 ] ] ], [ [ [ 128.74682779076997, -8.160866320124498, 0.0 ], [ 128.750793119307161, -8.159707245992536, 0.0 ], [ 128.751994770942048, -8.161685669058354, 0.0 ], [ 128.74682779076997, -8.160866320124498, 0.0 ] ] ], [ [ [ 128.728675306220424, -8.159244253419544, 0.0 ], [ 128.72754952319201, -8.158832308164481, 0.0 ], [ 128.728660434131797, -8.158444158970717, 0.0 ], [ 128.728675306220424, -8.159244253419544, 0.0 ] ] ], [ [ [ 128.722436912433636, -8.156122265929771, 0.0 ], [ 128.733233091034435, -8.156766408942566, 0.0 ], [ 128.740132706858958, -8.158614066086205, 0.0 ], [ 128.730450871910278, -8.159715544037098, 0.0 ], [ 128.731200158260748, -8.158106944679737, 0.0 ], [ 128.722436912433636, -8.156122265929771, 0.0 ] ] ], [ [ [ 127.69271403122768, -8.154356258234667, 0.0 ], [ 127.74623475193232, -8.176620653620219, 0.0 ], [ 127.75478409221212, -8.19058800633135, 0.0 ], [ 127.750596175173456, -8.206495651752892, 0.0 ], [ 127.728268542159526, -8.218247578562892, 0.0 ], [ 127.71749452015608, -8.212213654636429, 0.0 ], [ 127.659675361129104, -8.238109480967708, 0.0 ], [ 127.632946246372256, -8.237534011985019, 0.0 ], [ 127.630024814893318, -8.224351983257332, 0.0 ], [ 127.601320234041594, -8.216405653697905, 0.0 ], [ 127.646675467598811, -8.175030661235976, 0.0 ], [ 127.69271403122768, -8.154356258234667, 0.0 ] ] ], [ [ [ 128.696659373031679, -8.152105483581167, 0.0 ], [ 128.696883422032357, -8.152291785337589, 0.0 ], [ 128.696628915691917, -8.152156880735433, 0.0 ], [ 128.696659373031679, -8.152105483581167, 0.0 ] ] ], [ [ [ 128.698215099447367, -8.1501517882743, 0.0 ], [ 128.697805099425864, -8.150201790580152, 0.0 ], [ 128.697955099148544, -8.149981790327292, 0.0 ], [ 128.698215099447367, -8.1501517882743, 0.0 ] ] ], [ [ [ 128.679630114738046, -8.149431273034828, 0.0 ], [ 128.681806726799124, -8.149758649641896, 0.0 ], [ 128.68490894898892, -8.151572788153576, 0.0 ], [ 128.679630114738046, -8.149431273034828, 0.0 ] ] ], [ [ [ 128.693937813179531, -8.148378957422935, 0.0 ], [ 128.693635380168814, -8.148446652091295, 0.0 ], [ 128.693885848553151, -8.148299731647217, 0.0 ], [ 128.693937813179531, -8.148378957422935, 0.0 ] ] ], [ [ [ 129.919342688214527, -8.123389421984211, 0.0 ], [ 129.919145796940995, -8.123556606851849, 0.0 ], [ 129.919104672742492, -8.123203437688424, 0.0 ], [ 129.919342688214527, -8.123389421984211, 0.0 ] ] ], [ [ [ 129.924562907352282, -8.116464885945689, 0.0 ], [ 129.924058908392027, -8.116319869366411, 0.0 ], [ 129.92433990875989, -8.116216869113106, 0.0 ], [ 129.924562907352282, -8.116464885945689, 0.0 ] ] ], [ [ [ 127.790335323316526, -8.104789129914352, 0.0 ], [ 127.87475719558816, -8.116775503686462, 0.0 ], [ 127.903916523129055, -8.129870764024432, 0.0 ], [ 127.925913781196044, -8.127829608749408, 0.0 ], [ 127.935735895994867, -8.141476327070833, 0.0 ], [ 127.952932024393434, -8.14699958716119, 0.0 ], [ 127.996849295958327, -8.13993521283976, 0.0 ], [ 128.035406889616326, -8.147970120224883, 0.0 ], [ 128.089990038809333, -8.137011783966646, 0.0 ], [ 128.123170129098327, -8.151452254717722, 0.0 ], [ 128.126717498613687, -8.162851329824932, 0.0 ], [ 128.075319257977384, -8.19399420297005, 0.0 ], [ 128.070146667834507, -8.215336678145118, 0.0 ], [ 128.052249331741365, -8.229288567913056, 0.0 ], [ 128.04540726443372, -8.259459794633788, 0.0 ], [ 128.005797937924513, -8.25794853879394, 0.0 ], [ 127.960442704367296, -8.246975591250454, 0.0 ], [ 127.958384397222218, -8.233091377265183, 0.0 ], [ 127.943424835088109, -8.219937089924727, 0.0 ], [ 127.877290450893597, -8.217699970577179, 0.0 ], [ 127.802069724138505, -8.191491464359562, 0.0 ], [ 127.788324551636805, -8.173936001944853, 0.0 ], [ 127.783711188720403, -8.134549498660331, 0.0 ], [ 127.761977753970228, -8.115328336233656, 0.0 ], [ 127.766491841625268, -8.108002026272469, 0.0 ], [ 127.790335323316526, -8.104789129914352, 0.0 ] ] ], [ [ [ 129.925387811398423, -8.100431262592593, 0.0 ], [ 129.915935031976261, -8.130737159192485, 0.0 ], [ 129.880727787057793, -8.14791955404413, 0.0 ], [ 129.854502108285686, -8.193005750015274, 0.0 ], [ 129.832331710939798, -8.211876133676625, 0.0 ], [ 129.814598546985394, -8.211137241690363, 0.0 ], [ 129.813656279613696, -8.201343380892272, 0.0 ], [ 129.827975876985192, -8.188201618409856, 0.0 ], [ 129.848206053566599, -8.14183068243997, 0.0 ], [ 129.877215534269538, -8.119935555881135, 0.0 ], [ 129.896895402201153, -8.115507983006935, 0.0 ], [ 129.918102016794705, -8.092049851819176, 0.0 ], [ 129.925387811398423, -8.100431262592593, 0.0 ] ] ], [ [ [ 127.160987929849128, -8.01569788944601, 0.0 ], [ 127.202015785799972, -8.014509348127845, 0.0 ], [ 127.215446653340408, -8.034482543434578, 0.0 ], [ 127.213972577272713, -8.066176963595932, 0.0 ], [ 127.218601818619049, -8.081542333112139, 0.0 ], [ 127.232971384122152, -8.091600314902596, 0.0 ], [ 127.229297496182497, -8.104490617048281, 0.0 ], [ 127.174389054111685, -8.107391179759098, 0.0 ], [ 127.143732672824655, -8.097578876563798, 0.0 ], [ 127.148876472970841, -8.082992019566042, 0.0 ], [ 127.136066050408004, -8.037817952636388, 0.0 ], [ 127.160987929849128, -8.01569788944601, 0.0 ] ] ], [ [ [ 125.767080619175317, -7.99437312372067, 0.0 ], [ 125.767491076052337, -7.99420656118384, 0.0 ], [ 125.767788508832695, -7.994667582442875, 0.0 ], [ 125.767080619175317, -7.99437312372067, 0.0 ] ] ], [ [ [ 125.749400000809487, -7.983970000115352, 0.0 ], [ 125.748160001183138, -7.984630000873753, 0.0 ], [ 125.748262651600186, -7.984136087810149, 0.0 ], [ 125.749400000809487, -7.983970000115352, 0.0 ] ] ], [ [ [ 125.75784347199874, -7.979647234232416, 0.0 ], [ 125.755379999587348, -7.979680000131832, 0.0 ], [ 125.756259998799948, -7.97878999955877, 0.0 ], [ 125.75784347199874, -7.979647234232416, 0.0 ] ] ], [ [ [ 125.755705552369406, -7.973173007628168, 0.0 ], [ 125.754410000721037, -7.973250000387181, 0.0 ], [ 125.75401000026136, -7.971620000762395, 0.0 ], [ 125.755705552369406, -7.973173007628168, 0.0 ] ] ], [ [ [ 125.747340000240882, -7.966640001334983, 0.0 ], [ 125.753662759428835, -7.968961471694484, 0.0 ], [ 125.748554624596281, -7.975536279375798, 0.0 ], [ 125.755069998781437, -7.98672000012786, 0.0 ], [ 125.74607999969227, -7.981710001115586, 0.0 ], [ 125.747340000240882, -7.966640001334983, 0.0 ] ] ], [ [ [ 125.732939998981834, -7.966379999237531, 0.0 ], [ 125.746581290793955, -7.986710208309392, 0.0 ], [ 125.762209999791679, -7.997629999624748, 0.0 ], [ 125.763789999808722, -8.01523999872698, 0.0 ], [ 125.735348746747349, -8.059249102763815, 0.0 ], [ 125.728580001166151, -7.986849999827576, 0.0 ], [ 125.722520307166505, -7.981226686562318, 0.0 ], [ 125.732939998981834, -7.966379999237531, 0.0 ] ] ], [ [ [ 129.533719628058435, -7.860039514611898, 0.0 ], [ 129.547039612788041, -7.863969515980322, 0.0 ], [ 129.551029990141899, -7.88864886265486, 0.0 ], [ 129.565313894320838, -7.894124002720541, 0.0 ], [ 129.570289629163113, -7.908989514654311, 0.0 ], [ 129.542586316605281, -7.951040641712196, 0.0 ], [ 129.524289613175171, -7.942889515838462, 0.0 ], [ 129.515528628243686, -7.927589515343828, 0.0 ], [ 129.517339628121391, -7.881559515059492, 0.0 ], [ 129.52580861397638, -7.869139516075733, 0.0 ], [ 129.513659628389178, -7.844319515433255, 0.0 ], [ 129.527229612956376, -7.846599515355272, 0.0 ], [ 129.533719628058435, -7.860039514611898, 0.0 ] ] ], [ [ [ 129.678859613180606, -7.786469515055997, 0.0 ], [ 129.731799612861892, -7.796009515226902, 0.0 ], [ 129.776489613405033, -7.814449515732561, 0.0 ], [ 129.81864961328904, -7.81675951523935, 0.0 ], [ 129.8573296136708, -7.844119515203455, 0.0 ], [ 129.841529612601533, -7.85750951575153, 0.0 ], [ 129.842139612852804, -7.872019514888676, 0.0 ], [ 129.846759618161968, -7.8909795069986, 0.0 ], [ 129.866359612805894, -7.901339516205645, 0.0 ], [ 129.864359613205664, -7.9186095149171, 0.0 ], [ 129.825180614094165, -7.966299515310275, 0.0 ], [ 129.792398039438041, -8.043117686232186, 0.0 ], [ 129.753570612293913, -8.055034515430552, 0.0 ], [ 129.708226613067865, -8.041343516290205, 0.0 ], [ 129.672478612098331, -8.00948951592833, 0.0 ], [ 129.652229611807229, -7.970339514556882, 0.0 ], [ 129.632969613057355, -7.961449514683298, 0.0 ], [ 129.605681628104719, -7.92926754775907, 0.0 ], [ 129.603309416196623, -7.912189703591891, 0.0 ], [ 129.582277249395588, -7.898762857819611, 0.0 ], [ 129.594249611730163, -7.86735951582889, 0.0 ], [ 129.588839613157688, -7.847039514961621, 0.0 ], [ 129.596559613035794, -7.822630515286003, 0.0 ], [ 129.620839613057797, -7.801929515734488, 0.0 ], [ 129.678859613180606, -7.786469515055997, 0.0 ] ] ], [ [ [ 130.069139257670741, -7.753167952438992, 0.0 ], [ 130.092864774389909, -7.76227862076169, 0.0 ], [ 130.086499715589412, -7.787274858847652, 0.0 ], [ 130.078953135578757, -7.788948611389194, 0.0 ], [ 130.058822896159711, -7.767076606400262, 0.0 ], [ 130.029605583930561, -7.765976353326013, 0.0 ], [ 130.039717223770936, -7.753762674108059, 0.0 ], [ 130.069139257670741, -7.753167952438992, 0.0 ] ] ], [ [ [ 130.002665990043511, -7.696417168217699, 0.0 ], [ 130.014256865362086, -7.711834796438647, 0.0 ], [ 130.025574250551273, -7.74494151643779, 0.0 ], [ 130.000096171900879, -7.742002881827474, 0.0 ], [ 130.002135890958726, -7.731677715953803, 0.0 ], [ 129.991571083638632, -7.726695720031421, 0.0 ], [ 129.989810283018215, -7.70730430155229, 0.0 ], [ 130.002665990043511, -7.696417168217699, 0.0 ] ] ], [ [ [ 125.926500000174855, -7.660250000437133, 0.0 ], [ 125.930280000921329, -7.67284000006592, 0.0 ], [ 125.90977999894794, -7.677800000369731, 0.0 ], [ 125.908839999666242, -7.668309998907289, 0.0 ], [ 125.926500000174855, -7.660250000437133, 0.0 ] ] ], [ [ [ 127.429036361438961, -7.628738804552152, 0.0 ], [ 127.436954017913678, -7.631162882161195, 0.0 ], [ 127.437718420069118, -7.634678535286169, 0.0 ], [ 127.428254216558898, -7.636899045054849, 0.0 ], [ 127.429036361438961, -7.628738804552152, 0.0 ] ] ], [ [ [ 127.635160000433757, -7.58836000101322, 0.0 ], [ 127.635449670266141, -7.59075825458975, 0.0 ], [ 127.633711543353073, -7.589674588611287, 0.0 ], [ 127.635160000433757, -7.58836000101322, 0.0 ] ] ], [ [ [ 126.626290000783001, -7.556870001249542, 0.0 ], [ 126.636729999290111, -7.563950000392142, 0.0 ], [ 126.631399999910215, -7.584109999276992, 0.0 ], [ 126.63716999979566, -7.602879999712168, 0.0 ], [ 126.668360000113964, -7.621410000770882, 0.0 ], [ 126.687670000270344, -7.623380000786354, 0.0 ], [ 126.69552999941007, -7.640180001206057, 0.0 ], [ 126.712019999923058, -7.643789998609555, 0.0 ], [ 126.722849999328133, -7.667260000848301, 0.0 ], [ 126.758469999790677, -7.656250000337187, 0.0 ], [ 126.785009999711718, -7.661989999738664, 0.0 ], [ 126.811149999173153, -7.656380000036903, 0.0 ], [ 126.815860001437983, -7.662029999784607, 0.0 ], [ 126.808810000081507, -7.679289999833631, 0.0 ], [ 126.831529999210147, -7.701160000233712, 0.0 ], [ 126.842670000320339, -7.733949999692661, 0.0 ], [ 126.819949999392961, -7.754719999728169, 0.0 ], [ 126.804004818067966, -7.741440894581578, 0.0 ], [ 126.69585999933949, -7.750600000389677, 0.0 ], [ 126.659209999941567, -7.777720000077951, 0.0 ], [ 126.622559999644295, -7.782770000035447, 0.0 ], [ 126.59390000088446, -7.806459998929753, 0.0 ], [ 126.561790000408223, -7.81476999903619, 0.0 ], [ 126.549059999719276, -7.823470000040426, 0.0 ], [ 126.536820000942356, -7.851719999678223, 0.0 ], [ 126.521059999019826, -7.858689999144079, 0.0 ], [ 126.498520000098011, -7.906559999744171, 0.0 ], [ 126.503550000032547, -7.917960000253713, 0.0 ], [ 126.474540001320051, -7.97087999901274, 0.0 ], [ 126.463260000048962, -7.974050000407188, 0.0 ], [ 126.421054081680637, -7.930652396690689, 0.0 ], [ 126.368341194090902, -7.934708131375049, 0.0 ], [ 126.330040000745541, -7.91425000003743, 0.0 ], [ 126.225090001102799, -7.928359999614258, 0.0 ], [ 126.177359998864944, -7.925399999810149, 0.0 ], [ 126.131780000446696, -7.891330000678901, 0.0 ], [ 126.106680000381715, -7.894809999282052, 0.0 ], [ 126.071209999641866, -7.887569999955505, 0.0 ], [ 125.998224486570876, -7.906330817413191, 0.0 ], [ 125.983789999908566, -7.919279999072674, 0.0 ], [ 125.947999999700301, -7.915139998811841, 0.0 ], [ 125.925350000202457, -7.94236000131299, 0.0 ], [ 125.885630001323506, -7.952799999820107, 0.0 ], [ 125.869554651226309, -7.976882842369174, 0.0 ], [ 125.816540000620648, -7.995019999773127, 0.0 ], [ 125.806308024295959, -8.014622929804354, 0.0 ], [ 125.789272936596831, -8.007841759189809, 0.0 ], [ 125.792400202207659, -7.990298904370866, 0.0 ], [ 125.818489999713705, -7.958600000189779, 0.0 ], [ 125.826860000788415, -7.915920000607527, 0.0 ], [ 125.806590000428258, -7.861480001001179, 0.0 ], [ 125.81598139572489, -7.852211081676045, 0.0 ], [ 125.828931611604645, -7.853750593315193, 0.0 ], [ 125.828099998616125, -7.84498999868937, 0.0 ], [ 125.870619999813258, -7.815199999980019, 0.0 ], [ 125.875937611931363, -7.797068239407671, 0.0 ], [ 125.85760000014001, -7.78069000034323, 0.0 ], [ 125.862300001044304, -7.767670000669983, 0.0 ], [ 125.915279998972863, -7.744430000044459, 0.0 ], [ 125.911540000071, -7.73435999971415, 0.0 ], [ 125.947419999933146, -7.661980001076144, 0.0 ], [ 125.984239999976097, -7.655199999580268, 0.0 ], [ 125.997789998909383, -7.67903999999591, 0.0 ], [ 126.01332999967984, -7.673509998587561, 0.0 ], [ 126.033149999073288, -7.697759999024693, 0.0 ], [ 126.048159998784968, -7.693019999873022, 0.0 ], [ 126.066689999843689, -7.70584999977764, 0.0 ], [ 126.089690000193386, -7.702580000066898, 0.0 ], [ 126.143229999664868, -7.724990001087643, 0.0 ], [ 126.184729999689765, -7.727629998725475, 0.0 ], [ 126.236357498200007, -7.687883840366875, 0.0 ], [ 126.323469999940556, -7.695059998619928, 0.0 ], [ 126.334519998699051, -7.681460000078903, 0.0 ], [ 126.366990001387578, -7.666889999973473, 0.0 ], [ 126.380490000713024, -7.637129999050155, 0.0 ], [ 126.398449999767735, -7.636539999721118, 0.0 ], [ 126.407009999711818, -7.623979999677192, 0.0 ], [ 126.419250000287306, -7.634460000028901, 0.0 ], [ 126.439679999032847, -7.631150000272306, 0.0 ], [ 126.470757094864055, -7.589249343282559, 0.0 ], [ 126.499489999863599, -7.58898000082631, 0.0 ], [ 126.5363000012442, -7.571819999992949, 0.0 ], [ 126.594459999729267, -7.573059998719937, 0.0 ], [ 126.626290000783001, -7.556870001249542, 0.0 ] ] ], [ [ [ 127.588850017814138, -7.548491732707222, 0.0 ], [ 127.60510000006505, -7.592520000397655, 0.0 ], [ 127.615070155862995, -7.591158094970111, 0.0 ], [ 127.618199998930919, -7.597960000353669, 0.0 ], [ 127.598406031313402, -7.62100306294096, 0.0 ], [ 127.595651073338416, -7.587529900684301, 0.0 ], [ 127.582497732084718, -7.556226498553968, 0.0 ], [ 127.588850017814138, -7.548491732707222, 0.0 ] ] ], [ [ [ 127.55910999982666, -7.546020000023005, 0.0 ], [ 127.555138316680114, -7.547596251665637, 0.0 ], [ 127.554950000442233, -7.544479999152624, 0.0 ], [ 127.55910999982666, -7.546020000023005, 0.0 ] ] ], [ [ [ 127.547588514398555, -7.52923960032719, 0.0 ], [ 127.547710000216398, -7.532659999958983, 0.0 ], [ 127.544399999560341, -7.531909998647438, 0.0 ], [ 127.547588514398555, -7.52923960032719, 0.0 ] ] ], [ [ [ 129.674537394085547, -7.527373517873474, 0.0 ], [ 129.691261614032328, -7.551946499031618, 0.0 ], [ 129.725321576729471, -7.551373257669595, 0.0 ], [ 129.716699579322153, -7.571825082061848, 0.0 ], [ 129.691376166077248, -7.573306296048691, 0.0 ], [ 129.661790251418978, -7.554780021780497, 0.0 ], [ 129.665787745108446, -7.528444148178862, 0.0 ], [ 129.674537394085547, -7.527373517873474, 0.0 ] ] ], [ [ [ 127.535590000678098, -7.533370000325216, 0.0 ], [ 127.542330000329301, -7.530640001235049, 0.0 ], [ 127.545849999877674, -7.534379999237543, 0.0 ], [ 127.541840123423071, -7.54348438219841, 0.0 ], [ 127.535590000678098, -7.533370000325216, 0.0 ] ] ], [ [ [ 127.551395171050316, -7.518828992563868, 0.0 ], [ 127.554121929883166, -7.520605468367662, 0.0 ], [ 127.550913009427859, -7.521179314973362, 0.0 ], [ 127.551395171050316, -7.518828992563868, 0.0 ] ] ], [ [ [ 127.294366407683555, -7.510894169829977, 0.0 ], [ 127.299679999832165, -7.515980000576476, 0.0 ], [ 127.294332144413033, -7.530025988208759, 0.0 ], [ 127.274026140593904, -7.51952563529981, 0.0 ], [ 127.294366407683555, -7.510894169829977, 0.0 ] ] ], [ [ [ 127.392103024335114, -7.49875308208903, 0.0 ], [ 127.391753025281915, -7.499093081580347, 0.0 ], [ 127.391763024843812, -7.498633081051834, 0.0 ], [ 127.392103024335114, -7.49875308208903, 0.0 ] ] ], [ [ [ 127.392595001158398, -7.497410002169839, 0.0 ], [ 127.393405000740216, -7.497300001593813, 0.0 ], [ 127.393104998596897, -7.497680001131072, 0.0 ], [ 127.392595001158398, -7.497410002169839, 0.0 ] ] ], [ [ [ 127.387401826433219, -7.492927642596551, 0.0 ], [ 127.391265833751248, -7.498942604317697, 0.0 ], [ 127.38278542200969, -7.509753949984769, 0.0 ], [ 127.399484799084263, -7.511445849945967, 0.0 ], [ 127.395690000892856, -7.506320001167025, 0.0 ], [ 127.407070986137114, -7.496733075271126, 0.0 ], [ 127.411949998893419, -7.511040001195094, 0.0 ], [ 127.429313429071613, -7.510788437436381, 0.0 ], [ 127.44127000021038, -7.523949999392946, 0.0 ], [ 127.459875225961, -7.527538652286906, 0.0 ], [ 127.473765329606323, -7.513979293209764, 0.0 ], [ 127.486277626011699, -7.520526876614023, 0.0 ], [ 127.482867538006559, -7.5728469358374, 0.0 ], [ 127.469889999823735, -7.58961000110057, 0.0 ], [ 127.439865085605291, -7.601691277630333, 0.0 ], [ 127.408640000036016, -7.600510000136377, 0.0 ], [ 127.404949998943422, -7.626219999553355, 0.0 ], [ 127.386420000582547, -7.649219999903049, 0.0 ], [ 127.367140000011119, -7.654669999420864, 0.0 ], [ 127.339929999769794, -7.649209999441879, 0.0 ], [ 127.323259999949087, -7.628520001296994, 0.0 ], [ 127.32459000012841, -7.612120000437609, 0.0 ], [ 127.341299999995059, -7.594719999328418, 0.0 ], [ 127.369959999654256, -7.587600000139875, 0.0 ], [ 127.359620001262073, -7.569250001086639, 0.0 ], [ 127.355099999665342, -7.529080000341696, 0.0 ], [ 127.36539000024834, -7.500969999965505, 0.0 ], [ 127.387401826433219, -7.492927642596551, 0.0 ] ] ], [ [ [ 128.560118791648989, -7.35814905343604, 0.0 ], [ 128.559590000178474, -7.358213999776257, 0.0 ], [ 128.559969053628947, -7.357947510868871, 0.0 ], [ 128.560118791648989, -7.35814905343604, 0.0 ] ] ], [ [ [ 128.557233979664488, -7.354985794258954, 0.0 ], [ 128.557985320066564, -7.363457195692983, 0.0 ], [ 128.56340154284706, -7.357174897903177, 0.0 ], [ 128.568560214182668, -7.361648284940329, 0.0 ], [ 128.559294593570769, -7.38318716575506, 0.0 ], [ 128.549124776587178, -7.368886605232631, 0.0 ], [ 128.557233979664488, -7.354985794258954, 0.0 ] ] ], [ [ [ 128.564121508600834, -7.281412914174616, 0.0 ], [ 128.572719605625309, -7.293999929852805, 0.0 ], [ 128.560371477761549, -7.31610069718938, 0.0 ], [ 128.554322887691228, -7.298659248125786, 0.0 ], [ 128.564121508600834, -7.281412914174616, 0.0 ] ] ], [ [ [ 128.390985249569638, -7.216734744612711, 0.0 ], [ 128.396848878772715, -7.21698471657131, 0.0 ], [ 128.398200697404405, -7.218665446952758, 0.0 ], [ 128.396402707119222, -7.220134365408607, 0.0 ], [ 128.390985249569638, -7.216734744612711, 0.0 ] ] ], [ [ [ 128.400598272891983, -7.219295044330813, 0.0 ], [ 128.404911850401646, -7.218274217581015, 0.0 ], [ 128.402777859011053, -7.222340754921833, 0.0 ], [ 128.400598272891983, -7.219295044330813, 0.0 ] ] ], [ [ [ 128.570080000092048, -7.08877000113464, 0.0 ], [ 128.569520000347808, -7.089040000095873, 0.0 ], [ 128.569710000116515, -7.088659999659245, 0.0 ], [ 128.570080000092048, -7.08877000113464, 0.0 ] ] ], [ [ [ 128.612032285361693, -7.06304534996283, 0.0 ], [ 128.645440000355904, -7.080380000036949, 0.0 ], [ 128.652700000604597, -7.096949998843342, 0.0 ], [ 128.678029999584851, -7.094969999266069, 0.0 ], [ 128.699570000954878, -7.1067700002353, 0.0 ], [ 128.699200000979346, -7.126220000552567, 0.0 ], [ 128.686629998675585, -7.13805000110657, 0.0 ], [ 128.663940999177811, -7.144648077846475, 0.0 ], [ 128.655119998888949, -7.138520000297691, 0.0 ], [ 128.673600000339718, -7.165660000008937, 0.0 ], [ 128.689320000417752, -7.164760000773355, 0.0 ], [ 128.64754000007099, -7.217530000708886, 0.0 ], [ 128.623959999954053, -7.213090000103398, 0.0 ], [ 128.558890000273323, -7.160130000399149, 0.0 ], [ 128.544589999129215, -7.16336999962575, 0.0 ], [ 128.52464000093542, -7.143229998965221, 0.0 ], [ 128.541860587296384, -7.1064799356005, 0.0 ], [ 128.57309878228304, -7.0892802279001, 0.0 ], [ 128.594199999930112, -7.06605999886987, 0.0 ], [ 128.612032285361693, -7.06304534996283, 0.0 ] ] ] ] } },
{ "type": "Feature", "properties": { "KDPKAB": "81.09", "KDPPUM": "81", "WADMKK": "Buru Selatan", "WADMPR": "Maluku", "METADATA": "TASWIL1000020230928_DATA_BATAS_KABUPATEN", "UPDATED": "Lapak GIS - 2024", "KPPN": "KPPN Ambon" }, "geometry": { "type": "MultiPolygon", "coordinates": [ [ [ [ 126.733831279090282, -3.855634540701461, 0.0 ], [ 126.733399279853003, -3.858415397352635, 0.0 ], [ 126.731624456103873, -3.85645691405532, 0.0 ], [ 126.733831279090282, -3.855634540701461, 0.0 ] ] ], [ [ [ 127.196098434695031, -3.815605193924545, 0.0 ], [ 127.2358022349853, -3.838114834431996, 0.0 ], [ 127.235417274787437, -3.850335710025002, 0.0 ], [ 127.242340294568976, -3.853724108181014, 0.0 ], [ 127.237289533784974, -3.869801035689216, 0.0 ], [ 127.243931789720364, -3.875175468772765, 0.0 ], [ 127.226991701006199, -3.882269551298714, 0.0 ], [ 127.222814584825329, -3.905005597030689, 0.0 ], [ 127.213383629251069, -3.904649264951557, 0.0 ], [ 127.207588521193287, -3.890727170622357, 0.0 ], [ 127.164068100662377, -3.888680280370574, 0.0 ], [ 127.142076128810345, -3.852304051690572, 0.0 ], [ 127.163568047927157, -3.824172715798182, 0.0 ], [ 127.183166547897983, -3.825319453929568, 0.0 ], [ 127.196098434695031, -3.815605193924545, 0.0 ] ] ], [ [ [ 126.532174384740046, -3.798103944441403, 0.0 ], [ 126.53074667411974, -3.798520139892483, 0.0 ], [ 126.529756151825069, -3.798379459844162, 0.0 ], [ 126.532174384740046, -3.798103944441403, 0.0 ] ] ], [ [ [ 126.528904569390448, -3.797139866711399, 0.0 ], [ 126.527642705446539, -3.79760850612765, 0.0 ], [ 126.528762058322428, -3.796666065186718, 0.0 ], [ 126.528904569390448, -3.797139866711399, 0.0 ] ] ], [ [ [ 126.514219393110551, -3.791695996972669, 0.0 ], [ 126.513588703056243, -3.792024080446923, 0.0 ], [ 126.513801121124885, -3.791266595876655, 0.0 ], [ 126.514219393110551, -3.791695996972669, 0.0 ] ] ], [ [ [ 126.507087020149953, -3.786920649967909, 0.0 ], [ 126.507222966166978, -3.787223829416122, 0.0 ], [ 126.506668564702522, -3.786909272644737, 0.0 ], [ 126.507087020149953, -3.786920649967909, 0.0 ] ] ], [ [ [ 126.511213902, -3.786802633734501, 0.0 ], [ 126.510547561021241, -3.786935157831264, 0.0 ], [ 126.511182369071093, -3.786572063749707, 0.0 ], [ 126.511213902, -3.786802633734501, 0.0 ] ] ], [ [ [ 126.506222976709068, -3.786536283322819, 0.0 ], [ 126.505878200018941, -3.786791751038423, 0.0 ], [ 126.505825170595244, -3.786691045855031, 0.0 ], [ 126.506222976709068, -3.786536283322819, 0.0 ] ] ], [ [ [ 126.508827207409851, -3.782227409267483, 0.0 ], [ 126.508236085726793, -3.782441495578473, 0.0 ], [ 126.50810993872274, -3.781877364348832, 0.0 ], [ 126.508827207409851, -3.782227409267483, 0.0 ] ] ], [ [ [ 126.498488386230051, -3.780717973655515, 0.0 ], [ 126.498055534435466, -3.781168637422619, 0.0 ], [ 126.498124564596964, -3.780599423224798, 0.0 ], [ 126.498488386230051, -3.780717973655515, 0.0 ] ] ], [ [ [ 126.496021017955655, -3.779572570117987, 0.0 ], [ 126.495288279130833, -3.781462839838115, 0.0 ], [ 126.494280390028081, -3.779680505850605, 0.0 ], [ 126.496021017955655, -3.779572570117987, 0.0 ] ] ], [ [ [ 126.004750095940267, -3.284890657178055, 0.0 ], [ 126.011235087429412, -3.293655073922499, 0.0 ], [ 126.007944842180805, -3.297933580570225, 0.0 ], [ 126.007077298578594, -3.302970234588612, 0.0 ], [ 125.995206168429945, -3.298737173381808, 0.0 ], [ 125.996540954801233, -3.286615766404458, 0.0 ], [ 126.004750095940267, -3.284890657178055, 0.0 ] ] ], [ [ [ 126.006490992765194, -3.216174792432705, 0.0 ], [ 126.00599095172106, -3.241232673648911, 0.0 ], [ 125.997058922931046, -3.252319025702446, 0.0 ], [ 125.998308327667246, -3.22659350668493, 0.0 ], [ 126.006490992765194, -3.216174792432705, 0.0 ] ] ], [ [ [ 126.004234001997673, -3.205973647565743, 0.0 ], [ 126.010900778847969, -3.205144026575526, 0.0 ], [ 126.006225610923266, -3.209609543645422, 0.0 ], [ 126.004234001997673, -3.205973647565743, 0.0 ] ] ], [ [ [ 126.099017558913289, -3.112356534726215, 0.0 ], [ 126.124547643558913, -3.151134943422809, 0.0 ], [ 126.101856453312749, -3.1785472515544, 0.0 ], [ 126.105007312637412, -3.210028973058668, 0.0 ], [ 126.098266205021474, -3.220820647854586, 0.0 ], [ 126.102117390705075, -3.246336486339699, 0.0 ], [ 126.111506420784707, -3.256349206150924, 0.0 ], [ 126.10406546075248, -3.263116863552343, 0.0 ], [ 126.110273488930488, -3.275624053607176, 0.0 ], [ 126.148076220441368, -3.297798812665034, 0.0 ], [ 126.190723984724215, -3.289450459171286, 0.0 ], [ 126.210627394438802, -3.304946061311645, 0.0 ], [ 126.241391808585107, -3.289730929838511, 0.0 ], [ 126.246146115950495, -3.299089124863189, 0.0 ], [ 126.278331547063317, -3.302781787949163, 0.0 ], [ 126.289326941685118, -3.314068738281575, 0.0 ], [ 126.308073305238963, -3.317603224109503, 0.0 ], [ 126.330031092960638, -3.351041114056111, 0.0 ], [ 126.395658675907242, -3.370412602659448, 0.0 ], [ 126.432993743766332, -3.390251055241913, 0.0 ], [ 126.460887199984356, -3.427951964611411, 0.0 ], [ 126.465666715346771, -3.454394512196915, 0.0 ], [ 126.478544257011876, -3.473900780396624, 0.0 ], [ 126.513806808437465, -3.470352318204808, 0.0 ], [ 126.549309695586103, -3.449509134039255, 0.0 ], [ 126.596263058593337, -3.458119472635504, 0.0 ], [ 126.596974631873906, -3.478470152975158, 0.0 ], [ 126.618494069345886, -3.526215049784723, 0.0 ], [ 126.632511311947454, -3.526814259970104, 0.0 ], [ 126.642953460733636, -3.508632034840511, 0.0 ], [ 126.680453898628599, -3.534044059185939, 0.0 ], [ 126.695565893151553, -3.560681039298499, 0.0 ], [ 126.689000724403982, -3.577534704962629, 0.0 ], [ 126.705472537927363, -3.593491777123761, 0.0 ], [ 126.725592416257058, -3.655261782904942, 0.0 ], [ 126.748665137586045, -3.658595451918492, 0.0 ], [ 126.749696014259754, -3.670031821011646, 0.0 ], [ 126.7987527449433, -3.663874600932074, 0.0 ], [ 126.799505528757237, -3.641872598041898, 0.0 ], [ 126.813467465751074, -3.641745440199864, 0.0 ], [ 126.820780671690756, -3.656416330749026, 0.0 ], [ 126.846856461356666, -3.66085965884613, 0.0 ], [ 126.912090679041583, -3.645067550227202, 0.0 ], [ 126.930787265120216, -3.633475260274979, 0.0 ], [ 126.957537873673999, -3.638889019812355, 0.0 ], [ 126.976032032252533, -3.601959610947228, 0.0 ], [ 126.999794398692671, -3.598420586240961, 0.0 ], [ 127.037464632187067, -3.578165639632472, 0.0 ], [ 127.060621312423706, -3.539113576230493, 0.0 ], [ 127.103831147589446, -3.512323566579292, 0.0 ], [ 127.122152863863718, -3.521124315934435, 0.0 ], [ 127.15312854674508, -3.512984037683145, 0.0 ], [ 127.192622123312361, -3.568360629939063, 0.0 ], [ 127.19008010861026, -3.601000985806804, 0.0 ], [ 127.222457294968166, -3.614447443994331, 0.0 ], [ 127.220561557370075, -3.620840389872074, 0.0 ], [ 127.240160406277852, -3.623791052914685, 0.0 ], [ 127.23808541221203, -3.633478827885542, 0.0 ], [ 127.221177781829255, -3.661676093077196, 0.0 ], [ 127.192156037970761, -3.67562404471389, 0.0 ], [ 127.138378711008727, -3.660967224957437, 0.0 ], [ 127.116371363447712, -3.665360488695571, 0.0 ], [ 127.09318419259651, -3.682933313421602, 0.0 ], [ 127.05100210086627, -3.689159086122887, 0.0 ], [ 126.963321109781432, -3.752648458059829, 0.0 ], [ 126.954539633797097, -3.770676634718908, 0.0 ], [ 126.909228928372357, -3.778175354608917, 0.0 ], [ 126.892683933416862, -3.790872897865841, 0.0 ], [ 126.867616155161471, -3.784273636718963, 0.0 ], [ 126.811096309647084, -3.80454419555816, 0.0 ], [ 126.740953294558949, -3.857188068274711, 0.0 ], [ 126.721101122818567, -3.845775325270997, 0.0 ], [ 126.695690383604443, -3.861659444427781, 0.0 ], [ 126.684316103705328, -3.860534195596601, 0.0 ], [ 126.639082005230435, -3.823153145401273, 0.0 ], [ 126.620340211131904, -3.827755982652439, 0.0 ], [ 126.614497564910764, -3.81707751361631, 0.0 ], [ 126.606075285346151, -3.82005434872921, 0.0 ], [ 126.599008025100417, -3.808290699256281, 0.0 ], [ 126.592724720969201, -3.811320353351524, 0.0 ], [ 126.562192781571667, -3.792144425025137, 0.0 ], [ 126.515191290445699, -3.794653762860792, 0.0 ], [ 126.522260154182817, -3.781675704869849, 0.0 ], [ 126.502444181054202, -3.785322821790762, 0.0 ], [ 126.493935020684731, -3.771639246553951, 0.0 ], [ 126.455480424582021, -3.757188194379671, 0.0 ], [ 126.454530676649455, -3.746478312024395, 0.0 ], [ 126.444288987646729, -3.750631286804376, 0.0 ], [ 126.414123525580251, -3.732839085955034, 0.0 ], [ 126.395960223985213, -3.719149404321501, 0.0 ], [ 126.399707707045081, -3.709488051432411, 0.0 ], [ 126.385776135660223, -3.717977371858153, 0.0 ], [ 126.371802459815783, -3.70445553969139, 0.0 ], [ 126.348883762675584, -3.700872017429615, 0.0 ], [ 126.331968455679771, -3.677925120248096, 0.0 ], [ 126.280757021319602, -3.663717504659106, 0.0 ], [ 126.264936541788117, -3.640959977720717, 0.0 ], [ 126.232989771860531, -3.618541719124993, 0.0 ], [ 126.196904668115963, -3.623191789669347, 0.0 ], [ 126.181935000300058, -3.613012000103646, 0.0 ], [ 126.163323023338918, -3.581946553190887, 0.0 ], [ 126.164613624219484, -3.553679529386747, 0.0 ], [ 126.151452748445678, -3.525848434857329, 0.0 ], [ 126.125422647037567, -3.501843222686565, 0.0 ], [ 126.074338109716138, -3.477819102269722, 0.0 ], [ 126.046031200079938, -3.441687925357398, 0.0 ], [ 126.037932324816964, -3.421102618191243, 0.0 ], [ 126.040354893363627, -3.398085179087643, 0.0 ], [ 126.007207940394181, -3.358378034218815, 0.0 ], [ 126.018518336951743, -3.334597151637178, 0.0 ], [ 126.00771269298653, -3.319743862389293, 0.0 ], [ 126.014855232782764, -3.303708521331108, 0.0 ], [ 126.008066608587271, -3.299128248070174, 0.0 ], [ 126.013427198406589, -3.290090638871826, 0.0 ], [ 126.005156743289135, -3.262095051145655, 0.0 ], [ 126.008075957939141, -3.24543943418252, 0.0 ], [ 126.019274868240558, -3.24085873014617, 0.0 ], [ 126.011613532038922, -3.194037243723782, 0.0 ], [ 126.018073768789463, -3.173095132334394, 0.0 ], [ 126.065159834858576, -3.142517546047843, 0.0 ], [ 126.090063647819193, -3.112467179216852, 0.0 ], [ 126.099017558913289, -3.112356534726215, 0.0 ] ] ] ] } },
{ "type": "Feature", "properties": { "KDPKAB": "81.71", "KDPPUM": "81", "WADMKK": "Kota Ambon", "WADMPR": "Maluku", "METADATA": "TASWIL1000020230928_DATA_BATAS_KABUPATEN", "UPDATED": "Lapak GIS - 2024", "KPPN": "KPPN Ambon" }, "geometry": { "type": "MultiPolygon", "coordinates": [ [ [ [ 128.241972738751002, -3.575303031909341, 0.0 ], [ 128.269726200203991, -3.600071742416924, 0.0 ], [ 128.271170131896156, -3.618216118678921, 0.0 ], [ 128.259818558979418, -3.619360016751363, 0.0 ], [ 128.25695214082873, -3.630703120752424, 0.0 ], [ 128.295642481615317, -3.664461967945412, 0.0 ], [ 128.298489514879293, -3.694849630905741, 0.0 ], [ 128.270552175342686, -3.704102490137798, 0.0 ], [ 128.264305952058038, -3.729333678806215, 0.0 ], [ 128.241016355620332, -3.737771550816385, 0.0 ], [ 128.241356394681958, -3.744090584113094, 0.0 ], [ 128.160108014972934, -3.749345214010338, 0.0 ], [ 128.152603848788686, -3.770634504178963, 0.0 ], [ 128.089830514366781, -3.792685610052862, 0.0 ], [ 128.104412368436073, -3.771684638035635, 0.0 ], [ 128.129695560401814, -3.755770381697657, 0.0 ], [ 128.157254156753964, -3.704835506853124, 0.0 ], [ 128.171205092341268, -3.701982915778926, 0.0 ], [ 128.198561023772299, -3.663972101830984, 0.0 ], [ 128.244699036231651, -3.638696823899215, 0.0 ], [ 128.232644617954861, -3.628060178734207, 0.0 ], [ 128.195466819038529, -3.64099844622128, 0.0 ], [ 128.201587067988839, -3.659058803321072, 0.0 ], [ 128.158377570068865, -3.666163292801697, 0.0 ], [ 128.117215547859388, -3.686155641869318, 0.0 ], [ 128.085456422376041, -3.722262741232532, 0.0 ], [ 128.066503009706224, -3.693955219157965, 0.0 ], [ 128.070816462210018, -3.672553751154586, 0.0 ], [ 128.108695585732846, -3.647771185691598, 0.0 ], [ 128.161877869967867, -3.645351064200211, 0.0 ], [ 128.179753509916651, -3.640966622811328, 0.0 ], [ 128.187147676424189, -3.62779322307876, 0.0 ], [ 128.202602508698817, -3.630516605856629, 0.0 ], [ 128.213968547210726, -3.624568845975398, 0.0 ], [ 128.229045132726839, -3.584300909059637, 0.0 ], [ 128.241972738751002, -3.575303031909341, 0.0 ] ] ] ] } },
{ "type": "Feature", "properties": { "KDPKAB": "81.72", "KDPPUM": "81", "WADMKK": "Kota Tual", "WADMPR": "Maluku", "METADATA": "TASWIL1000020230928_DATA_BATAS_KABUPATEN", "UPDATED": "Lapak GIS - 2024", "KPPN": "KPPN Tual" }, "geometry": { "type": "MultiPolygon", "coordinates": [ [ [ [ 132.202798303798801, -5.752572711361451, 0.0 ], [ 132.202434247442625, -5.752901076323517, 0.0 ], [ 132.202469938836629, -5.752786862423668, 0.0 ], [ 132.202798303798801, -5.752572711361451, 0.0 ] ] ], [ [ [ 132.203850264178413, -5.750224687619169, 0.0 ], [ 132.203288115953796, -5.751289496612947, 0.0 ], [ 132.203537960208791, -5.749638746031297, 0.0 ], [ 132.203850264178413, -5.750224687619169, 0.0 ] ] ], [ [ [ 132.203785176644629, -5.747231140404788, 0.0 ], [ 132.203800404864836, -5.747421497204267, 0.0 ], [ 132.203465376825733, -5.747278729829456, 0.0 ], [ 132.203785176644629, -5.747231140404788, 0.0 ] ] ], [ [ [ 132.203574087773973, -5.743276127091494, 0.0 ], [ 132.203574087773973, -5.743723466065002, 0.0 ], [ 132.203259998650111, -5.743409376941137, 0.0 ], [ 132.203574087773973, -5.743276127091494, 0.0 ] ] ], [ [ [ 132.203440837924433, -5.740839558798497, 0.0 ], [ 132.203240962700335, -5.741029915598065, 0.0 ], [ 132.203155303174725, -5.740868112273549, 0.0 ], [ 132.203440837924433, -5.740839558798497, 0.0 ] ] ], [ [ [ 132.16978048987778, -5.740406251047573, 0.0 ], [ 132.169676270143782, -5.740496194943371, 0.0 ], [ 132.169709106190282, -5.740381981043522, 0.0 ], [ 132.16978048987778, -5.740406251047573, 0.0 ] ] ], [ [ [ 132.202812642589492, -5.737951580301174, 0.0 ], [ 132.203105924099219, -5.738305538169967, 0.0 ], [ 132.202688329302987, -5.73809138710775, 0.0 ], [ 132.202812642589492, -5.737951580301174, 0.0 ] ] ], [ [ [ 132.168116137050163, -5.738017622914952, 0.0 ], [ 132.167681452437137, -5.738113238834845, 0.0 ], [ 132.168042555419674, -5.737914785438906, 0.0 ], [ 132.168116137050163, -5.738017622914952, 0.0 ] ] ], [ [ [ 132.170227748811584, -5.73807621644418, 0.0 ], [ 132.169870806092916, -5.738250270333615, 0.0 ], [ 132.169933145298558, -5.737873511952944, 0.0 ], [ 132.170227748811584, -5.73807621644418, 0.0 ] ] ], [ [ [ 132.170719570951491, -5.735592056028497, 0.0 ], [ 132.170514344761216, -5.735759533175936, 0.0 ], [ 132.170543997207773, -5.735598765870335, 0.0 ], [ 132.170719570951491, -5.735592056028497, 0.0 ] ] ], [ [ [ 132.170346726420348, -5.735010389817567, 0.0 ], [ 132.170196965917313, -5.735111595923374, 0.0 ], [ 132.170160907599922, -5.735063042425351, 0.0 ], [ 132.170346726420348, -5.735010389817567, 0.0 ] ] ], [ [ [ 132.196868769578202, -5.717782286023602, 0.0 ], [ 132.196685855567864, -5.757786190080497, 0.0 ], [ 132.183192782820726, -5.767445207430359, 0.0 ], [ 132.17089903156517, -5.733928633999223, 0.0 ], [ 132.18210516162398, -5.720269636334566, 0.0 ], [ 132.196868769578202, -5.717782286023602, 0.0 ] ] ], [ [ [ 132.251928810366394, -5.699476680204522, 0.0 ], [ 132.237470751573909, -5.705477143055652, 0.0 ], [ 132.234839161698005, -5.706123632399666, 0.0 ], [ 132.242136404671442, -5.700736383077557, 0.0 ], [ 132.251928810366394, -5.699476680204522, 0.0 ] ] ], [ [ [ 132.265072947958259, -5.705188724180203, 0.0 ], [ 132.27560113038794, -5.695536836655694, 0.0 ], [ 132.26924578336633, -5.713261449855959, 0.0 ], [ 132.265072947958259, -5.705188724180203, 0.0 ] ] ], [ [ [ 132.749517219744007, -5.667584471246271, 0.0 ], [ 132.761816298583454, -5.669134288216763, 0.0 ], [ 132.758420806575003, -5.679810929830501, 0.0 ], [ 132.749517219744007, -5.667584471246271, 0.0 ] ] ], [ [ [ 132.288987053409869, -5.662614671030201, 0.0 ], [ 132.288806114310802, -5.662782974654571, 0.0 ], [ 132.28895128917074, -5.662617861824763, 0.0 ], [ 132.288987053409869, -5.662614671030201, 0.0 ] ] ], [ [ [ 132.290033416409045, -5.662241318382114, 0.0 ], [ 132.289422318085656, -5.662271674997824, 0.0 ], [ 132.290144453903537, -5.661840422197687, 0.0 ], [ 132.290033416409045, -5.662241318382114, 0.0 ] ] ], [ [ [ 131.933829329759845, -5.661914715191933, 0.0 ], [ 131.94062543901282, -5.670423639938952, 0.0 ], [ 131.935588975650717, -5.674460889058767, 0.0 ], [ 131.933829329759845, -5.661914715191933, 0.0 ] ] ], [ [ [ 132.260349023288882, -5.638143326753101, 0.0 ], [ 132.262486061582564, -5.639837310443489, 0.0 ], [ 132.26208304119956, -5.640149348213778, 0.0 ], [ 132.260349023288882, -5.638143326753101, 0.0 ] ] ], [ [ [ 132.260392321148743, -5.634171862141705, 0.0 ], [ 132.260304756859142, -5.634248005041335, 0.0 ], [ 132.260319985079263, -5.634074780326762, 0.0 ], [ 132.260392321148743, -5.634171862141705, 0.0 ] ] ], [ [ [ 132.247707593230814, -5.629612712156876, 0.0 ], [ 132.248184437162109, -5.629801165990926, 0.0 ], [ 132.247573390999264, -5.630025311219081, 0.0 ], [ 132.247707593230814, -5.629612712156876, 0.0 ] ] ], [ [ [ 132.716121131185332, -5.626019865724156, 0.0 ], [ 132.71576896296736, -5.625969217705133, 0.0 ], [ 132.71603157130005, -5.625723426694743, 0.0 ], [ 132.716121131185332, -5.626019865724156, 0.0 ] ] ], [ [ [ 132.725194933599397, -5.622532227380343, 0.0 ], [ 132.725020832945148, -5.631127977174336, 0.0 ], [ 132.736928656332481, -5.646132791395146, 0.0 ], [ 132.716019719134835, -5.629757889714763, 0.0 ], [ 132.714632978029613, -5.623324391607357, 0.0 ], [ 132.725194933599397, -5.622532227380343, 0.0 ] ] ], [ [ [ 132.247050433430843, -5.617346449578945, 0.0 ], [ 132.251922331650348, -5.625390810637291, 0.0 ], [ 132.246550314145821, -5.629253771144586, 0.0 ], [ 132.24167643921632, -5.622127499184674, 0.0 ], [ 132.247050433430843, -5.617346449578945, 0.0 ] ] ], [ [ [ 132.717774167843629, -5.613063316818571, 0.0 ], [ 132.71976236114412, -5.614392477031131, 0.0 ], [ 132.718463008960782, -5.615487571594072, 0.0 ], [ 132.717774167843629, -5.613063316818571, 0.0 ] ] ], [ [ [ 132.32684237007939, -5.599219260260639, 0.0 ], [ 132.336313874285906, -5.611758620863653, 0.0 ], [ 132.33088081619681, -5.619445087720613, 0.0 ], [ 132.319990257344557, -5.612676787303864, 0.0 ], [ 132.315513403420908, -5.612555519121879, 0.0 ], [ 132.313491201357948, -5.611005601427336, 0.0 ], [ 132.32684237007939, -5.599219260260639, 0.0 ] ] ], [ [ [ 132.726679565909279, -5.599671566189794, 0.0 ], [ 132.724690018229808, -5.600237845000481, 0.0 ], [ 132.724457225120915, -5.598706265381796, 0.0 ], [ 132.726679565909279, -5.599671566189794, 0.0 ] ] ], [ [ [ 132.25076961482597, -5.5957772777991, 0.0 ], [ 132.250057715990977, -5.595903700895003, 0.0 ], [ 132.250828285696855, -5.595603696053678, 0.0 ], [ 132.25076961482597, -5.5957772777991, 0.0 ] ] ], [ [ [ 132.249075930609791, -5.595076221190602, 0.0 ], [ 132.248688090782764, -5.595033565446598, 0.0 ], [ 132.249042211429014, -5.594909126255113, 0.0 ], [ 132.249075930609791, -5.595076221190602, 0.0 ] ] ], [ [ [ 132.247785086012982, -5.593510247000281, 0.0 ], [ 132.247932666559336, -5.593887009877533, 0.0 ], [ 132.247104176016933, -5.59374104631221, 0.0 ], [ 132.247785086012982, -5.593510247000281, 0.0 ] ] ], [ [ [ 132.244583700077783, -5.593530726361865, 0.0 ], [ 132.246143793601306, -5.593554349753375, 0.0 ], [ 132.246756584448889, -5.593730186099125, 0.0 ], [ 132.244583700077783, -5.593530726361865, 0.0 ] ] ], [ [ [ 132.24785395969252, -5.588260470744081, 0.0 ], [ 132.249559657951892, -5.58873853325668, 0.0 ], [ 132.247532559080355, -5.589667423213011, 0.0 ], [ 132.24785395969252, -5.588260470744081, 0.0 ] ] ], [ [ [ 132.250624930096507, -5.588097543266971, 0.0 ], [ 132.251810330082776, -5.586790955138436, 0.0 ], [ 132.253214027905102, -5.588733200276933, 0.0 ], [ 132.250624930096507, -5.588097543266971, 0.0 ] ] ], [ [ [ 132.010857753182762, -5.585725138004686, 0.0 ], [ 132.012079606288836, -5.587526627551735, 0.0 ], [ 132.01150706729743, -5.588164456424475, 0.0 ], [ 132.010857753182762, -5.585725138004686, 0.0 ] ] ], [ [ [ 132.261906967432708, -5.58105897409236, 0.0 ], [ 132.276137198273148, -5.583109727831629, 0.0 ], [ 132.283461208667831, -5.596362904624267, 0.0 ], [ 132.306787135018368, -5.590609305674902, 0.0 ], [ 132.299751249420694, -5.616032969046251, 0.0 ], [ 132.310399392418049, -5.611130555031067, 0.0 ], [ 132.319491753241863, -5.628670796420091, 0.0 ], [ 132.294546050759692, -5.655312678737071, 0.0 ], [ 132.283669822604338, -5.600198601284382, 0.0 ], [ 132.262136503197127, -5.600096039000916, 0.0 ], [ 132.25229795598591, -5.591963369913592, 0.0 ], [ 132.261906967432708, -5.58105897409236, 0.0 ] ] ], [ [ [ 132.751241576237845, -5.577456852951349, 0.0 ], [ 132.751174950863401, -5.577685280751047, 0.0 ], [ 132.751065496175755, -5.577566307638974, 0.0 ], [ 132.751241576237845, -5.577456852951349, 0.0 ] ] ], [ [ [ 132.669831125206343, -5.576449214759442, 0.0 ], [ 132.670941104448559, -5.578261656250375, 0.0 ], [ 132.667443630219395, -5.57898440001006, 0.0 ], [ 132.669831125206343, -5.576449214759442, 0.0 ] ] ], [ [ [ 132.676485330433707, -5.592394122690595, 0.0 ], [ 132.675847317199981, -5.577174535975952, 0.0 ], [ 132.680817600352043, -5.582488403317124, 0.0 ], [ 132.679514108589274, -5.589200924183294, 0.0 ], [ 132.676485330433707, -5.592394122690595, 0.0 ] ] ], [ [ [ 132.293518640972593, -5.575010050373467, 0.0 ], [ 132.293222439364172, -5.575232766578856, 0.0 ], [ 132.293339940286074, -5.57468811556399, 0.0 ], [ 132.293518640972593, -5.575010050373467, 0.0 ] ] ], [ [ [ 132.727564540171414, -5.573477586721224, 0.0 ], [ 132.733322268807683, -5.595828664161465, 0.0 ], [ 132.728397669416921, -5.587730481376577, 0.0 ], [ 132.718432710801039, -5.594134996133064, 0.0 ], [ 132.713465304580126, -5.586062200310308, 0.0 ], [ 132.727564540171414, -5.573477586721224, 0.0 ] ] ], [ [ [ 131.932457483226329, -5.576925350024879, 0.0 ], [ 131.926242729918158, -5.578471870080718, 0.0 ], [ 131.928860750823134, -5.573319345611231, 0.0 ], [ 131.932457483226329, -5.576925350024879, 0.0 ] ] ], [ [ [ 132.001854562837792, -5.572523177602554, 0.0 ], [ 132.006850377742836, -5.597112528220619, 0.0 ], [ 131.994615623812081, -5.590486416914579, 0.0 ], [ 132.001854562837792, -5.572523177602554, 0.0 ] ] ], [ [ [ 132.719897995995751, -5.552577973694532, 0.0 ], [ 132.722133119747696, -5.554834775604415, 0.0 ], [ 132.720503896237915, -5.556406994686983, 0.0 ], [ 132.719897995995751, -5.552577973694532, 0.0 ] ] ], [ [ [ 132.299846198942959, -5.535288670135933, 0.0 ], [ 132.299780752579807, -5.535850597127271, 0.0 ], [ 132.299443132694506, -5.535715075590256, 0.0 ], [ 132.299846198942959, -5.535288670135933, 0.0 ] ] ], [ [ [ 132.30417522680537, -5.528473661630144, 0.0 ], [ 132.304039998447251, -5.528601065886444, 0.0 ], [ 132.304067765914681, -5.528447975193877, 0.0 ], [ 132.30417522680537, -5.528473661630144, 0.0 ] ] ], [ [ [ 132.739176140366652, -5.528974998597284, 0.0 ], [ 132.750029281126444, -5.540870483286112, 0.0 ], [ 132.732987373868269, -5.553175009319204, 0.0 ], [ 132.720539189232198, -5.548274429921011, 0.0 ], [ 132.698623023933465, -5.552224361165318, 0.0 ], [ 132.686541566640017, -5.53902015425665, 0.0 ], [ 132.739176140366652, -5.528974998597284, 0.0 ] ] ], [ [ [ 132.300517966431016, -5.527707251288553, 0.0 ], [ 132.301471407879291, -5.528476182429801, 0.0 ], [ 132.30084018092964, -5.529903914633908, 0.0 ], [ 132.300517966431016, -5.527707251288553, 0.0 ] ] ], [ [ [ 132.303273535045719, -5.526642853285039, 0.0 ], [ 132.303599688574877, -5.526862077422904, 0.0 ], [ 132.303171106761283, -5.526986932101145, 0.0 ], [ 132.303273535045719, -5.526642853285039, 0.0 ] ] ], [ [ [ 132.300899425568076, -5.526825745711576, 0.0 ], [ 132.301805407993243, -5.526777688639387, 0.0 ], [ 132.3015592716431, -5.52711838600464, 0.0 ], [ 132.300899425568076, -5.526825745711576, 0.0 ] ] ], [ [ [ 132.302854358342046, -5.5242135182392, 0.0 ], [ 132.302586229970643, -5.524888884814131, 0.0 ], [ 132.302106835562114, -5.524451861963867, 0.0 ], [ 132.302854358342046, -5.5242135182392, 0.0 ] ] ], [ [ [ 132.795268610058315, -5.569409799322748, 0.0 ], [ 132.81467842506936, -5.541425996312625, 0.0 ], [ 132.816443087378616, -5.558133471782226, 0.0 ], [ 132.799307897041842, -5.608469793845908, 0.0 ], [ 132.816102670601822, -5.676213005825463, 0.0 ], [ 132.800678846951286, -5.698400625188675, 0.0 ], [ 132.792628382194152, -5.692517124565625, 0.0 ], [ 132.802508448406229, -5.678161050691858, 0.0 ], [ 132.79886371199072, -5.652309804653725, 0.0 ], [ 132.790590577792926, -5.677675021984622, 0.0 ], [ 132.773703540086331, -5.691328711850544, 0.0 ], [ 132.76355891221408, -5.666820918050845, 0.0 ], [ 132.757085165847826, -5.662777769378539, 0.0 ], [ 132.768786870917467, -5.654842893584603, 0.0 ], [ 132.767030716194654, -5.643539127728462, 0.0 ], [ 132.759000823429375, -5.639949069194098, 0.0 ], [ 132.760888164956867, -5.65728192062405, 0.0 ], [ 132.748583885338149, -5.654479688886553, 0.0 ], [ 132.749334591718139, -5.664682728624974, 0.0 ], [ 132.741037541849096, -5.637122096207729, 0.0 ], [ 132.751637583707605, -5.573679869430385, 0.0 ], [ 132.799820926994244, -5.522662085187039, 0.0 ], [ 132.795268610058315, -5.569409799322748, 0.0 ] ] ], [ [ [ 132.320268834039524, -5.522074181278373, 0.0 ], [ 132.330707979989342, -5.532728728348139, 0.0 ], [ 132.343570565029609, -5.528934176570902, 0.0 ], [ 132.347663136844375, -5.551428396403305, 0.0 ], [ 132.361389871445454, -5.551960806745785, 0.0 ], [ 132.377158705609844, -5.535696342711986, 0.0 ], [ 132.378557218840655, -5.553059584931911, 0.0 ], [ 132.355693606075022, -5.576744690614958, 0.0 ], [ 132.32484299370924, -5.580649728602064, 0.0 ], [ 132.316338210340206, -5.569654411322026, 0.0 ], [ 132.325652377255466, -5.562617198324985, 0.0 ], [ 132.302358091752552, -5.530477379927116, 0.0 ], [ 132.320268834039524, -5.522074181278373, 0.0 ] ] ], [ [ [ 132.750427564780324, -5.514546925899903, 0.0 ], [ 132.749405352175359, -5.514644280209317, 0.0 ], [ 132.750067356623248, -5.513291064031271, 0.0 ], [ 132.750427564780324, -5.514546925899903, 0.0 ] ] ], [ [ [ 132.321260214287548, -5.496992306149976, 0.0 ], [ 132.321036544800791, -5.497068448150325, 0.0 ], [ 132.321162655831927, -5.496892368088239, 0.0 ], [ 132.321260214287548, -5.496992306149976, 0.0 ] ] ], [ [ [ 132.737200106799548, -5.490690098269439, 0.0 ], [ 132.74375808996399, -5.496589632005814, 0.0 ], [ 132.73302555008911, -5.508106568663144, 0.0 ], [ 132.730794639660985, -5.496492533103917, 0.0 ], [ 132.737200106799548, -5.490690098269439, 0.0 ] ] ], [ [ [ 132.764188277567001, -5.475365086729304, 0.0 ], [ 132.759951527341144, -5.49625964916343, 0.0 ], [ 132.749140962285651, -5.504105877883862, 0.0 ], [ 132.745448500647854, -5.497344434797728, 0.0 ], [ 132.764188277567001, -5.475365086729304, 0.0 ] ] ], [ [ [ 132.735357106345447, -5.467457529641243, 0.0 ], [ 132.736894721314485, -5.468123836445819, 0.0 ], [ 132.734686114972305, -5.470613629315472, 0.0 ], [ 132.735357106345447, -5.467457529641243, 0.0 ] ] ], [ [ [ 132.731282287147906, -5.443811229704457, 0.0 ], [ 132.730448933971132, -5.444519604995683, 0.0 ], [ 132.730986574770668, -5.443148407772717, 0.0 ], [ 132.731282287147906, -5.443811229704457, 0.0 ] ] ], [ [ [ 132.70634086363998, -5.442089962381828, 0.0 ], [ 132.705971095689591, -5.442061408906866, 0.0 ], [ 132.706032486110416, -5.442002873833544, 0.0 ], [ 132.70634086363998, -5.442089962381828, 0.0 ] ] ], [ [ [ 132.706487317335927, -5.442046671716464, 0.0 ], [ 132.706413077401635, -5.442008124974932, 0.0 ], [ 132.706455907614071, -5.441995276360848, 0.0 ], [ 132.706487317335927, -5.442046671716464, 0.0 ] ] ], [ [ [ 132.704759448989364, -5.441567901437486, 0.0 ], [ 132.704608114672851, -5.441537919839127, 0.0 ], [ 132.704705197387057, -5.441466536151633, 0.0 ], [ 132.704759448989364, -5.441567901437486, 0.0 ] ] ], [ [ [ 132.703215024353995, -5.441121611073444, 0.0 ], [ 132.703164578682362, -5.441124466420958, 0.0 ], [ 132.70318646997967, -5.441053081834183, 0.0 ], [ 132.703215024353995, -5.441121611073444, 0.0 ] ] ], [ [ [ 132.700168098778761, -5.440503643728149, 0.0 ], [ 132.700014473888899, -5.440431387698278, 0.0 ], [ 132.70016411118479, -5.440423891849092, 0.0 ], [ 132.700168098778761, -5.440503643728149, 0.0 ] ] ], [ [ [ 132.702456349081359, -5.440636551835335, 0.0 ], [ 132.703213747316681, -5.440675901671436, 0.0 ], [ 132.703387437880025, -5.441125499741942, 0.0 ], [ 132.702456349081359, -5.440636551835335, 0.0 ] ] ], [ [ [ 132.702149441043957, -5.44044441168026, 0.0 ], [ 132.712732244697378, -5.447947317014971, 0.0 ], [ 132.699914212071377, -5.455590541770031, 0.0 ], [ 132.69777872870543, -5.448735881255899, 0.0 ], [ 132.702149441043957, -5.44044441168026, 0.0 ] ] ], [ [ [ 132.702013405993995, -5.439873054397885, 0.0 ], [ 132.706125829443494, -5.441278984337642, 0.0 ], [ 132.708190476809108, -5.441670505089728, 0.0 ], [ 132.705920218343522, -5.441951892166034, 0.0 ], [ 132.702013405993995, -5.439873054397885, 0.0 ] ] ], [ [ [ 132.700767468144306, -5.439661913366559, 0.0 ], [ 132.699785996626474, -5.439549888416621, 0.0 ], [ 132.700617561950963, -5.439003041257332, 0.0 ], [ 132.700767468144306, -5.439661913366559, 0.0 ] ] ], [ [ [ 132.701666904404163, -5.439580536412584, 0.0 ], [ 132.7018386991966, -5.438609194858461, 0.0 ], [ 132.702682840640648, -5.439574373358606, 0.0 ], [ 132.701666904404163, -5.439580536412584, 0.0 ] ] ], [ [ [ 132.72020670627461, -5.433772804571183, 0.0 ], [ 132.725913738328472, -5.447134313697592, 0.0 ], [ 132.722650369319126, -5.450873365613321, 0.0 ], [ 132.71425391738444, -5.439970056173119, 0.0 ], [ 132.72020670627461, -5.433772804571183, 0.0 ] ] ], [ [ [ 132.012120814124387, -5.304480728302944, 0.0 ], [ 132.024885249854464, -5.326295739656554, 0.0 ], [ 132.010743490719619, -5.365445553069818, 0.0 ], [ 131.971523091317664, -5.385482951876667, 0.0 ], [ 131.962060445433309, -5.368520277588721, 0.0 ], [ 131.973952712347909, -5.330357835245873, 0.0 ], [ 131.989245174725028, -5.310394965954827, 0.0 ], [ 132.012120814124387, -5.304480728302944, 0.0 ] ] ], [ [ [ 132.020483013580304, -5.153746701948661, 0.0 ], [ 132.024338586156887, -5.162498755712955, 0.0 ], [ 132.022506525955464, -5.185447305848426, 0.0 ], [ 132.010966154764333, -5.174008468116289, 0.0 ], [ 132.020483013580304, -5.153746701948661, 0.0 ] ] ], [ [ [ 132.016781675633837, -5.141049698284908, 0.0 ], [ 132.019326563669949, -5.138591362801106, 0.0 ], [ 132.019030032010392, -5.150476105088122, 0.0 ], [ 132.016781675633837, -5.141049698284908, 0.0 ] ] ], [ [ [ 132.015083018166791, -5.117493521208941, 0.0 ], [ 132.014961663649956, -5.117601851744061, 0.0 ], [ 132.014944053125646, -5.117481091679002, 0.0 ], [ 132.015083018166791, -5.117493521208941, 0.0 ] ] ], [ [ [ 132.00329072798479, -5.114669187732781, 0.0 ], [ 132.014797094909994, -5.117498143724289, 0.0 ], [ 132.014892066915451, -5.120667199031972, 0.0 ], [ 132.005580258921896, -5.120107703807422, 0.0 ], [ 132.00329072798479, -5.114669187732781, 0.0 ] ] ] ] } }
]
}
